G1_SCA_op	G1	800	11508	SCA	const	250	60	--lambda 0 --q 14.95556297837029 --t0 12.462969148641907 --t1 4.652841815492979 --steps 250	110000000	G1|SCA|original|primary,G1|SCA|extended|primary
G1_SCA_os	G1	800	11508	SCA	const	2000	240	--lambda 0 --q 14.95556297837029 --t0 12.462969148641907 --t1 4.652841815492979 --steps 2000	110050000	G1|SCA|original|secondary
G1_SCA_es	G1	None	11508	SCA	const	1000	240	--lambda 0 --q 17.44815680809867 --t0 15.578711435802385 --t1 4.652841815492979 --steps 1000	110150000	G1|SCA|extended|secondary
G1_TEC_op	G1	800	11508	TEC	const	250	60	--tec-jv -1.2462969148641907 --q 14.95556297837029 --t0 12.462969148641907 --t1 4.652841815492979 --steps 250	110200000	G1|TEC|original|primary
G1_TEC_os	G1	800	11508	TEC	const	1000	240	--tec-jv -0.6231484574320953 --q 14.95556297837029 --t0 12.462969148641907 --t1 4.652841815492979 --steps 1000	110250000	G1|TEC|original|secondary
G1_TEC_ep	G1	None	11508	TEC	const	250	60	--tec-jv -4.985187659456763 --q 14.95556297837029 --t0 7.789355717901192 --t1 4.652841815492979 --steps 250	110300000	G1|TEC|extended|primary
G1_TEC_es	G1	None	11508	TEC	const	1000	240	--tec-jv -4.985187659456763 --q 14.95556297837029 --t0 7.789355717901192 --t1 4.652841815492979 --steps 1000	110350000	G1|TEC|extended|secondary
G1_OnsagerkT_op	G1	800	11508	Onsager-kT	const	250	60	--tecT 0.5 --ramp --q 14.95556297837029 --t0 9.347226861481431 --t1 4.652841815492979 --steps 250	110400000	G1|Onsager-kT|original|primary
G1_OnsagerkT_os	G1	800	11508	Onsager-kT	const	500	240	--tecT 0.5 --ramp --q 14.95556297837029 --t0 9.347226861481431 --t1 4.652841815492979 --steps 500	110450000	G1|Onsager-kT|original|secondary
G1_OnsagerkT_ep	G1	None	11508	Onsager-kT	const	250	60	--tecT 1.0 --ramp --q 14.95556297837029 --t0 7.789355717901192 --t1 4.652841815492979 --steps 250	110500000	G1|Onsager-kT|extended|primary
G1_OnsagerkT_es	G1	None	11508	Onsager-kT	const	500	240	--tecT 2.0 --ramp --q 19.94075063782705 --t0 7.789355717901192 --t1 4.652841815492979 --steps 500	110550000	G1|Onsager-kT|extended|secondary
G1_Onsageronline_op	G1	800	11508	Onsager-online	ons	250	60	--lambda 0.014988744372186093 --ramp --q 14.95556297837029 --t0 12.462969148641907 --t1 4.652841815492979 --steps 250	110600000	G1|Onsager-online|original|primary,G1|Onsager-online|extended|primary
G1_Onsageronline_os	G1	800	11508	Onsager-online	ons	1000	120	--lambda 0.014988744372186093 --ramp --q 14.95556297837029 --t0 12.462969148641907 --t1 4.652841815492979 --steps 1000	110650000	G1|Onsager-online|original|secondary,G1|Onsager-online|extended|secondary
G2_SCA_op	G2	800	11504	SCA	const	250	60	--lambda 0 --q 14.95556297837029 --t0 12.462969148641907 --t1 4.652841815492979 --steps 250	110800000	G2|SCA|original|primary,G2|SCA|extended|primary
G2_SCA_os	G2	800	11504	SCA	const	1000	240	--lambda 0 --q 14.95556297837029 --t0 12.462969148641907 --t1 4.652841815492979 --steps 1000	110850000	G2|SCA|original|secondary,G2|SCA|extended|secondary
G2_TEC_op	G2	800	11504	TEC	const	250	60	--tec-jv -0.6231484574320953 --q 14.95556297837029 --t0 12.462969148641907 --t1 4.652841815492979 --steps 250	111000000	G2|TEC|original|primary
G2_TEC_os	G2	800	11504	TEC	const	1000	240	--tec-jv -2.4925938297283814 --q 14.95556297837029 --t0 9.347226861481431 --t1 4.652841815492979 --steps 1000	111050000	G2|TEC|original|secondary
G2_TEC_ep	G2	None	11504	TEC	const	250	60	--tec-jv -4.985187659456763 --q 14.95556297837029 --t0 7.789355717901192 --t1 4.652841815492979 --steps 250	111100000	G2|TEC|extended|primary
G2_TEC_es	G2	None	11504	TEC	const	500	240	--tec-jv -4.985187659456763 --q 14.95556297837029 --t0 7.789355717901192 --t1 4.652841815492979 --steps 500	111150000	G2|TEC|extended|secondary
G2_OnsagerkT_op	G2	800	11504	Onsager-kT	const	250	60	--tecT 0.5 --ramp --q 14.95556297837029 --t0 9.347226861481431 --t1 4.652841815492979 --steps 250	111200000	G2|Onsager-kT|original|primary
G2_OnsagerkT_os	G2	800	11504	Onsager-kT	const	500	240	--tecT 0.5 --ramp --q 14.95556297837029 --t0 9.347226861481431 --t1 4.652841815492979 --steps 500	111250000	G2|Onsager-kT|original|secondary
G2_OnsagerkT_ep	G2	None	11504	Onsager-kT	const	250	60	--tecT 1.0 --ramp --q 14.95556297837029 --t0 7.789355717901192 --t1 4.652841815492979 --steps 250	111300000	G2|Onsager-kT|extended|primary
G2_OnsagerkT_es	G2	None	11504	Onsager-kT	const	500	240	--tecT 1.0 --ramp --q 14.95556297837029 --t0 7.789355717901192 --t1 4.652841815492979 --steps 500	111350000	G2|Onsager-kT|extended|secondary
G2_Onsageronline_op	G2	800	11504	Onsager-online	ons	250	60	--lambda 0.007494372186093046 --ramp --q 14.95556297837029 --t0 12.462969148641907 --t1 4.652841815492979 --steps 250	111400000	G2|Onsager-online|original|primary,G2|Onsager-online|extended|primary
G2_Onsageronline_os	G2	800	11504	Onsager-online	ons	500	120	--lambda 0.029977488744372185 --ramp --q 14.95556297837029 --t0 12.462969148641907 --t1 4.652841815492979 --steps 500	111450000	G2|Onsager-online|original|secondary,G2|Onsager-online|extended|secondary
G3_SCA_op	G3	800	11506	SCA	const	250	60	--lambda 0 --q 14.95556297837029 --t0 12.462969148641907 --t1 4.652841815492979 --steps 250	111600000	G3|SCA|original|primary,G3|SCA|extended|primary
G3_SCA_os	G3	800	11506	SCA	const	1000	240	--lambda 0 --q 14.95556297837029 --t0 12.462969148641907 --t1 4.652841815492979 --steps 1000	111650000	G3|SCA|original|secondary,G3|SCA|extended|secondary
G3_TEC_op	G3	800	11506	TEC	const	250	60	--tec-jv -1.2462969148641907 --q 14.95556297837029 --t0 12.462969148641907 --t1 4.652841815492979 --steps 250	111800000	G3|TEC|original|primary
G3_TEC_os	G3	800	11506	TEC	const	1000	240	--tec-jv 0.6231484574320953 --q 14.95556297837029 --t0 12.462969148641907 --t1 4.652841815492979 --steps 1000	111850000	G3|TEC|original|secondary
G3_TEC_ep	G3	None	11506	TEC	const	250	60	--tec-jv -4.985187659456763 --q 14.95556297837029 --t0 7.789355717901192 --t1 4.652841815492979 --steps 250	111900000	G3|TEC|extended|primary
G3_TEC_es	G3	None	11506	TEC	const	1000	240	--tec-jv -4.985187659456763 --q 14.95556297837029 --t0 7.789355717901192 --t1 4.652841815492979 --steps 1000	111950000	G3|TEC|extended|secondary
G3_OnsagerkT_op	G3	800	11506	Onsager-kT	const	250	60	--tecT 0.5 --ramp --q 14.95556297837029 --t0 9.347226861481431 --t1 4.652841815492979 --steps 250	112000000	G3|Onsager-kT|original|primary
G3_OnsagerkT_os	G3	800	11506	Onsager-kT	const	500	240	--tecT 0.5 --ramp --q 14.95556297837029 --t0 9.347226861481431 --t1 4.652841815492979 --steps 500	112050000	G3|Onsager-kT|original|secondary
G3_OnsagerkT_ep	G3	None	11506	Onsager-kT	const	250	60	--tecT 2.0 --ramp --q 19.94075063782705 --t0 7.789355717901192 --t1 4.652841815492979 --steps 250	112100000	G3|Onsager-kT|extended|primary
G3_OnsagerkT_es	G3	None	11506	Onsager-kT	const	500	240	--tecT 1.0 --ramp --q 14.95556297837029 --t0 7.789355717901192 --t1 4.652841815492979 --steps 500	112150000	G3|Onsager-kT|extended|secondary
G3_Onsageronline_op	G3	800	11506	Onsager-online	ons	250	60	--lambda 0.029977488744372185 --ramp --q 14.95556297837029 --t0 12.462969148641907 --t1 4.652841815492979 --steps 250	112200000	G3|Onsager-online|original|primary,G3|Onsager-online|extended|primary
G3_Onsageronline_os	G3	800	11506	Onsager-online	ons	1000	120	--lambda 0.014988744372186093 --ramp --q 14.95556297837029 --t0 12.462969148641907 --t1 4.652841815492979 --steps 1000	112250000	G3|Onsager-online|original|secondary,G3|Onsager-online|extended|secondary
G4_SCA_op	G4	800	11530	SCA	const	250	60	--lambda 0 --q 14.95556297837029 --t0 12.462969148641907 --t1 4.652841815492979 --steps 250	112400000	G4|SCA|original|primary,G4|SCA|extended|primary
G4_SCA_os	G4	800	11530	SCA	const	1000	240	--lambda 0 --q 14.95556297837029 --t0 12.462969148641907 --t1 4.652841815492979 --steps 1000	112450000	G4|SCA|original|secondary,G4|SCA|extended|secondary
G4_TEC_op	G4	800	11530	TEC	const	250	60	--tec-jv -0.6231484574320953 --q 14.95556297837029 --t0 12.462969148641907 --t1 4.652841815492979 --steps 250	112600000	G4|TEC|original|primary
G4_TEC_os	G4	800	11530	TEC	const	1000	240	--tec-jv -0.6231484574320953 --q 14.95556297837029 --t0 12.462969148641907 --t1 4.652841815492979 --steps 1000	112650000	G4|TEC|original|secondary,G4|TEC|extended|secondary
G4_TEC_ep	G4	None	11530	TEC	const	250	60	--tec-jv -4.985187659456763 --q 14.95556297837029 --t0 7.789355717901192 --t1 4.652841815492979 --steps 250	112700000	G4|TEC|extended|primary
G4_OnsagerkT_op	G4	800	11530	Onsager-kT	const	250	60	--tecT 0.5 --ramp --q 14.95556297837029 --t0 9.347226861481431 --t1 4.652841815492979 --steps 250	112800000	G4|Onsager-kT|original|primary
G4_OnsagerkT_os	G4	800	11530	Onsager-kT	const	1000	240	--tecT 0.5 --ramp --q 14.95556297837029 --t0 9.347226861481431 --t1 4.652841815492979 --steps 1000	112850000	G4|Onsager-kT|original|secondary
G4_OnsagerkT_ep	G4	None	11530	Onsager-kT	const	250	60	--tecT 1.0 --ramp --q 14.95556297837029 --t0 7.789355717901192 --t1 4.652841815492979 --steps 250	112900000	G4|Onsager-kT|extended|primary
G4_OnsagerkT_es	G4	None	11530	Onsager-kT	const	500	240	--tecT 1.0 --ramp --q 14.95556297837029 --t0 7.789355717901192 --t1 4.652841815492979 --steps 500	112950000	G4|Onsager-kT|extended|secondary
G4_Onsageronline_op	G4	800	11530	Onsager-online	ons	250	60	--lambda 0.007494372186093046 --ramp --q 14.95556297837029 --t0 12.462969148641907 --t1 4.652841815492979 --steps 250	113000000	G4|Onsager-online|original|primary,G4|Onsager-online|extended|primary
G4_Onsageronline_os	G4	800	11530	Onsager-online	ons	1000	120	--lambda 0.007494372186093046 --ramp --q 14.95556297837029 --t0 12.462969148641907 --t1 4.652841815492979 --steps 1000	113050000	G4|Onsager-online|original|secondary,G4|Onsager-online|extended|secondary
G5_SCA_op	G5	800	11515	SCA	const	250	60	--lambda 0 --q 14.95556297837029 --t0 12.462969148641907 --t1 4.652841815492979 --steps 250	113200000	G5|SCA|original|primary,G5|SCA|extended|primary
G5_SCA_os	G5	800	11515	SCA	const	1000	240	--lambda 0 --q 14.95556297837029 --t0 12.462969148641907 --t1 4.652841815492979 --steps 1000	113250000	G5|SCA|original|secondary,G5|SCA|extended|secondary
G5_TEC_op	G5	800	11515	TEC	const	250	60	--tec-jv -1.2462969148641907 --q 14.95556297837029 --t0 12.462969148641907 --t1 4.652841815492979 --steps 250	113400000	G5|TEC|original|primary
G5_TEC_os	G5	800	11515	TEC	const	500	240	--tec-jv -0.6231484574320953 --q 14.95556297837029 --t0 12.462969148641907 --t1 4.652841815492979 --steps 500	113450000	G5|TEC|original|secondary
G5_TEC_ep	G5	None	11515	TEC	const	250	60	--tec-jv -4.985187659456763 --q 14.95556297837029 --t0 7.789355717901192 --t1 4.652841815492979 --steps 250	113500000	G5|TEC|extended|primary
G5_TEC_es	G5	None	11515	TEC	const	1000	240	--tec-jv -4.985187659456763 --q 14.95556297837029 --t0 7.789355717901192 --t1 4.652841815492979 --steps 1000	113550000	G5|TEC|extended|secondary
G5_OnsagerkT_op	G5	800	11515	Onsager-kT	const	250	60	--tecT 0.5 --ramp --q 14.95556297837029 --t0 9.347226861481431 --t1 4.652841815492979 --steps 250	113600000	G5|Onsager-kT|original|primary
G5_OnsagerkT_os	G5	800	11515	Onsager-kT	const	500	240	--tecT 0.5 --ramp --q 14.95556297837029 --t0 9.347226861481431 --t1 4.652841815492979 --steps 500	113650000	G5|Onsager-kT|original|secondary
G5_OnsagerkT_ep	G5	None	11515	Onsager-kT	const	250	60	--tecT 1.0 --ramp --q 14.95556297837029 --t0 7.789355717901192 --t1 4.652841815492979 --steps 250	113700000	G5|Onsager-kT|extended|primary
G5_OnsagerkT_es	G5	None	11515	Onsager-kT	const	500	240	--tecT 1.0 --ramp --q 14.95556297837029 --t0 7.789355717901192 --t1 4.652841815492979 --steps 500	113750000	G5|Onsager-kT|extended|secondary
G5_Onsageronline_op	G5	800	11515	Onsager-online	ons	250	60	--lambda 0.014988744372186093 --ramp --q 14.95556297837029 --t0 12.462969148641907 --t1 4.652841815492979 --steps 250	113800000	G5|Onsager-online|original|primary,G5|Onsager-online|extended|primary
G5_Onsageronline_os	G5	800	11515	Onsager-online	ons	1000	120	--lambda 0.029977488744372185 --ramp --q 14.95556297837029 --t0 12.462969148641907 --t1 4.652841815492979 --steps 1000	113850000	G5|Onsager-online|original|secondary,G5|Onsager-online|extended|secondary
G6_SCA_op	G6	800	2157	SCA	const	250	60	--lambda 0 --q 0.6231484574320953 --t0 6.2314845743209535 --t1 0.7754736359154965 --steps 250	114000000	G6|SCA|original|primary,G6|SCA|extended|primary
G6_SCA_os	G6	800	2157	SCA	const	2000	240	--lambda 0 --q 0.6231484574320953 --t0 6.2314845743209535 --t1 0.7754736359154965 --steps 2000	114050000	G6|SCA|original|secondary,G6|SCA|extended|secondary
G6_TEC_op	G6	800	2157	TEC	const	250	60	--tec-jv -0.3115742287160477 --q 0.6231484574320953 --t0 6.2314845743209535 --t1 0.7754736359154965 --steps 250	114200000	G6|TEC|original|primary,G6|TEC|extended|primary
G6_TEC_os	G6	800	2157	TEC	const	2000	240	--tec-jv -0.6231484574320953 --q 1.2462969148641907 --t0 6.2314845743209535 --t1 0.7754736359154965 --steps 2000	114250000	G6|TEC|original|secondary,G6|TEC|extended|secondary
G6_OnsagerkT_op	G6	800	2157	Onsager-kT	const	250	60	--tecT 1.0 --ramp --q 0.6231484574320953 --t0 3.1157422871604767 --t1 0.7754736359154965 --steps 250	114400000	G6|Onsager-kT|original|primary,G6|Onsager-kT|extended|primary
G6_OnsagerkT_os	G6	800	2157	Onsager-kT	const	2000	240	--tecT 1.0 --ramp --q 0.6231484574320953 --t0 6.2314845743209535 --t1 0.7754736359154965 --steps 2000	114450000	G6|Onsager-kT|original|secondary,G6|Onsager-kT|extended|secondary
G6_Onsageronline_op	G6	800	2157	Onsager-online	ons	250	60	--lambda 0.05995497748874437 --ramp --q 1.2462969148641907 --t0 3.1157422871604767 --t1 0.7754736359154965 --steps 250	114600000	G6|Onsager-online|original|primary,G6|Onsager-online|extended|primary
G6_Onsageronline_os	G6	800	2157	Onsager-online	ons	1000	120	--lambda 0.05995497748874437 --ramp --q 1.2462969148641907 --t0 3.1157422871604767 --t1 0.7754736359154965 --steps 1000	114650000	G6|Onsager-online|original|secondary,G6|Onsager-online|extended|secondary
G7_SCA_op	G7	800	1986	SCA	const	250	60	--lambda 0 --q 0.6231484574320953 --t0 6.2314845743209535 --t1 0.7754736359154965 --steps 250	114800000	G7|SCA|original|primary,G7|SCA|extended|primary
G7_SCA_os	G7	800	1986	SCA	const	2000	240	--lambda 0 --q 0.6231484574320953 --t0 6.2314845743209535 --t1 0.7754736359154965 --steps 2000	114850000	G7|SCA|original|secondary
G7_SCA_es	G7	None	1986	SCA	const	1000	240	--lambda 0 --q 0.6231484574320953 --t0 6.2314845743209535 --t1 0.7754736359154965 --steps 1000	114950000	G7|SCA|extended|secondary
G7_TEC_op	G7	800	1986	TEC	const	250	60	--tec-jv -0.6231484574320953 --q 1.2462969148641907 --t0 6.2314845743209535 --t1 0.7754736359154965 --steps 250	115000000	G7|TEC|original|primary,G7|TEC|extended|primary
G7_TEC_os	G7	800	1986	TEC	const	1000	240	--tec-jv -0.6231484574320953 --q 1.2462969148641907 --t0 6.2314845743209535 --t1 0.7754736359154965 --steps 1000	115050000	G7|TEC|original|secondary,G7|TEC|extended|secondary
G7_OnsagerkT_op	G7	800	1986	Onsager-kT	const	250	60	--tecT 1.0 --ramp --q 0.6231484574320953 --t0 3.1157422871604767 --t1 0.7754736359154965 --steps 250	115200000	G7|Onsager-kT|original|primary,G7|Onsager-kT|extended|primary
G7_OnsagerkT_os	G7	800	1986	Onsager-kT	const	1000	240	--tecT 1.0 --ramp --q 0.6231484574320953 --t0 3.1157422871604767 --t1 0.7754736359154965 --steps 1000	115250000	G7|Onsager-kT|original|secondary,G7|Onsager-kT|extended|secondary
G7_Onsageronline_op	G7	800	1986	Onsager-online	ons	250	60	--lambda 0.05995497748874437 --ramp --q 1.2462969148641907 --t0 3.1157422871604767 --t1 0.7754736359154965 --steps 250	115400000	G7|Onsager-online|original|primary,G7|Onsager-online|extended|primary
G7_Onsageronline_os	G7	800	1986	Onsager-online	ons	1000	120	--lambda 0.05995497748874437 --ramp --q 1.2462969148641907 --t0 3.1157422871604767 --t1 0.7754736359154965 --steps 1000	115450000	G7|Onsager-online|original|secondary,G7|Onsager-online|extended|secondary
G8_SCA_op	G8	800	1985	SCA	const	250	60	--lambda 0 --q 0.6231484574320953 --t0 6.2314845743209535 --t1 0.7754736359154965 --steps 250	115600000	G8|SCA|original|primary,G8|SCA|extended|primary
G8_SCA_os	G8	800	1985	SCA	const	2000	240	--lambda 0 --q 0.6231484574320953 --t0 6.2314845743209535 --t1 0.7754736359154965 --steps 2000	115650000	G8|SCA|original|secondary,G8|SCA|extended|secondary
G8_TEC_op	G8	800	1985	TEC	const	250	60	--tec-jv -0.6231484574320953 --q 1.2462969148641907 --t0 6.2314845743209535 --t1 0.7754736359154965 --steps 250	115800000	G8|TEC|original|primary,G8|TEC|extended|primary
G8_TEC_os	G8	800	1985	TEC	const	1000	240	--tec-jv -0.6231484574320953 --q 1.2462969148641907 --t0 6.2314845743209535 --t1 0.7754736359154965 --steps 1000	115850000	G8|TEC|original|secondary,G8|TEC|extended|secondary
G8_OnsagerkT_op	G8	800	1985	Onsager-kT	const	250	60	--tecT 1.0 --ramp --q 0.6231484574320953 --t0 3.1157422871604767 --t1 0.7754736359154965 --steps 250	116000000	G8|Onsager-kT|original|primary,G8|Onsager-kT|extended|primary
G8_OnsagerkT_os	G8	800	1985	Onsager-kT	const	250	240	--tecT 1.0 --ramp --q 0.6231484574320953 --t0 3.1157422871604767 --t1 0.7754736359154965 --steps 250	116050000	G8|Onsager-kT|original|secondary,G8|Onsager-kT|extended|secondary
G8_Onsageronline_op	G8	800	1985	Onsager-online	ons	250	60	--lambda 0.05995497748874437 --ramp --q 1.2462969148641907 --t0 3.1157422871604767 --t1 0.7754736359154965 --steps 250	116200000	G8|Onsager-online|original|primary,G8|Onsager-online|extended|primary
G8_Onsageronline_os	G8	800	1985	Onsager-online	ons	1000	120	--lambda 0.05995497748874437 --ramp --q 1.2462969148641907 --t0 3.1157422871604767 --t1 0.7754736359154965 --steps 1000	116250000	G8|Onsager-online|original|secondary,G8|Onsager-online|extended|secondary
G9_SCA_op	G9	800	2034	SCA	const	250	60	--lambda 0 --q 0.6231484574320953 --t0 6.2314845743209535 --t1 0.7754736359154965 --steps 250	116400000	G9|SCA|original|primary,G9|SCA|extended|primary
G9_SCA_os	G9	800	2034	SCA	const	1000	240	--lambda 0 --q 1.2462969148641907 --t0 9.347226861481431 --t1 0.7754736359154965 --steps 1000	116450000	G9|SCA|original|secondary,G9|SCA|extended|secondary
G9_TEC_op	G9	800	2034	TEC	const	250	60	--tec-jv -0.6231484574320953 --q 0.6231484574320953 --t0 6.2314845743209535 --t1 0.7754736359154965 --steps 250	116600000	G9|TEC|original|primary,G9|TEC|extended|primary
G9_TEC_os	G9	800	2034	TEC	const	1000	240	--tec-jv -0.6231484574320953 --q 1.2462969148641907 --t0 6.2314845743209535 --t1 0.7754736359154965 --steps 1000	116650000	G9|TEC|original|secondary,G9|TEC|extended|secondary
G9_OnsagerkT_op	G9	800	2034	Onsager-kT	const	250	60	--tecT 1.0 --ramp --q 0.6231484574320953 --t0 3.1157422871604767 --t1 0.7754736359154965 --steps 250	116800000	G9|Onsager-kT|original|primary,G9|Onsager-kT|extended|primary
G9_OnsagerkT_os	G9	800	2034	Onsager-kT	const	500	240	--tecT 1.0 --ramp --q 0.6231484574320953 --t0 3.1157422871604767 --t1 0.7754736359154965 --steps 500	116850000	G9|Onsager-kT|original|secondary,G9|Onsager-kT|extended|secondary
G9_Onsageronline_op	G9	800	2034	Onsager-online	ons	250	60	--lambda 0.05995497748874437 --ramp --q 1.2462969148641907 --t0 3.1157422871604767 --t1 0.7754736359154965 --steps 250	117000000	G9|Onsager-online|original|primary,G9|Onsager-online|extended|primary
G9_Onsageronline_os	G9	800	2034	Onsager-online	ons	500	120	--lambda 0.05995497748874437 --ramp --q 1.2462969148641907 --t0 3.1157422871604767 --t1 0.7754736359154965 --steps 500	117050000	G9|Onsager-online|original|secondary,G9|Onsager-online|extended|secondary
G10_SCA_op	G10	800	1980	SCA	const	250	60	--lambda 0 --q 0.6231484574320953 --t0 6.2314845743209535 --t1 0.7754736359154965 --steps 250	117200000	G10|SCA|original|primary,G10|SCA|extended|primary
G10_SCA_os	G10	800	1980	SCA	const	500	240	--lambda 0 --q 0.6231484574320953 --t0 4.638994071994488 --t1 0.7754736359154965 --steps 500	117250000	G10|SCA|original|secondary,G10|SCA|extended|secondary
G10_TEC_op	G10	800	1980	TEC	const	250	60	--tec-jv -0.3115742287160477 --q 0.6231484574320953 --t0 6.2314845743209535 --t1 0.7754736359154965 --steps 250	117400000	G10|TEC|original|primary,G10|TEC|extended|primary
G10_TEC_os	G10	800	1980	TEC	const	500	240	--tec-jv -0.6231484574320953 --q 1.2462969148641907 --t0 6.2314845743209535 --t1 0.7754736359154965 --steps 500	117450000	G10|TEC|original|secondary,G10|TEC|extended|secondary
G10_OnsagerkT_op	G10	800	1980	Onsager-kT	const	250	60	--tecT 1.0 --ramp --q 0.6231484574320953 --t0 3.1157422871604767 --t1 0.7754736359154965 --steps 250	117600000	G10|Onsager-kT|original|primary,G10|Onsager-kT|extended|primary
G10_OnsagerkT_os	G10	800	1980	Onsager-kT	const	250	240	--tecT 1.0 --ramp --q 0.6231484574320953 --t0 3.1157422871604767 --t1 0.7754736359154965 --steps 250	117650000	G10|Onsager-kT|original|secondary,G10|Onsager-kT|extended|secondary
G10_Onsageronline_op	G10	800	1980	Onsager-online	ons	250	60	--lambda 0.05995497748874437 --ramp --q 1.2462969148641907 --t0 3.1157422871604767 --t1 0.7754736359154965 --steps 250	117800000	G10|Onsager-online|original|primary,G10|Onsager-online|extended|primary
G10_Onsageronline_os	G10	800	1980	Onsager-online	ons	250	120	--lambda 0.05995497748874437 --ramp --q 1.2462969148641907 --t0 3.1157422871604767 --t1 0.7754736359154965 --steps 250	117850000	G10|Onsager-online|original|secondary,G10|Onsager-online|extended|secondary
G11_SCA_op	G11	800	559	SCA	const	1000	120	--lambda 0 --q 0.36 --t0 1.8 --t1 0.224 --steps 1000	118000000	G11|SCA|original|primary,G11|SCA|extended|primary
G11_SCA_os	G11	800	559	SCA	const	1000	240	--lambda 0 --q 0.36 --t0 1.8 --t1 0.224 --steps 1000	118050000	G11|SCA|original|secondary,G11|SCA|extended|secondary
G11_TEC_op	G11	800	559	TEC	const	1000	120	--tec-jv -0.09 --q 0.36 --t0 1.8 --t1 0.224 --steps 1000	118200000	G11|TEC|original|primary
G11_TEC_os	G11	800	559	TEC	const	4000	120	--tec-jv 0.09 --q 0.36 --t0 1.8 --t1 0.224 --steps 4000	118250000	G11|TEC|original|secondary
G11_TEC_ep	G11	None	559	TEC	const	2000	120	--tec-jv 0.09 --q 0.36 --t0 1.8 --t1 0.224 --steps 2000	118300000	G11|TEC|extended|primary
G11_TEC_es	G11	None	559	TEC	const	4000	120	--tec-jv -0.18 --q 0.72 --t0 2.7 --t1 0.224 --steps 4000	118350000	G11|TEC|extended|secondary
G11_OnsagerkT_op	G11	800	559	Onsager-kT	const	500	120	--tecT 1.0 --ramp --q 0.36 --t0 0.9 --t1 0.224 --steps 500	118400000	G11|Onsager-kT|original|primary,G11|Onsager-kT|extended|primary
G11_OnsagerkT_os	G11	800	559	Onsager-kT	const	2000	240	--tecT 1.0 --ramp --q 0.36 --t0 0.9 --t1 0.224 --steps 2000	118450000	G11|Onsager-kT|original|secondary
G11_OnsagerkT_es	G11	None	559	Onsager-kT	const	2000	240	--tecT 2.0 --ramp --q 0.72 --t0 2.7 --t1 0.224 --steps 2000	118550000	G11|Onsager-kT|extended|secondary
G11_Onsageronline_op	G11	800	559	Onsager-online	ons	1000	120	--lambda 0.0025012506253126563 --ramp --q 0.36 --t0 1.8 --t1 0.224 --steps 1000	118600000	G11|Onsager-online|original|primary,G11|Onsager-online|original|secondary,G11|Onsager-online|extended|primary,G11|Onsager-online|extended|secondary
G12_SCA_op	G12	800	551	SCA	const	2000	120	--lambda 0 --q 0.36 --t0 1.8 --t1 0.224 --steps 2000	118800000	G12|SCA|original|primary
G12_SCA_os	G12	800	551	SCA	const	2000	240	--lambda 0 --q 0.36 --t0 1.8 --t1 0.224 --steps 2000	118850000	G12|SCA|original|secondary
G12_SCA_ep	G12	None	551	SCA	const	2000	120	--lambda 0 --q 0.36 --t0 3.6 --t1 0.224 --steps 2000	118900000	G12|SCA|extended|primary
G12_SCA_es	G12	None	551	SCA	const	4000	120	--lambda 0 --q 0.54 --t0 2.25 --t1 0.224 --steps 4000	118950000	G12|SCA|extended|secondary
G12_TEC_op	G12	800	551	TEC	const	1000	120	--tec-jv 0.09 --q 0.36 --t0 1.8 --t1 0.224 --steps 1000	119000000	G12|TEC|original|primary,G12|TEC|extended|primary
G12_TEC_os	G12	800	551	TEC	const	1000	240	--tec-jv 0.09 --q 0.36 --t0 1.8 --t1 0.224 --steps 1000	119050000	G12|TEC|original|secondary,G12|TEC|extended|secondary
G12_OnsagerkT_op	G12	800	551	Onsager-kT	const	1000	60	--tecT 1.0 --ramp --q 0.36 --t0 0.9 --t1 0.224 --steps 1000	119200000	G12|Onsager-kT|original|primary,G12|Onsager-kT|extended|primary
G12_OnsagerkT_os	G12	800	551	Onsager-kT	const	2000	240	--tecT 1.0 --ramp --q 0.36 --t0 0.9 --t1 0.224 --steps 2000	119250000	G12|Onsager-kT|original|secondary,G12|Onsager-kT|extended|secondary
G12_Onsageronline_op	G12	800	551	Onsager-online	ons	1000	120	--lambda 0.0012506253126563281 --ramp --q 0.36 --t0 1.8 --t1 0.224 --steps 1000	119400000	G12|Onsager-online|original|primary,G12|Onsager-online|extended|primary
G12_Onsageronline_os	G12	800	551	Onsager-online	ons	2000	120	--lambda 0.0025012506253126563 --ramp --q 0.36 --t0 1.8 --t1 0.224 --steps 2000	119450000	G12|Onsager-online|original|secondary,G12|Onsager-online|extended|secondary
G13_SCA_op	G13	800	577	SCA	const	1000	240	--lambda 0 --q 0.36 --t0 2.7 --t1 0.224 --steps 1000	119600000	G13|SCA|original|primary,G13|SCA|original|secondary
G13_SCA_ep	G13	None	577	SCA	const	4000	60	--lambda 0 --q 0.36 --t0 2.25 --t1 0.224 --steps 4000	119700000	G13|SCA|extended|primary
G13_SCA_es	G13	None	577	SCA	const	4000	120	--lambda 0 --q 0.36 --t0 2.25 --t1 0.224 --steps 4000	119750000	G13|SCA|extended|secondary
G13_TEC_op	G13	800	577	TEC	const	2000	120	--tec-jv 0.09 --q 0.36 --t0 1.8 --t1 0.224 --steps 2000	119800000	G13|TEC|original|primary,G13|TEC|extended|primary
G13_TEC_os	G13	800	577	TEC	const	2000	240	--tec-jv 0.09 --q 0.36 --t0 1.8 --t1 0.224 --steps 2000	119850000	G13|TEC|original|secondary,G13|TEC|extended|secondary
G13_OnsagerkT_op	G13	800	577	Onsager-kT	const	2000	60	--tecT 1.0 --ramp --q 0.36 --t0 0.9 --t1 0.224 --steps 2000	120000000	G13|Onsager-kT|original|primary,G13|Onsager-kT|extended|primary
G13_OnsagerkT_os	G13	800	577	Onsager-kT	const	2000	240	--tecT 1.0 --ramp --q 0.36 --t0 0.9 --t1 0.224 --steps 2000	120050000	G13|Onsager-kT|original|secondary,G13|Onsager-kT|extended|secondary
G13_Onsageronline_op	G13	800	577	Onsager-online	ons	2000	120	--lambda 0.0012506253126563281 --ramp --q 0.36 --t0 1.8 --t1 0.224 --steps 2000	120200000	G13|Onsager-online|original|primary,G13|Onsager-online|extended|primary
G13_Onsageronline_os	G13	800	577	Onsager-online	ons	4000	240	--lambda 0.0025012506253126563 --ramp --q 0.36 --t0 1.8 --t1 0.224 --steps 4000	120250000	G13|Onsager-online|original|secondary,G13|Onsager-online|extended|secondary
G14_SCA_op	G14	800	3034	SCA	const	1000	60	--lambda 0 --q 7.399379433438996 --t0 6.16614952786583 --t1 2.30202915706991 --steps 1000	120400000	G14|SCA|original|primary,G14|SCA|extended|primary
G14_SCA_os	G14	800	3034	SCA	const	4000	120	--lambda 0 --q 7.399379433438996 --t0 6.16614952786583 --t1 2.30202915706991 --steps 4000	120450000	G14|SCA|original|secondary,G14|SCA|extended|secondary
G14_TEC_op	G14	800	3034	TEC	const	500	60	--tec-jv -0.616614952786583 --q 4.932919622292664 --t0 3.083074763932915 --t1 2.30202915706991 --steps 500	120600000	G14|TEC|original|primary,G14|TEC|extended|primary
G14_TEC_os	G14	800	3034	TEC	const	2000	240	--tec-jv -0.616614952786583 --q 4.932919622292664 --t0 3.083074763932915 --t1 2.30202915706991 --steps 2000	120650000	G14|TEC|original|secondary,G14|TEC|extended|secondary
G14_OnsagerkT_op	G14	800	3034	Onsager-kT	const	500	60	--tecT 0.25 --ramp --q 4.932919622292664 --t0 3.083074763932915 --t1 2.30202915706991 --steps 500	120800000	G14|Onsager-kT|original|primary
G14_OnsagerkT_os	G14	800	3034	Onsager-kT	const	2000	240	--tecT 0.25 --ramp --q 4.932919622292664 --t0 3.083074763932915 --t1 2.30202915706991 --steps 2000	120850000	G14|Onsager-kT|original|secondary
G14_OnsagerkT_ep	G14	None	3034	Onsager-kT	const	500	60	--tecT 2.0 --ramp --q 9.865839244585327 --t0 3.083074763932915 --t1 2.30202915706991 --steps 500	120900000	G14|Onsager-kT|extended|primary
G14_OnsagerkT_es	G14	None	3034	Onsager-kT	const	2000	240	--tecT 2.0 --ramp --q 9.865839244585327 --t0 3.083074763932915 --t1 2.30202915706991 --steps 2000	120950000	G14|Onsager-kT|extended|secondary
G14_Onsageronline_op	G14	800	3034	Onsager-online	ons	500	60	--lambda 0.01467608804402201 --ramp --q 4.932919622292664 --t0 3.083074763932915 --t1 2.30202915706991 --steps 500	121000000	G14|Onsager-online|original|primary,G14|Onsager-online|extended|primary
G14_Onsageronline_os	G14	800	3034	Onsager-online	ons	2000	120	--lambda 0.01467608804402201 --ramp --q 4.932919622292664 --t0 3.083074763932915 --t1 2.30202915706991 --steps 2000	121050000	G14|Onsager-online|original|secondary,G14|Onsager-online|extended|secondary
G15_SCA_op	G15	800	3020	SCA	const	1000	60	--lambda 0 --q 7.373323809517659 --t0 6.144436507931383 --t1 2.29392296296105 --steps 1000	121200000	G15|SCA|original|primary,G15|SCA|extended|primary
G15_SCA_os	G15	800	3020	SCA	const	4000	120	--lambda 0 --q 7.373323809517659 --t0 6.144436507931383 --t1 2.29392296296105 --steps 4000	121250000	G15|SCA|original|secondary,G15|SCA|extended|secondary
G15_TEC_op	G15	800	3020	TEC	const	500	120	--tec-jv -0.6144436507931382 --q 4.915549206345106 --t0 3.0722182539656915 --t1 2.29392296296105 --steps 500	121400000	G15|TEC|original|primary,G15|TEC|extended|primary
G15_TEC_os	G15	800	3020	TEC	const	2000	240	--tec-jv -0.6144436507931382 --q 4.915549206345106 --t0 3.0722182539656915 --t1 2.29392296296105 --steps 2000	121450000	G15|TEC|original|secondary,G15|TEC|extended|secondary
G15_OnsagerkT_op	G15	800	3020	Onsager-kT	const	500	60	--tecT 0.25 --ramp --q 4.915549206345106 --t0 3.0722182539656915 --t1 2.29392296296105 --steps 500	121600000	G15|Onsager-kT|original|primary
G15_OnsagerkT_os	G15	800	3020	Onsager-kT	const	1000	240	--tecT 0.5 --ramp --q 4.915549206345106 --t0 3.0722182539656915 --t1 2.29392296296105 --steps 1000	121650000	G15|Onsager-kT|original|secondary
G15_OnsagerkT_ep	G15	None	3020	Onsager-kT	const	500	60	--tecT 2.0 --ramp --q 9.831098412690212 --t0 3.0722182539656915 --t1 2.29392296296105 --steps 500	121700000	G15|Onsager-kT|extended|primary
G15_OnsagerkT_es	G15	None	3020	Onsager-kT	const	2000	240	--tecT 2.0 --ramp --q 9.831098412690212 --t0 3.0722182539656915 --t1 2.29392296296105 --steps 2000	121750000	G15|Onsager-kT|extended|secondary
G15_Onsageronline_op	G15	800	3020	Onsager-online	ons	500	120	--lambda 0.014572911455727864 --ramp --q 4.915549206345106 --t0 3.0722182539656915 --t1 2.29392296296105 --steps 500	121800000	G15|Onsager-online|original|primary,G15|Onsager-online|extended|primary
G15_Onsageronline_os	G15	800	3020	Onsager-online	ons	4000	240	--lambda 0.014572911455727864 --ramp --q 4.915549206345106 --t0 3.0722182539656915 --t1 2.29392296296105 --steps 4000	121850000	G15|Onsager-online|original|secondary
G15_Onsageronline_es	G15	None	3020	Onsager-online	ons	4000	240	--lambda 0.003643227863931966 --ramp --q 7.373323809517659 --t0 6.144436507931383 --t1 2.29392296296105 --steps 4000	121950000	G15|Onsager-online|extended|secondary
G16_SCA_op	G16	800	3022	SCA	const	1000	60	--lambda 0 --q 7.382019235954347 --t0 6.151682696628622 --t1 2.2966282067413526 --steps 1000	122000000	G16|SCA|original|primary,G16|SCA|extended|primary
G16_SCA_os	G16	800	3022	SCA	const	4000	120	--lambda 0 --q 7.382019235954347 --t0 6.151682696628622 --t1 2.2966282067413526 --steps 4000	122050000	G16|SCA|original|secondary,G16|SCA|extended|secondary
G16_TEC_op	G16	800	3022	TEC	const	500	60	--tec-jv -0.6151682696628622 --q 4.921346157302898 --t0 3.075841348314311 --t1 2.2966282067413526 --steps 500	122200000	G16|TEC|original|primary,G16|TEC|extended|primary
G16_TEC_os	G16	800	3022	TEC	const	2000	240	--tec-jv -0.6151682696628622 --q 4.921346157302898 --t0 3.075841348314311 --t1 2.2966282067413526 --steps 2000	122250000	G16|TEC|original|secondary,G16|TEC|extended|secondary
G16_OnsagerkT_op	G16	800	3022	Onsager-kT	const	500	60	--tecT 0.25 --ramp --q 4.921346157302898 --t0 3.075841348314311 --t1 2.2966282067413526 --steps 500	122400000	G16|Onsager-kT|original|primary
G16_OnsagerkT_os	G16	800	3022	Onsager-kT	const	2000	240	--tecT 0.5 --ramp --q 4.921346157302898 --t0 3.075841348314311 --t1 2.2966282067413526 --steps 2000	122450000	G16|Onsager-kT|original|secondary,G16|Onsager-kT|extended|secondary
G16_OnsagerkT_ep	G16	None	3022	Onsager-kT	const	500	60	--tecT 2.0 --ramp --q 9.842692314605795 --t0 3.075841348314311 --t1 2.2966282067413526 --steps 500	122500000	G16|Onsager-kT|extended|primary
G16_Onsageronline_op	G16	800	3022	Onsager-online	ons	1000	60	--lambda 0.014607303651825913 --ramp --q 4.921346157302898 --t0 3.075841348314311 --t1 2.2966282067413526 --steps 1000	122600000	G16|Onsager-online|original|primary,G16|Onsager-online|extended|primary
G16_Onsageronline_os	G16	800	3022	Onsager-online	ons	2000	120	--lambda 0.014607303651825913 --ramp --q 4.921346157302898 --t0 3.075841348314311 --t1 2.2966282067413526 --steps 2000	122650000	G16|Onsager-online|original|secondary
G16_Onsageronline_es	G16	None	3022	Onsager-online	ons	1000	120	--lambda 0.014607303651825913 --ramp --q 4.921346157302898 --t0 3.075841348314311 --t1 2.2966282067413526 --steps 1000	122750000	G16|Onsager-online|extended|secondary
G17_SCA_op	G17	800	3017	SCA	const	1000	120	--lambda 0 --q 7.378068039805543 --t0 6.148390033171285 --t1 2.29539894571728 --steps 1000	122800000	G17|SCA|original|primary,G17|SCA|extended|primary
G17_SCA_os	G17	800	3017	SCA	const	4000	120	--lambda 0 --q 7.378068039805543 --t0 6.148390033171285 --t1 2.29539894571728 --steps 4000	122850000	G17|SCA|original|secondary,G17|SCA|extended|secondary
G17_TEC_op	G17	800	3017	TEC	const	500	60	--tec-jv -0.6148390033171285 --q 4.918712026537028 --t0 3.0741950165856426 --t1 2.29539894571728 --steps 500	123000000	G17|TEC|original|primary,G17|TEC|extended|primary
G17_TEC_os	G17	800	3017	TEC	const	2000	240	--tec-jv -0.6148390033171285 --q 4.918712026537028 --t0 3.0741950165856426 --t1 2.29539894571728 --steps 2000	123050000	G17|TEC|original|secondary,G17|TEC|extended|secondary
G17_OnsagerkT_op	G17	800	3017	Onsager-kT	const	500	60	--tecT 0.25 --ramp --q 4.918712026537028 --t0 3.0741950165856426 --t1 2.29539894571728 --steps 500	123200000	G17|Onsager-kT|original|primary
G17_OnsagerkT_os	G17	800	3017	Onsager-kT	const	2000	240	--tecT 0.25 --ramp --q 4.918712026537028 --t0 3.0741950165856426 --t1 2.29539894571728 --steps 2000	123250000	G17|Onsager-kT|original|secondary
G17_OnsagerkT_ep	G17	None	3017	Onsager-kT	const	500	60	--tecT 2.0 --ramp --q 9.837424053074056 --t0 3.0741950165856426 --t1 2.29539894571728 --steps 500	123300000	G17|Onsager-kT|extended|primary
G17_OnsagerkT_es	G17	None	3017	Onsager-kT	const	2000	240	--tecT 2.0 --ramp --q 9.837424053074056 --t0 3.0741950165856426 --t1 2.29539894571728 --steps 2000	123350000	G17|Onsager-kT|extended|secondary
G17_Onsageronline_op	G17	800	3017	Onsager-online	ons	500	120	--lambda 0.014591670835417708 --ramp --q 4.918712026537028 --t0 3.0741950165856426 --t1 2.29539894571728 --steps 500	123400000	G17|Onsager-online|original|primary,G17|Onsager-online|extended|primary
G17_Onsageronline_os	G17	800	3017	Onsager-online	ons	2000	120	--lambda 0.014591670835417708 --ramp --q 4.918712026537028 --t0 3.0741950165856426 --t1 2.29539894571728 --steps 2000	123450000	G17|Onsager-online|original|secondary,G17|Onsager-online|extended|secondary
G18_SCA_op	G18	800	983	SCA	const	500	60	--lambda 0 --q 0.616614952786583 --t0 4.6246121458993725 --t1 0.3836715261783183 --steps 500	123600000	G18|SCA|original|primary
G18_SCA_os	G18	800	983	SCA	const	1000	240	--lambda 0 --q 0.616614952786583 --t0 4.6246121458993725 --t1 0.3836715261783183 --steps 1000	123650000	G18|SCA|original|secondary,G18|SCA|extended|secondary
G18_SCA_ep	G18	None	983	SCA	const	500	60	--lambda 0 --q 0.616614952786583 --t0 3.8538434549161438 --t1 0.3836715261783183 --steps 500	123700000	G18|SCA|extended|primary
G18_TEC_op	G18	800	983	TEC	const	250	120	--tec-jv -0.3083074763932915 --q 0.616614952786583 --t0 3.083074763932915 --t1 0.3836715261783183 --steps 250	123800000	G18|TEC|original|primary
G18_TEC_os	G18	800	983	TEC	const	1000	240	--tec-jv -0.3083074763932915 --q 0.616614952786583 --t0 3.083074763932915 --t1 0.3836715261783183 --steps 1000	123850000	G18|TEC|original|secondary
G18_TEC_ep	G18	None	983	TEC	const	250	120	--tec-jv -0.616614952786583 --q 0.616614952786583 --t0 6.16614952786583 --t1 0.3836715261783183 --steps 250	123900000	G18|TEC|extended|primary
G18_TEC_es	G18	None	983	TEC	const	500	240	--tec-jv -0.616614952786583 --q 0.616614952786583 --t0 4.6246121458993725 --t1 0.3836715261783183 --steps 500	123950000	G18|TEC|extended|secondary
G18_OnsagerkT_op	G18	800	983	Onsager-kT	const	250	60	--tecT 1.0 --ramp --q 0.616614952786583 --t0 3.083074763932915 --t1 0.3836715261783183 --steps 250	124000000	G18|Onsager-kT|original|primary,G18|Onsager-kT|extended|primary
G18_OnsagerkT_os	G18	800	983	Onsager-kT	const	500	240	--tecT 1.0 --ramp --q 0.616614952786583 --t0 3.083074763932915 --t1 0.3836715261783183 --steps 500	124050000	G18|Onsager-kT|original|secondary,G18|Onsager-kT|extended|secondary
G18_Onsageronline_op	G18	800	983	Onsager-online	ons	250	60	--lambda 0.007338044022011005 --ramp --q 0.616614952786583 --t0 3.083074763932915 --t1 0.3836715261783183 --steps 250	124200000	G18|Onsager-online|original|primary
G18_Onsageronline_os	G18	800	983	Onsager-online	ons	1000	120	--lambda 0.007338044022011005 --ramp --q 0.616614952786583 --t0 3.083074763932915 --t1 0.3836715261783183 --steps 1000	124250000	G18|Onsager-online|original|secondary
G18_Onsageronline_ep	G18	None	983	Onsager-online	ons	250	120	--lambda 0.007338044022011005 --ramp --q 0.616614952786583 --t0 4.6246121458993725 --t1 0.3836715261783183 --steps 250	124300000	G18|Onsager-online|extended|primary
G18_Onsageronline_es	G18	None	983	Onsager-online	ons	500	120	--lambda 0.007338044022011005 --ramp --q 0.616614952786583 --t0 3.083074763932915 --t1 0.3836715261783183 --steps 500	124350000	G18|Onsager-online|extended|secondary
G19_SCA_op	G19	800	897	SCA	const	500	60	--lambda 0 --q 0.6144436507931382 --t0 4.608327380948538 --t1 0.3823204938268416 --steps 500	124400000	G19|SCA|original|primary,G19|SCA|extended|primary
G19_SCA_os	G19	800	897	SCA	const	1000	240	--lambda 0 --q 0.6144436507931382 --t0 4.608327380948538 --t1 0.3823204938268416 --steps 1000	124450000	G19|SCA|original|secondary
G19_SCA_es	G19	None	897	SCA	const	1000	240	--lambda 0 --q 0.6144436507931382 --t0 3.840272817457114 --t1 0.3823204938268416 --steps 1000	124550000	G19|SCA|extended|secondary
G19_TEC_op	G19	800	897	TEC	const	250	120	--tec-jv -0.3072218253965691 --q 0.6144436507931382 --t0 3.0722182539656915 --t1 0.3823204938268416 --steps 250	124600000	G19|TEC|original|primary
G19_TEC_os	G19	800	897	TEC	const	2000	240	--tec-jv -0.15361091269828456 --q 0.6144436507931382 --t0 3.0722182539656915 --t1 0.3823204938268416 --steps 2000	124650000	G19|TEC|original|secondary
G19_TEC_ep	G19	None	897	TEC	const	250	120	--tec-jv -0.6144436507931382 --q 0.6144436507931382 --t0 4.608327380948538 --t1 0.3823204938268416 --steps 250	124700000	G19|TEC|extended|primary
G19_TEC_es	G19	None	897	TEC	const	2000	240	--tec-jv -0.6144436507931382 --q 0.6144436507931382 --t0 4.608327380948538 --t1 0.3823204938268416 --steps 2000	124750000	G19|TEC|extended|secondary
G19_OnsagerkT_op	G19	800	897	Onsager-kT	const	250	60	--tecT 1.0 --ramp --q 0.6144436507931382 --t0 3.0722182539656915 --t1 0.3823204938268416 --steps 250	124800000	G19|Onsager-kT|original|primary,G19|Onsager-kT|extended|primary
G19_OnsagerkT_os	G19	800	897	Onsager-kT	const	1000	240	--tecT 0.5 --ramp --q 0.6144436507931382 --t0 3.0722182539656915 --t1 0.3823204938268416 --steps 1000	124850000	G19|Onsager-kT|original|secondary
G19_OnsagerkT_es	G19	None	897	Onsager-kT	const	2000	240	--tecT 1.0 --ramp --q 0.6144436507931382 --t0 3.0722182539656915 --t1 0.3823204938268416 --steps 2000	124950000	G19|Onsager-kT|extended|secondary
G19_Onsageronline_op	G19	800	897	Onsager-online	ons	250	60	--lambda 0.007286455727863932 --ramp --q 0.6144436507931382 --t0 3.0722182539656915 --t1 0.3823204938268416 --steps 250	125000000	G19|Onsager-online|original|primary,G19|Onsager-online|extended|primary
G19_Onsageronline_os	G19	800	897	Onsager-online	ons	1000	120	--lambda 0.007286455727863932 --ramp --q 0.6144436507931382 --t0 3.0722182539656915 --t1 0.3823204938268416 --steps 1000	125050000	G19|Onsager-online|original|secondary,G19|Onsager-online|extended|secondary
G20_SCA_op	G20	800	932	SCA	const	250	120	--lambda 0 --q 0.6151682696628622 --t0 4.613762022471467 --t1 0.3827713677902254 --steps 250	125200000	G20|SCA|original|primary
G20_SCA_os	G20	800	932	SCA	const	1000	240	--lambda 0 --q 0.6151682696628622 --t0 4.613762022471467 --t1 0.3827713677902254 --steps 1000	125250000	G20|SCA|original|secondary
G20_SCA_ep	G20	None	932	SCA	const	250	120	--lambda 0 --q 0.6151682696628622 --t0 5.382722359550044 --t1 0.3827713677902254 --steps 250	125300000	G20|SCA|extended|primary
G20_SCA_es	G20	None	932	SCA	const	1000	240	--lambda 0 --q 0.6151682696628622 --t0 3.844801685392889 --t1 0.3827713677902254 --steps 1000	125350000	G20|SCA|extended|secondary
G20_TEC_op	G20	800	932	TEC	const	250	60	--tec-jv -0.15379206741571555 --q 0.6151682696628622 --t0 3.075841348314311 --t1 0.3827713677902254 --steps 250	125400000	G20|TEC|original|primary
G20_TEC_os	G20	800	932	TEC	const	2000	240	--tec-jv -0.15379206741571555 --q 0.6151682696628622 --t0 3.075841348314311 --t1 0.3827713677902254 --steps 2000	125450000	G20|TEC|original|secondary
G20_TEC_ep	G20	None	932	TEC	const	250	60	--tec-jv -0.6151682696628622 --q 0.6151682696628622 --t0 4.613762022471467 --t1 0.3827713677902254 --steps 250	125500000	G20|TEC|extended|primary
G20_TEC_es	G20	None	932	TEC	const	1000	240	--tec-jv -0.6151682696628622 --q 0.6151682696628622 --t0 4.613762022471467 --t1 0.3827713677902254 --steps 1000	125550000	G20|TEC|extended|secondary
G20_OnsagerkT_op	G20	800	932	Onsager-kT	const	250	60	--tecT 1.0 --ramp --q 0.6151682696628622 --t0 3.075841348314311 --t1 0.3827713677902254 --steps 250	125600000	G20|Onsager-kT|original|primary,G20|Onsager-kT|extended|primary
G20_OnsagerkT_os	G20	800	932	Onsager-kT	const	500	240	--tecT 1.0 --ramp --q 0.6151682696628622 --t0 3.075841348314311 --t1 0.3827713677902254 --steps 500	125650000	G20|Onsager-kT|original|secondary
G20_OnsagerkT_es	G20	None	932	Onsager-kT	const	250	240	--tecT 1.0 --ramp --q 0.6151682696628622 --t0 3.075841348314311 --t1 0.3827713677902254 --steps 250	125750000	G20|Onsager-kT|extended|secondary
G20_Onsageronline_op	G20	800	932	Onsager-online	ons	250	60	--lambda 0.014607303651825913 --ramp --q 0.6151682696628622 --t0 1.5379206741571556 --t1 0.3827713677902254 --steps 250	125800000	G20|Onsager-online|original|primary,G20|Onsager-online|extended|primary
G20_Onsageronline_os	G20	800	932	Onsager-online	ons	500	120	--lambda 0.0073036518259129565 --ramp --q 0.6151682696628622 --t0 3.075841348314311 --t1 0.3827713677902254 --steps 500	125850000	G20|Onsager-online|original|secondary
G20_Onsageronline_es	G20	None	932	Onsager-online	ons	2000	120	--lambda 0.0073036518259129565 --ramp --q 0.6151682696628622 --t0 6.151682696628622 --t1 0.3827713677902254 --steps 2000	125950000	G20|Onsager-online|extended|secondary
G21_SCA_op	G21	800	922	SCA	const	500	60	--lambda 0 --q 0.6148390033171285 --t0 4.611292524878464 --t1 0.38256649095288 --steps 500	126000000	G21|SCA|original|primary
G21_SCA_os	G21	800	922	SCA	const	2000	240	--lambda 0 --q 0.6148390033171285 --t0 4.611292524878464 --t1 0.38256649095288 --steps 2000	126050000	G21|SCA|original|secondary
G21_SCA_ep	G21	None	922	SCA	const	500	120	--lambda 0 --q 0.6148390033171285 --t0 6.148390033171285 --t1 0.38256649095288 --steps 500	126100000	G21|SCA|extended|primary
G21_SCA_es	G21	None	922	SCA	const	1000	240	--lambda 0 --q 0.6148390033171285 --t0 4.611292524878464 --t1 0.38256649095288 --steps 1000	126150000	G21|SCA|extended|secondary
G21_TEC_op	G21	800	922	TEC	const	500	120	--tec-jv -0.15370975082928212 --q 0.6148390033171285 --t0 3.0741950165856426 --t1 0.38256649095288 --steps 500	126200000	G21|TEC|original|primary
G21_TEC_os	G21	800	922	TEC	const	2000	240	--tec-jv -0.30741950165856424 --q 0.6148390033171285 --t0 3.0741950165856426 --t1 0.38256649095288 --steps 2000	126250000	G21|TEC|original|secondary
G21_TEC_ep	G21	None	922	TEC	const	250	240	--tec-jv -0.6148390033171285 --q 0.6148390033171285 --t0 4.611292524878464 --t1 0.38256649095288 --steps 250	126300000	G21|TEC|extended|primary
G21_TEC_es	G21	None	922	TEC	const	2000	240	--tec-jv -0.6148390033171285 --q 0.6148390033171285 --t0 6.148390033171285 --t1 0.38256649095288 --steps 2000	126350000	G21|TEC|extended|secondary
G21_OnsagerkT_op	G21	800	922	Onsager-kT	const	250	60	--tecT 1.0 --ramp --q 0.6148390033171285 --t0 3.0741950165856426 --t1 0.38256649095288 --steps 250	126400000	G21|Onsager-kT|original|primary,G21|Onsager-kT|extended|primary
G21_OnsagerkT_os	G21	800	922	Onsager-kT	const	1000	240	--tecT 1.0 --ramp --q 0.6148390033171285 --t0 3.0741950165856426 --t1 0.38256649095288 --steps 1000	126450000	G21|Onsager-kT|original|secondary,G21|Onsager-kT|extended|secondary
G21_Onsageronline_op	G21	800	922	Onsager-online	ons	250	120	--lambda 0.007295835417708854 --ramp --q 0.6148390033171285 --t0 3.0741950165856426 --t1 0.38256649095288 --steps 250	126600000	G21|Onsager-online|original|primary
G21_Onsageronline_os	G21	800	922	Onsager-online	ons	1000	120	--lambda 0.007295835417708854 --ramp --q 0.6148390033171285 --t0 3.0741950165856426 --t1 0.38256649095288 --steps 1000	126650000	G21|Onsager-online|original|secondary,G21|Onsager-online|extended|secondary
G21_Onsageronline_ep	G21	None	922	Onsager-online	ons	500	60	--lambda 0.007295835417708854 --ramp --q 0.6148390033171285 --t0 6.148390033171285 --t1 0.38256649095288 --steps 500	126700000	G21|Onsager-online|extended|primary
G22_SCA_op	G22	2000	13226	SCA	const	250	120	--lambda 0 --q 6.438265604959149 --t0 6.0358740046492025 --t1 3.0045239489809363 --steps 250	126800000	G22|SCA|original|primary,G22|SCA|extended|primary
G22_SCA_os	G22	2000	13226	SCA	const	1000	240	--lambda 0 --q 6.438265604959149 --t0 8.047832006198936 --t1 3.0045239489809363 --steps 1000	126850000	G22|SCA|original|secondary,G22|SCA|extended|secondary
G22_TEC_op	G22	2000	13226	TEC	const	250	60	--tec-jv -0.8047832006198936 --q 6.438265604959149 --t0 6.0358740046492025 --t1 3.0045239489809363 --steps 250	127000000	G22|TEC|original|primary,G22|TEC|extended|primary
G22_TEC_os	G22	2000	13226	TEC	const	1000	240	--tec-jv -1.6095664012397872 --q 6.438265604959149 --t0 6.0358740046492025 --t1 3.0045239489809363 --steps 1000	127050000	G22|TEC|original|secondary,G22|TEC|extended|secondary
G22_OnsagerkT_op	G22	2000	13226	Onsager-kT	const	250	60	--tecT 0.25 --ramp --q 6.438265604959149 --t0 6.0358740046492025 --t1 3.0045239489809363 --steps 250	127200000	G22|Onsager-kT|original|primary,G22|Onsager-kT|extended|primary
G22_OnsagerkT_os	G22	2000	13226	Onsager-kT	const	1000	240	--tecT 0.5 --ramp --q 6.438265604959149 --t0 6.0358740046492025 --t1 3.0045239489809363 --steps 1000	127250000	G22|Onsager-kT|original|secondary,G22|Onsager-kT|extended|secondary
G22_Onsageronline_op	G22	2000	13226	Onsager-online	ons	250	60	--lambda 0.009999999999999998 --ramp --q 6.438265604959149 --t0 6.0358740046492025 --t1 3.0045239489809363 --steps 250	127400000	G22|Onsager-online|original|primary,G22|Onsager-online|extended|primary
G22_Onsageronline_os	G22	2000	13226	Onsager-online	ons	1000	120	--lambda 0.004999999999999999 --ramp --q 6.438265604959149 --t0 6.0358740046492025 --t1 3.0045239489809363 --steps 1000	127450000	G22|Onsager-online|original|secondary,G22|Onsager-online|extended|secondary
G23_SCA_op	G23	2000	13211	SCA	const	250	60	--lambda 0 --q 6.438265604959149 --t0 8.047832006198936 --t1 3.0045239489809363 --steps 250	127600000	G23|SCA|original|primary,G23|SCA|extended|primary
G23_SCA_os	G23	2000	13211	SCA	const	1000	240	--lambda 0 --q 6.438265604959149 --t0 6.0358740046492025 --t1 3.0045239489809363 --steps 1000	127650000	G23|SCA|original|secondary,G23|SCA|extended|secondary
G23_TEC_op	G23	2000	13211	TEC	const	250	60	--tec-jv -1.6095664012397872 --q 6.438265604959149 --t0 6.0358740046492025 --t1 3.0045239489809363 --steps 250	127800000	G23|TEC|original|primary,G23|TEC|extended|primary
G23_TEC_os	G23	2000	13211	TEC	const	500	240	--tec-jv -1.6095664012397872 --q 6.438265604959149 --t0 6.0358740046492025 --t1 3.0045239489809363 --steps 500	127850000	G23|TEC|original|secondary,G23|TEC|extended|secondary
G23_OnsagerkT_op	G23	2000	13211	Onsager-kT	const	250	60	--tecT 0.25 --ramp --q 6.438265604959149 --t0 6.0358740046492025 --t1 3.0045239489809363 --steps 250	128000000	G23|Onsager-kT|original|primary,G23|Onsager-kT|extended|primary
G23_OnsagerkT_os	G23	2000	13211	Onsager-kT	const	500	240	--tecT 0.25 --ramp --q 6.438265604959149 --t0 6.0358740046492025 --t1 3.0045239489809363 --steps 500	128050000	G23|Onsager-kT|original|secondary,G23|Onsager-kT|extended|secondary
G23_Onsageronline_op	G23	2000	13211	Onsager-online	ons	250	60	--lambda 0.009999999999999998 --ramp --q 6.438265604959149 --t0 6.0358740046492025 --t1 3.0045239489809363 --steps 250	128200000	G23|Onsager-online|original|primary,G23|Onsager-online|extended|primary
G23_Onsageronline_os	G23	2000	13211	Onsager-online	ons	1000	120	--lambda 0.009999999999999998 --ramp --q 6.438265604959149 --t0 6.0358740046492025 --t1 3.0045239489809363 --steps 1000	128250000	G23|Onsager-online|original|secondary,G23|Onsager-online|extended|secondary
G24_SCA_op	G24	2000	13204	SCA	const	250	60	--lambda 0 --q 6.438265604959149 --t0 6.0358740046492025 --t1 3.0045239489809363 --steps 250	128400000	G24|SCA|original|primary,G24|SCA|extended|primary
G24_SCA_os	G24	2000	13204	SCA	const	1000	240	--lambda 0 --q 6.438265604959149 --t0 8.047832006198936 --t1 3.0045239489809363 --steps 1000	128450000	G24|SCA|original|secondary,G24|SCA|extended|secondary
G24_TEC_op	G24	2000	13204	TEC	const	250	60	--tec-jv -0.8047832006198936 --q 6.438265604959149 --t0 6.0358740046492025 --t1 3.0045239489809363 --steps 250	128600000	G24|TEC|original|primary,G24|TEC|extended|primary
G24_TEC_os	G24	2000	13204	TEC	const	500	240	--tec-jv -0.8047832006198936 --q 6.438265604959149 --t0 6.0358740046492025 --t1 3.0045239489809363 --steps 500	128650000	G24|TEC|original|secondary,G24|TEC|extended|secondary
G24_OnsagerkT_op	G24	2000	13204	Onsager-kT	const	250	60	--tecT 0.5 --ramp --q 6.438265604959149 --t0 6.0358740046492025 --t1 3.0045239489809363 --steps 250	128800000	G24|Onsager-kT|original|primary,G24|Onsager-kT|extended|primary
G24_OnsagerkT_os	G24	2000	13204	Onsager-kT	const	500	240	--tecT 0.25 --ramp --q 6.438265604959149 --t0 6.0358740046492025 --t1 3.0045239489809363 --steps 500	128850000	G24|Onsager-kT|original|secondary,G24|Onsager-kT|extended|secondary
G24_Onsageronline_op	G24	2000	13204	Onsager-online	ons	250	60	--lambda 0.009999999999999998 --ramp --q 6.438265604959149 --t0 6.0358740046492025 --t1 3.0045239489809363 --steps 250	129000000	G24|Onsager-online|original|primary,G24|Onsager-online|extended|primary
G24_Onsageronline_os	G24	2000	13204	Onsager-online	ons	500	120	--lambda 0.009999999999999998 --ramp --q 6.438265604959149 --t0 6.0358740046492025 --t1 3.0045239489809363 --steps 500	129050000	G24|Onsager-online|original|secondary,G24|Onsager-online|extended|secondary
G25_SCA_op	G25	2000	13207	SCA	const	250	60	--lambda 0 --q 6.438265604959149 --t0 6.0358740046492025 --t1 3.0045239489809363 --steps 250	129200000	G25|SCA|original|primary,G25|SCA|extended|primary
G25_SCA_os	G25	2000	13207	SCA	const	1000	240	--lambda 0 --q 6.438265604959149 --t0 8.047832006198936 --t1 3.0045239489809363 --steps 1000	129250000	G25|SCA|original|secondary,G25|SCA|extended|secondary
G25_TEC_op	G25	2000	13207	TEC	const	250	60	--tec-jv -1.6095664012397872 --q 6.438265604959149 --t0 6.0358740046492025 --t1 3.0045239489809363 --steps 250	129400000	G25|TEC|original|primary,G25|TEC|extended|primary
G25_TEC_os	G25	2000	13207	TEC	const	500	240	--tec-jv -1.6095664012397872 --q 6.438265604959149 --t0 6.0358740046492025 --t1 3.0045239489809363 --steps 500	129450000	G25|TEC|original|secondary,G25|TEC|extended|secondary
G25_OnsagerkT_op	G25	2000	13207	Onsager-kT	const	250	60	--tecT 0.25 --ramp --q 6.438265604959149 --t0 6.0358740046492025 --t1 3.0045239489809363 --steps 250	129600000	G25|Onsager-kT|original|primary,G25|Onsager-kT|extended|primary
G25_OnsagerkT_os	G25	2000	13207	Onsager-kT	const	500	240	--tecT 0.25 --ramp --q 6.438265604959149 --t0 6.0358740046492025 --t1 3.0045239489809363 --steps 500	129650000	G25|Onsager-kT|original|secondary,G25|Onsager-kT|extended|secondary
G25_Onsageronline_op	G25	2000	13207	Onsager-online	ons	250	60	--lambda 0.004999999999999999 --ramp --q 6.438265604959149 --t0 6.0358740046492025 --t1 3.0045239489809363 --steps 250	129800000	G25|Onsager-online|original|primary,G25|Onsager-online|extended|primary
G25_Onsageronline_os	G25	2000	13207	Onsager-online	ons	1000	120	--lambda 0.009999999999999998 --ramp --q 6.438265604959149 --t0 6.0358740046492025 --t1 3.0045239489809363 --steps 1000	129850000	G25|Onsager-online|original|secondary,G25|Onsager-online|extended|secondary
G26_SCA_op	G26	2000	13195	SCA	const	250	60	--lambda 0 --q 6.438265604959149 --t0 8.047832006198936 --t1 3.0045239489809363 --steps 250	130000000	G26|SCA|original|primary,G26|SCA|extended|primary
G26_SCA_os	G26	2000	13195	SCA	const	1000	240	--lambda 0 --q 6.438265604959149 --t0 6.0358740046492025 --t1 3.0045239489809363 --steps 1000	130050000	G26|SCA|original|secondary,G26|SCA|extended|secondary
G26_TEC_op	G26	2000	13195	TEC	const	250	60	--tec-jv -0.8047832006198936 --q 6.438265604959149 --t0 6.0358740046492025 --t1 3.0045239489809363 --steps 250	130200000	G26|TEC|original|primary,G26|TEC|extended|primary
G26_TEC_os	G26	2000	13195	TEC	const	500	240	--tec-jv -1.6095664012397872 --q 6.438265604959149 --t0 6.0358740046492025 --t1 3.0045239489809363 --steps 500	130250000	G26|TEC|original|secondary,G26|TEC|extended|secondary
G26_OnsagerkT_op	G26	2000	13195	Onsager-kT	const	250	60	--tecT 0.25 --ramp --q 6.438265604959149 --t0 6.0358740046492025 --t1 3.0045239489809363 --steps 250	130400000	G26|Onsager-kT|original|primary,G26|Onsager-kT|extended|primary
G26_OnsagerkT_os	G26	2000	13195	Onsager-kT	const	500	240	--tecT 0.5 --ramp --q 6.438265604959149 --t0 6.0358740046492025 --t1 3.0045239489809363 --steps 500	130450000	G26|Onsager-kT|original|secondary,G26|Onsager-kT|extended|secondary
G26_Onsageronline_op	G26	2000	13195	Onsager-online	ons	250	60	--lambda 0.009999999999999998 --ramp --q 6.438265604959149 --t0 6.0358740046492025 --t1 3.0045239489809363 --steps 250	130600000	G26|Onsager-online|original|primary,G26|Onsager-online|extended|primary
G26_Onsageronline_os	G26	2000	13195	Onsager-online	ons	500	120	--lambda 0.009999999999999998 --ramp --q 6.438265604959149 --t0 6.0358740046492025 --t1 3.0045239489809363 --steps 500	130650000	G26|Onsager-online|original|secondary,G26|Onsager-online|extended|secondary
G27_SCA_op	G27	2000	3308	SCA	const	500	60	--lambda 0 --q 0.4023916003099468 --t0 4.023916003099468 --t1 0.5007539914968226 --steps 500	130800000	G27|SCA|original|primary,G27|SCA|extended|primary
G27_SCA_os	G27	2000	3308	SCA	const	2000	240	--lambda 0 --q 0.4023916003099468 --t0 4.023916003099468 --t1 0.5007539914968226 --steps 2000	130850000	G27|SCA|original|secondary,G27|SCA|extended|secondary
G27_TEC_op	G27	2000	3308	TEC	const	500	60	--tec-jv -0.4023916003099468 --q 0.4023916003099468 --t0 4.023916003099468 --t1 0.5007539914968226 --steps 500	131000000	G27|TEC|original|primary
G27_TEC_os	G27	2000	3308	TEC	const	2000	240	--tec-jv -0.4023916003099468 --q 0.4023916003099468 --t0 4.023916003099468 --t1 0.5007539914968226 --steps 2000	131050000	G27|TEC|original|secondary,G27|TEC|extended|secondary
G27_TEC_ep	G27	None	3308	TEC	const	500	60	--tec-jv -0.8047832006198936 --q 0.8047832006198936 --t0 6.0358740046492025 --t1 0.5007539914968226 --steps 500	131100000	G27|TEC|extended|primary
G27_OnsagerkT_op	G27	2000	3308	Onsager-kT	const	250	60	--tecT 1.0 --ramp --q 0.4023916003099468 --t0 2.011958001549734 --t1 0.5007539914968226 --steps 250	131200000	G27|Onsager-kT|original|primary,G27|Onsager-kT|extended|primary
G27_OnsagerkT_os	G27	2000	3308	Onsager-kT	const	2000	240	--tecT 1.0 --ramp --q 0.4023916003099468 --t0 2.011958001549734 --t1 0.5007539914968226 --steps 2000	131250000	G27|Onsager-kT|original|secondary,G27|Onsager-kT|extended|secondary
G27_Onsageronline_op	G27	2000	3308	Onsager-online	ons	250	60	--lambda 0.009999999999999998 --ramp --q 0.8047832006198936 --t0 2.011958001549734 --t1 0.5007539914968226 --steps 250	131400000	G27|Onsager-online|original|primary,G27|Onsager-online|extended|primary
G27_Onsageronline_os	G27	2000	3308	Onsager-online	ons	1000	120	--lambda 0.009999999999999998 --ramp --q 0.8047832006198936 --t0 2.011958001549734 --t1 0.5007539914968226 --steps 1000	131450000	G27|Onsager-online|original|secondary,G27|Onsager-online|extended|secondary
G28_SCA_op	G28	2000	3266	SCA	const	500	60	--lambda 0 --q 0.4023916003099468 --t0 4.023916003099468 --t1 0.5007539914968226 --steps 500	131600000	G28|SCA|original|primary,G28|SCA|extended|primary
G28_SCA_os	G28	2000	3266	SCA	const	1000	240	--lambda 0 --q 0.2011958001549734 --t0 4.023916003099468 --t1 0.5007539914968226 --steps 1000	131650000	G28|SCA|original|secondary,G28|SCA|extended|secondary
G28_TEC_op	G28	2000	3266	TEC	const	250	120	--tec-jv -0.2011958001549734 --q 0.4023916003099468 --t0 4.023916003099468 --t1 0.5007539914968226 --steps 250	131800000	G28|TEC|original|primary,G28|TEC|extended|primary
G28_TEC_os	G28	2000	3266	TEC	const	2000	240	--tec-jv -0.2011958001549734 --q 0.4023916003099468 --t0 4.023916003099468 --t1 0.5007539914968226 --steps 2000	131850000	G28|TEC|original|secondary,G28|TEC|extended|secondary
G28_OnsagerkT_op	G28	2000	3266	Onsager-kT	const	250	60	--tecT 1.0 --ramp --q 0.4023916003099468 --t0 2.011958001549734 --t1 0.5007539914968226 --steps 250	132000000	G28|Onsager-kT|original|primary,G28|Onsager-kT|extended|primary
G28_OnsagerkT_os	G28	2000	3266	Onsager-kT	const	2000	240	--tecT 1.0 --ramp --q 0.4023916003099468 --t0 2.011958001549734 --t1 0.5007539914968226 --steps 2000	132050000	G28|Onsager-kT|original|secondary,G28|Onsager-kT|extended|secondary
G28_Onsageronline_op	G28	2000	3266	Onsager-online	ons	250	60	--lambda 0.009999999999999998 --ramp --q 0.8047832006198936 --t0 2.011958001549734 --t1 0.5007539914968226 --steps 250	132200000	G28|Onsager-online|original|primary,G28|Onsager-online|extended|primary
G28_Onsageronline_os	G28	2000	3266	Onsager-online	ons	1000	120	--lambda 0.009999999999999998 --ramp --q 0.8047832006198936 --t0 2.011958001549734 --t1 0.5007539914968226 --steps 1000	132250000	G28|Onsager-online|original|secondary,G28|Onsager-online|extended|secondary
G29_SCA_op	G29	2000	3371	SCA	const	500	120	--lambda 0 --q 0.4023916003099468 --t0 4.023916003099468 --t1 0.5007539914968226 --steps 500	132400000	G29|SCA|original|primary,G29|SCA|extended|primary
G29_SCA_os	G29	2000	3371	SCA	const	2000	240	--lambda 0 --q 0.2011958001549734 --t0 4.023916003099468 --t1 0.5007539914968226 --steps 2000	132450000	G29|SCA|original|secondary,G29|SCA|extended|secondary
G29_TEC_op	G29	2000	3371	TEC	const	500	60	--tec-jv -0.4023916003099468 --q 0.4023916003099468 --t0 4.023916003099468 --t1 0.5007539914968226 --steps 500	132600000	G29|TEC|original|primary,G29|TEC|extended|primary
G29_TEC_os	G29	2000	3371	TEC	const	2000	240	--tec-jv -0.4023916003099468 --q 0.4023916003099468 --t0 4.023916003099468 --t1 0.5007539914968226 --steps 2000	132650000	G29|TEC|original|secondary
G29_TEC_es	G29	None	3371	TEC	const	2000	240	--tec-jv -0.8047832006198936 --q 0.8047832006198936 --t0 6.0358740046492025 --t1 0.5007539914968226 --steps 2000	132750000	G29|TEC|extended|secondary
G29_OnsagerkT_op	G29	2000	3371	Onsager-kT	const	250	120	--tecT 1.0 --ramp --q 0.4023916003099468 --t0 2.011958001549734 --t1 0.5007539914968226 --steps 250	132800000	G29|Onsager-kT|original|primary,G29|Onsager-kT|extended|primary
G29_OnsagerkT_os	G29	2000	3371	Onsager-kT	const	1000	240	--tecT 1.0 --ramp --q 0.4023916003099468 --t0 2.011958001549734 --t1 0.5007539914968226 --steps 1000	132850000	G29|Onsager-kT|original|secondary,G29|Onsager-kT|extended|secondary
G29_Onsageronline_op	G29	2000	3371	Onsager-online	ons	250	120	--lambda 0.009999999999999998 --ramp --q 0.8047832006198936 --t0 2.011958001549734 --t1 0.5007539914968226 --steps 250	133000000	G29|Onsager-online|original|primary,G29|Onsager-online|extended|primary
G29_Onsageronline_os	G29	2000	3371	Onsager-online	ons	2000	120	--lambda 0.009999999999999998 --ramp --q 0.8047832006198936 --t0 2.011958001549734 --t1 0.5007539914968226 --steps 2000	133050000	G29|Onsager-online|original|secondary,G29|Onsager-online|extended|secondary
G30_SCA_op	G30	2000	3379	SCA	const	500	60	--lambda 0 --q 0.4023916003099468 --t0 4.023916003099468 --t1 0.5007539914968226 --steps 500	133200000	G30|SCA|original|primary,G30|SCA|extended|primary
G30_SCA_os	G30	2000	3379	SCA	const	2000	240	--lambda 0 --q 0.4023916003099468 --t0 4.023916003099468 --t1 0.5007539914968226 --steps 2000	133250000	G30|SCA|original|secondary,G30|SCA|extended|secondary
G30_TEC_op	G30	2000	3379	TEC	const	500	60	--tec-jv -0.4023916003099468 --q 0.4023916003099468 --t0 4.023916003099468 --t1 0.5007539914968226 --steps 500	133400000	G30|TEC|original|primary,G30|TEC|extended|primary
G30_TEC_os	G30	2000	3379	TEC	const	2000	240	--tec-jv -0.4023916003099468 --q 0.4023916003099468 --t0 4.023916003099468 --t1 0.5007539914968226 --steps 2000	133450000	G30|TEC|original|secondary,G30|TEC|extended|secondary
G30_OnsagerkT_op	G30	2000	3379	Onsager-kT	const	250	60	--tecT 1.0 --ramp --q 0.4023916003099468 --t0 2.011958001549734 --t1 0.5007539914968226 --steps 250	133600000	G30|Onsager-kT|original|primary,G30|Onsager-kT|extended|primary
G30_OnsagerkT_os	G30	2000	3379	Onsager-kT	const	2000	240	--tecT 1.0 --ramp --q 0.4023916003099468 --t0 2.011958001549734 --t1 0.5007539914968226 --steps 2000	133650000	G30|Onsager-kT|original|secondary,G30|Onsager-kT|extended|secondary
G30_Onsageronline_op	G30	2000	3379	Onsager-online	ons	250	60	--lambda 0.009999999999999998 --ramp --q 0.8047832006198936 --t0 2.011958001549734 --t1 0.5007539914968226 --steps 250	133800000	G30|Onsager-online|original|primary,G30|Onsager-online|extended|primary
G30_Onsageronline_os	G30	2000	3379	Onsager-online	ons	1000	120	--lambda 0.009999999999999998 --ramp --q 0.8047832006198936 --t0 2.011958001549734 --t1 0.5007539914968226 --steps 1000	133850000	G30|Onsager-online|original|secondary,G30|Onsager-online|extended|secondary
G31_SCA_op	G31	2000	3277	SCA	const	500	60	--lambda 0 --q 0.4023916003099468 --t0 4.023916003099468 --t1 0.5007539914968226 --steps 500	134000000	G31|SCA|original|primary,G31|SCA|extended|primary
G31_SCA_os	G31	2000	3277	SCA	const	2000	240	--lambda 0 --q 0.4023916003099468 --t0 4.023916003099468 --t1 0.5007539914968226 --steps 2000	134050000	G31|SCA|original|secondary,G31|SCA|extended|secondary
G31_TEC_op	G31	2000	3277	TEC	const	500	60	--tec-jv -0.4023916003099468 --q 0.4023916003099468 --t0 4.023916003099468 --t1 0.5007539914968226 --steps 500	134200000	G31|TEC|original|primary,G31|TEC|extended|primary
G31_TEC_os	G31	2000	3277	TEC	const	1000	240	--tec-jv -0.4023916003099468 --q 0.4023916003099468 --t0 4.023916003099468 --t1 0.5007539914968226 --steps 1000	134250000	G31|TEC|original|secondary,G31|TEC|extended|secondary
G31_OnsagerkT_op	G31	2000	3277	Onsager-kT	const	250	60	--tecT 1.0 --ramp --q 0.4023916003099468 --t0 2.011958001549734 --t1 0.5007539914968226 --steps 250	134400000	G31|Onsager-kT|original|primary,G31|Onsager-kT|extended|primary
G31_OnsagerkT_os	G31	2000	3277	Onsager-kT	const	1000	240	--tecT 1.0 --ramp --q 0.4023916003099468 --t0 2.011958001549734 --t1 0.5007539914968226 --steps 1000	134450000	G31|Onsager-kT|original|secondary,G31|Onsager-kT|extended|secondary
G31_Onsageronline_op	G31	2000	3277	Onsager-online	ons	250	60	--lambda 0.009999999999999998 --ramp --q 0.8047832006198936 --t0 2.011958001549734 --t1 0.5007539914968226 --steps 250	134600000	G31|Onsager-online|original|primary,G31|Onsager-online|extended|primary
G31_Onsageronline_os	G31	2000	3277	Onsager-online	ons	2000	120	--lambda 0.004999999999999999 --ramp --q 0.4023916003099468 --t0 4.023916003099468 --t1 0.5007539914968226 --steps 2000	134650000	G31|Onsager-online|original|secondary,G31|Onsager-online|extended|secondary
G32_SCA_op	G32	2000	1396	SCA	const	4000	120	--lambda 0 --q 0.36 --t0 1.8 --t1 0.224 --steps 4000	134800000	G32|SCA|original|primary,G32|SCA|original|secondary,G32|SCA|extended|primary,G32|SCA|extended|secondary
G32_TEC_op	G32	2000	1396	TEC	const	2000	240	--tec-jv 0.09 --q 0.36 --t0 1.8 --t1 0.224 --steps 2000	135000000	G32|TEC|original|primary,G32|TEC|original|secondary
G32_TEC_ep	G32	None	1396	TEC	const	4000	120	--tec-jv -0.18 --q 0.72 --t0 2.7 --t1 0.224 --steps 4000	135100000	G32|TEC|extended|primary,G32|TEC|extended|secondary
G32_OnsagerkT_op	G32	2000	1396	Onsager-kT	const	4000	60	--tecT 1.0 --ramp --q 0.36 --t0 0.9 --t1 0.224 --steps 4000	135200000	G32|Onsager-kT|original|primary
G32_OnsagerkT_os	G32	2000	1396	Onsager-kT	const	4000	120	--tecT 1.0 --ramp --q 0.36 --t0 0.9 --t1 0.224 --steps 4000	135250000	G32|Onsager-kT|original|secondary
G32_OnsagerkT_ep	G32	None	1396	Onsager-kT	const	2000	120	--tecT 1.0 --ramp --q 0.36 --t0 0.9 --t1 0.224 --steps 2000	135300000	G32|Onsager-kT|extended|primary
G32_OnsagerkT_es	G32	None	1396	Onsager-kT	const	2000	240	--tecT 1.0 --ramp --q 0.36 --t0 0.9 --t1 0.224 --steps 2000	135350000	G32|Onsager-kT|extended|secondary
G32_Onsageronline_op	G32	2000	1396	Onsager-online	ons	2000	120	--lambda 0.0010005002501250625 --ramp --q 0.36 --t0 1.8 --t1 0.224 --steps 2000	135400000	G32|Onsager-online|original|primary,G32|Onsager-online|original|secondary,G32|Onsager-online|extended|primary,G32|Onsager-online|extended|secondary
G33_SCA_op	G33	2000	1369	SCA	const	4000	120	--lambda 0 --q 0.36 --t0 1.8 --t1 0.224 --steps 4000	135600000	G33|SCA|original|primary,G33|SCA|original|secondary
G33_SCA_ep	G33	None	1369	SCA	const	4000	120	--lambda 0 --q 0.54 --t0 2.25 --t1 0.224 --steps 4000	135700000	G33|SCA|extended|primary,G33|SCA|extended|secondary
G33_TEC_op	G33	2000	1369	TEC	const	4000	120	--tec-jv 0.09 --q 0.36 --t0 1.8 --t1 0.224 --steps 4000	135800000	G33|TEC|original|primary,G33|TEC|original|secondary,G33|TEC|extended|primary,G33|TEC|extended|secondary
G33_OnsagerkT_op	G33	2000	1369	Onsager-kT	const	2000	120	--tecT 1.0 --ramp --q 0.36 --t0 0.9 --t1 0.224 --steps 2000	136000000	G33|Onsager-kT|original|primary,G33|Onsager-kT|extended|primary
G33_OnsagerkT_os	G33	2000	1369	Onsager-kT	const	2000	240	--tecT 1.0 --ramp --q 0.36 --t0 0.9 --t1 0.224 --steps 2000	136050000	G33|Onsager-kT|original|secondary,G33|Onsager-kT|extended|secondary
G33_Onsageronline_op	G33	2000	1369	Onsager-online	ons	4000	120	--lambda 0.0010005002501250625 --ramp --q 0.36 --t0 1.8 --t1 0.224 --steps 4000	136200000	G33|Onsager-online|original|primary
G33_Onsageronline_os	G33	2000	1369	Onsager-online	ons	4000	240	--lambda 0.0010005002501250625 --ramp --q 0.36 --t0 1.8 --t1 0.224 --steps 4000	136250000	G33|Onsager-online|original|secondary
G33_Onsageronline_ep	G33	None	1369	Onsager-online	ons	2000	120	--lambda 0.0010005002501250625 --ramp --q 0.36 --t0 2.7 --t1 0.224 --steps 2000	136300000	G33|Onsager-online|extended|primary,G33|Onsager-online|extended|secondary
G34_SCA_op	G34	2000	1371	SCA	const	4000	120	--lambda 0 --q 0.36 --t0 1.8 --t1 0.224 --steps 4000	136400000	G34|SCA|original|primary,G34|SCA|original|secondary,G34|SCA|extended|primary,G34|SCA|extended|secondary
G34_TEC_op	G34	2000	1371	TEC	const	2000	240	--tec-jv 0.09 --q 0.36 --t0 1.8 --t1 0.224 --steps 2000	136600000	G34|TEC|original|primary,G34|TEC|original|secondary
G34_TEC_ep	G34	None	1371	TEC	const	4000	120	--tec-jv 0.18 --q 0.36 --t0 1.8 --t1 0.224 --steps 4000	136700000	G34|TEC|extended|primary,G34|TEC|extended|secondary
G34_OnsagerkT_op	G34	2000	1371	Onsager-kT	const	4000	60	--tecT 1.0 --ramp --q 0.36 --t0 0.9 --t1 0.224 --steps 4000	136800000	G34|Onsager-kT|original|primary,G34|Onsager-kT|extended|primary
G34_OnsagerkT_os	G34	2000	1371	Onsager-kT	const	4000	120	--tecT 1.0 --ramp --q 0.36 --t0 0.9 --t1 0.224 --steps 4000	136850000	G34|Onsager-kT|original|secondary,G34|Onsager-kT|extended|secondary
G34_Onsageronline_op	G34	2000	1371	Onsager-online	ons	4000	120	--lambda 0.0010005002501250625 --ramp --q 0.36 --t0 1.8 --t1 0.224 --steps 4000	137000000	G34|Onsager-online|original|primary,G34|Onsager-online|extended|primary
G34_Onsageronline_os	G34	2000	1371	Onsager-online	ons	4000	240	--lambda 0.0010005002501250625 --ramp --q 0.36 --t0 1.8 --t1 0.224 --steps 4000	137050000	G34|Onsager-online|original|secondary,G34|Onsager-online|extended|secondary
G35_SCA_op	G35	2000	7611	SCA	const	2000	60	--lambda 0 --q 7.412923633762863 --t0 6.177436361469052 --t1 2.3062429082817797 --steps 2000	137200000	G35|SCA|original|primary,G35|SCA|extended|primary
G35_SCA_os	G35	2000	7611	SCA	const	4000	120	--lambda 0 --q 7.412923633762863 --t0 6.177436361469052 --t1 2.3062429082817797 --steps 4000	137250000	G35|SCA|original|secondary,G35|SCA|extended|secondary
G35_TEC_op	G35	2000	7611	TEC	const	1000	60	--tec-jv -0.6177436361469052 --q 4.941949089175242 --t0 3.088718180734526 --t1 2.3062429082817797 --steps 1000	137400000	G35|TEC|original|primary,G35|TEC|extended|primary
G35_TEC_os	G35	2000	7611	TEC	const	2000	240	--tec-jv -0.6177436361469052 --q 4.941949089175242 --t0 3.088718180734526 --t1 2.3062429082817797 --steps 2000	137450000	G35|TEC|original|secondary,G35|TEC|extended|secondary
G35_OnsagerkT_op	G35	2000	7611	Onsager-kT	const	1000	60	--tecT 0.25 --ramp --q 4.941949089175242 --t0 3.088718180734526 --t1 2.3062429082817797 --steps 1000	137600000	G35|Onsager-kT|original|primary
G35_OnsagerkT_os	G35	2000	7611	Onsager-kT	const	2000	240	--tecT 0.25 --ramp --q 4.941949089175242 --t0 3.088718180734526 --t1 2.3062429082817797 --steps 2000	137650000	G35|Onsager-kT|original|secondary
G35_OnsagerkT_ep	G35	None	7611	Onsager-kT	const	1000	60	--tecT 2.0 --ramp --q 9.883898178350483 --t0 3.088718180734526 --t1 2.3062429082817797 --steps 1000	137700000	G35|Onsager-kT|extended|primary
G35_OnsagerkT_es	G35	None	7611	Onsager-kT	const	2000	240	--tecT 2.0 --ramp --q 9.883898178350483 --t0 3.088718180734526 --t1 2.3062429082817797 --steps 2000	137750000	G35|Onsager-kT|extended|secondary
G35_Onsageronline_op	G35	2000	7611	Onsager-online	ons	1000	60	--lambda 0.0058919459729864935 --ramp --q 4.941949089175242 --t0 3.088718180734526 --t1 2.3062429082817797 --steps 1000	137800000	G35|Onsager-online|original|primary,G35|Onsager-online|extended|primary
G35_Onsageronline_os	G35	2000	7611	Onsager-online	ons	2000	120	--lambda 0.0058919459729864935 --ramp --q 4.941949089175242 --t0 3.088718180734526 --t1 2.3062429082817797 --steps 2000	137850000	G35|Onsager-online|original|secondary,G35|Onsager-online|extended|secondary
G36_SCA_op	G36	2000	7604	SCA	const	2000	60	--lambda 0 --q 7.40914634758958 --t0 6.174288622991316 --t1 2.3050677525834247 --steps 2000	138000000	G36|SCA|original|primary,G36|SCA|extended|primary
G36_SCA_os	G36	2000	7604	SCA	const	4000	120	--lambda 0 --q 7.40914634758958 --t0 6.174288622991316 --t1 2.3050677525834247 --steps 4000	138050000	G36|SCA|original|secondary,G36|SCA|extended|secondary
G36_TEC_op	G36	2000	7604	TEC	const	1000	60	--tec-jv -0.6174288622991315 --q 4.939430898393052 --t0 3.087144311495658 --t1 2.3050677525834247 --steps 1000	138200000	G36|TEC|original|primary,G36|TEC|extended|primary
G36_TEC_os	G36	2000	7604	TEC	const	2000	240	--tec-jv -0.6174288622991315 --q 4.939430898393052 --t0 3.087144311495658 --t1 2.3050677525834247 --steps 2000	138250000	G36|TEC|original|secondary,G36|TEC|extended|secondary
G36_OnsagerkT_op	G36	2000	7604	Onsager-kT	const	500	60	--tecT 0.5 --ramp --q 4.939430898393052 --t0 3.087144311495658 --t1 2.3050677525834247 --steps 500	138400000	G36|Onsager-kT|original|primary
G36_OnsagerkT_os	G36	2000	7604	Onsager-kT	const	2000	240	--tecT 0.25 --ramp --q 4.939430898393052 --t0 3.087144311495658 --t1 2.3050677525834247 --steps 2000	138450000	G36|Onsager-kT|original|secondary
G36_OnsagerkT_ep	G36	None	7604	Onsager-kT	const	1000	60	--tecT 2.0 --ramp --q 9.878861796786104 --t0 3.087144311495658 --t1 2.3050677525834247 --steps 1000	138500000	G36|Onsager-kT|extended|primary
G36_OnsagerkT_es	G36	None	7604	Onsager-kT	const	4000	120	--tecT 2.0 --ramp --q 9.878861796786104 --t0 3.087144311495658 --t1 2.3050677525834247 --steps 4000	138550000	G36|Onsager-kT|extended|secondary
G36_Onsageronline_op	G36	2000	7604	Onsager-online	ons	1000	60	--lambda 0.0058859429714857425 --ramp --q 4.939430898393052 --t0 3.087144311495658 --t1 2.3050677525834247 --steps 1000	138600000	G36|Onsager-online|original|primary,G36|Onsager-online|extended|primary
G36_Onsageronline_os	G36	2000	7604	Onsager-online	ons	2000	120	--lambda 0.0058859429714857425 --ramp --q 4.939430898393052 --t0 3.087144311495658 --t1 2.3050677525834247 --steps 2000	138650000	G36|Onsager-online|original|secondary,G36|Onsager-online|extended|secondary
G37_SCA_op	G37	2000	7615	SCA	const	2000	60	--lambda 0 --q 7.415126162109449 --t0 6.179271801757874 --t1 2.3069281393229395 --steps 2000	138800000	G37|SCA|original|primary,G37|SCA|extended|primary
G37_SCA_os	G37	2000	7615	SCA	const	4000	120	--lambda 0 --q 7.415126162109449 --t0 6.179271801757874 --t1 2.3069281393229395 --steps 4000	138850000	G37|SCA|original|secondary,G37|SCA|extended|secondary
G37_TEC_op	G37	2000	7615	TEC	const	2000	60	--tec-jv -0.6179271801757874 --q 4.943417441406299 --t0 3.089635900878937 --t1 2.3069281393229395 --steps 2000	139000000	G37|TEC|original|primary,G37|TEC|extended|primary
G37_TEC_os	G37	2000	7615	TEC	const	4000	120	--tec-jv -0.6179271801757874 --q 4.943417441406299 --t0 3.089635900878937 --t1 2.3069281393229395 --steps 4000	139050000	G37|TEC|original|secondary,G37|TEC|extended|secondary
G37_OnsagerkT_op	G37	2000	7615	Onsager-kT	const	1000	60	--tecT 0.5 --ramp --q 4.943417441406299 --t0 3.089635900878937 --t1 2.3069281393229395 --steps 1000	139200000	G37|Onsager-kT|original|primary
G37_OnsagerkT_os	G37	2000	7615	Onsager-kT	const	1000	240	--tecT 0.5 --ramp --q 4.943417441406299 --t0 3.089635900878937 --t1 2.3069281393229395 --steps 1000	139250000	G37|Onsager-kT|original|secondary
G37_OnsagerkT_ep	G37	None	7615	Onsager-kT	const	1000	60	--tecT 2.0 --ramp --q 9.886834882812598 --t0 3.089635900878937 --t1 2.3069281393229395 --steps 1000	139300000	G37|Onsager-kT|extended|primary
G37_OnsagerkT_es	G37	None	7615	Onsager-kT	const	2000	240	--tecT 2.0 --ramp --q 9.886834882812598 --t0 3.089635900878937 --t1 2.3069281393229395 --steps 2000	139350000	G37|Onsager-kT|extended|secondary
G37_Onsageronline_op	G37	2000	7615	Onsager-online	ons	1000	60	--lambda 0.005895447723861931 --ramp --q 4.943417441406299 --t0 3.089635900878937 --t1 2.3069281393229395 --steps 1000	139400000	G37|Onsager-online|original|primary,G37|Onsager-online|extended|primary
G37_Onsageronline_os	G37	2000	7615	Onsager-online	ons	4000	240	--lambda 0.005895447723861931 --ramp --q 4.943417441406299 --t0 3.089635900878937 --t1 2.3069281393229395 --steps 4000	139450000	G37|Onsager-online|original|secondary,G37|Onsager-online|extended|secondary
G38_SCA_op	G38	2000	7612	SCA	const	2000	60	--lambda 0 --q 7.413238320734064 --t0 6.17769860061172 --t1 2.306340810895042 --steps 2000	139600000	G38|SCA|original|primary,G38|SCA|extended|primary
G38_SCA_os	G38	2000	7612	SCA	const	4000	120	--lambda 0 --q 7.413238320734064 --t0 6.17769860061172 --t1 2.306340810895042 --steps 4000	139650000	G38|SCA|original|secondary,G38|SCA|extended|secondary
G38_TEC_op	G38	2000	7612	TEC	const	500	60	--tec-jv -1.235539720122344 --q 4.942158880489376 --t0 3.08884930030586 --t1 2.306340810895042 --steps 500	139800000	G38|TEC|original|primary,G38|TEC|extended|primary
G38_TEC_os	G38	2000	7612	TEC	const	4000	120	--tec-jv -0.617769860061172 --q 4.942158880489376 --t0 3.08884930030586 --t1 2.306340810895042 --steps 4000	139850000	G38|TEC|original|secondary,G38|TEC|extended|secondary
G38_OnsagerkT_op	G38	2000	7612	Onsager-kT	const	1000	60	--tecT 0.25 --ramp --q 4.942158880489376 --t0 3.08884930030586 --t1 2.306340810895042 --steps 1000	140000000	G38|Onsager-kT|original|primary
G38_OnsagerkT_os	G38	2000	7612	Onsager-kT	const	2000	240	--tecT 0.25 --ramp --q 4.942158880489376 --t0 3.08884930030586 --t1 2.306340810895042 --steps 2000	140050000	G38|Onsager-kT|original|secondary
G38_OnsagerkT_ep	G38	None	7612	Onsager-kT	const	1000	60	--tecT 2.0 --ramp --q 9.884317760978751 --t0 3.08884930030586 --t1 2.306340810895042 --steps 1000	140100000	G38|Onsager-kT|extended|primary
G38_OnsagerkT_es	G38	None	7612	Onsager-kT	const	4000	120	--tecT 2.0 --ramp --q 9.884317760978751 --t0 3.08884930030586 --t1 2.306340810895042 --steps 4000	140150000	G38|Onsager-kT|extended|secondary
G38_Onsageronline_op	G38	2000	7612	Onsager-online	ons	1000	60	--lambda 0.005892446223111555 --ramp --q 4.942158880489376 --t0 3.08884930030586 --t1 2.306340810895042 --steps 1000	140200000	G38|Onsager-online|original|primary,G38|Onsager-online|extended|primary
G38_Onsageronline_os	G38	2000	7612	Onsager-online	ons	4000	240	--lambda 0.005892446223111555 --ramp --q 4.942158880489376 --t0 3.08884930030586 --t1 2.306340810895042 --steps 4000	140250000	G38|Onsager-online|original|secondary
G38_Onsageronline_es	G38	None	7612	Onsager-online	ons	2000	120	--lambda 0.005892446223111555 --ramp --q 4.942158880489376 --t0 3.08884930030586 --t1 2.306340810895042 --steps 2000	140350000	G38|Onsager-online|extended|secondary
G39_SCA_op	G39	2000	2384	SCA	const	2000	60	--lambda 0 --q 0.6177436361469052 --t0 4.633077271101789 --t1 0.38437381804696324 --steps 2000	140400000	G39|SCA|original|primary,G39|SCA|extended|primary
G39_SCA_os	G39	2000	2384	SCA	const	4000	120	--lambda 0 --q 0.6177436361469052 --t0 4.633077271101789 --t1 0.38437381804696324 --steps 4000	140450000	G39|SCA|original|secondary
G39_SCA_es	G39	None	2384	SCA	const	4000	120	--lambda 0 --q 0.6177436361469052 --t0 3.8608977259181576 --t1 0.38437381804696324 --steps 4000	140550000	G39|SCA|extended|secondary
G39_TEC_op	G39	2000	2384	TEC	const	500	240	--tec-jv -0.3088718180734526 --q 0.6177436361469052 --t0 3.088718180734526 --t1 0.38437381804696324 --steps 500	140600000	G39|TEC|original|primary
G39_TEC_os	G39	2000	2384	TEC	const	4000	120	--tec-jv -0.1544359090367263 --q 0.6177436361469052 --t0 3.088718180734526 --t1 0.38437381804696324 --steps 4000	140650000	G39|TEC|original|secondary
G39_TEC_ep	G39	None	2384	TEC	const	2000	60	--tec-jv -0.6177436361469052 --q 0.6177436361469052 --t0 6.177436361469052 --t1 0.38437381804696324 --steps 2000	140700000	G39|TEC|extended|primary
G39_TEC_es	G39	None	2384	TEC	const	2000	240	--tec-jv -0.6177436361469052 --q 0.6177436361469052 --t0 6.177436361469052 --t1 0.38437381804696324 --steps 2000	140750000	G39|TEC|extended|secondary
G39_OnsagerkT_op	G39	2000	2384	Onsager-kT	const	2000	60	--tecT 1.0 --ramp --q 0.6177436361469052 --t0 3.088718180734526 --t1 0.38437381804696324 --steps 2000	140800000	G39|Onsager-kT|original|primary
G39_OnsagerkT_os	G39	2000	2384	Onsager-kT	const	2000	240	--tecT 1.0 --ramp --q 0.6177436361469052 --t0 3.088718180734526 --t1 0.38437381804696324 --steps 2000	140850000	G39|Onsager-kT|original|secondary
G39_OnsagerkT_ep	G39	None	2384	Onsager-kT	const	2000	60	--tecT 1.0 --ramp --q 0.6177436361469052 --t0 6.177436361469052 --t1 0.38437381804696324 --steps 2000	140900000	G39|Onsager-kT|extended|primary
G39_OnsagerkT_es	G39	None	2384	Onsager-kT	const	4000	120	--tecT 0.5 --ramp --q 0.6177436361469052 --t0 3.088718180734526 --t1 0.38437381804696324 --steps 4000	140950000	G39|Onsager-kT|extended|secondary
G39_Onsageronline_op	G39	2000	2384	Onsager-online	ons	500	120	--lambda 0.0029459729864932467 --ramp --q 0.6177436361469052 --t0 3.088718180734526 --t1 0.38437381804696324 --steps 500	141000000	G39|Onsager-online|original|primary,G39|Onsager-online|extended|primary
G39_Onsageronline_os	G39	2000	2384	Onsager-online	ons	1000	120	--lambda 0.0029459729864932467 --ramp --q 0.6177436361469052 --t0 3.088718180734526 --t1 0.38437381804696324 --steps 1000	141050000	G39|Onsager-online|original|secondary,G39|Onsager-online|extended|secondary
G40_SCA_op	G40	2000	2376	SCA	const	4000	60	--lambda 0 --q 0.6174288622991315 --t0 3.087144311495658 --t1 0.3841779587639041 --steps 4000	141200000	G40|SCA|original|primary,G40|SCA|extended|primary
G40_SCA_os	G40	2000	2376	SCA	const	4000	120	--lambda 0 --q 0.6174288622991315 --t0 3.087144311495658 --t1 0.3841779587639041 --steps 4000	141250000	G40|SCA|original|secondary,G40|SCA|extended|secondary
G40_TEC_op	G40	2000	2376	TEC	const	1000	120	--tec-jv -0.30871443114956576 --q 0.6174288622991315 --t0 3.087144311495658 --t1 0.3841779587639041 --steps 1000	141400000	G40|TEC|original|primary
G40_TEC_os	G40	2000	2376	TEC	const	1000	240	--tec-jv -0.30871443114956576 --q 0.6174288622991315 --t0 3.087144311495658 --t1 0.3841779587639041 --steps 1000	141450000	G40|TEC|original|secondary
G40_TEC_ep	G40	None	2376	TEC	const	2000	60	--tec-jv -0.30871443114956576 --q 0.6174288622991315 --t0 3.087144311495658 --t1 0.3841779587639041 --steps 2000	141500000	G40|TEC|extended|primary
G40_TEC_es	G40	None	2376	TEC	const	2000	240	--tec-jv -0.30871443114956576 --q 0.6174288622991315 --t0 3.087144311495658 --t1 0.3841779587639041 --steps 2000	141550000	G40|TEC|extended|secondary
G40_OnsagerkT_op	G40	2000	2376	Onsager-kT	const	2000	60	--tecT 0.5 --ramp --q 0.6174288622991315 --t0 3.087144311495658 --t1 0.3841779587639041 --steps 2000	141600000	G40|Onsager-kT|original|primary,G40|Onsager-kT|extended|primary
G40_OnsagerkT_os	G40	2000	2376	Onsager-kT	const	2000	240	--tecT 0.5 --ramp --q 0.6174288622991315 --t0 3.087144311495658 --t1 0.3841779587639041 --steps 2000	141650000	G40|Onsager-kT|original|secondary,G40|Onsager-kT|extended|secondary
G40_Onsageronline_op	G40	2000	2376	Onsager-online	ons	1000	120	--lambda 0.0029429714857428712 --ramp --q 0.6174288622991315 --t0 3.087144311495658 --t1 0.3841779587639041 --steps 1000	141800000	G40|Onsager-online|original|primary,G40|Onsager-online|extended|primary
G40_Onsageronline_os	G40	2000	2376	Onsager-online	ons	2000	120	--lambda 0.0029429714857428712 --ramp --q 0.6174288622991315 --t0 3.087144311495658 --t1 0.3841779587639041 --steps 2000	141850000	G40|Onsager-online|original|secondary,G40|Onsager-online|extended|secondary
G41_SCA_op	G41	2000	2381	SCA	const	2000	120	--lambda 0 --q 0.6179271801757874 --t0 4.634453851318406 --t1 0.3844880232204899 --steps 2000	142000000	G41|SCA|original|primary
G41_SCA_os	G41	2000	2381	SCA	const	2000	240	--lambda 0 --q 0.6179271801757874 --t0 4.634453851318406 --t1 0.3844880232204899 --steps 2000	142050000	G41|SCA|original|secondary
G41_SCA_ep	G41	None	2381	SCA	const	2000	120	--lambda 0 --q 0.6179271801757874 --t0 3.862044876098671 --t1 0.3844880232204899 --steps 2000	142100000	G41|SCA|extended|primary
G41_SCA_es	G41	None	2381	SCA	const	4000	120	--lambda 0 --q 0.6179271801757874 --t0 3.089635900878937 --t1 0.3844880232204899 --steps 4000	142150000	G41|SCA|extended|secondary
G41_TEC_op	G41	2000	2381	TEC	const	2000	60	--tec-jv -0.3089635900878937 --q 0.6179271801757874 --t0 3.089635900878937 --t1 0.3844880232204899 --steps 2000	142200000	G41|TEC|original|primary,G41|TEC|extended|primary
G41_TEC_os	G41	2000	2381	TEC	const	2000	240	--tec-jv -0.3089635900878937 --q 0.6179271801757874 --t0 3.089635900878937 --t1 0.3844880232204899 --steps 2000	142250000	G41|TEC|original|secondary,G41|TEC|extended|secondary
G41_OnsagerkT_op	G41	2000	2381	Onsager-kT	const	2000	60	--tecT 1.0 --ramp --q 0.6179271801757874 --t0 1.5448179504394686 --t1 0.3844880232204899 --steps 2000	142400000	G41|Onsager-kT|original|primary,G41|Onsager-kT|extended|primary
G41_OnsagerkT_os	G41	2000	2381	Onsager-kT	const	2000	240	--tecT 1.0 --ramp --q 0.6179271801757874 --t0 1.5448179504394686 --t1 0.3844880232204899 --steps 2000	142450000	G41|Onsager-kT|original|secondary,G41|Onsager-kT|extended|secondary
G41_Onsageronline_op	G41	2000	2381	Onsager-online	ons	1000	120	--lambda 0.0029477238619309656 --ramp --q 0.6179271801757874 --t0 3.089635900878937 --t1 0.3844880232204899 --steps 1000	142600000	G41|Onsager-online|original|primary,G41|Onsager-online|extended|primary
G41_Onsageronline_os	G41	2000	2381	Onsager-online	ons	2000	120	--lambda 0.0029477238619309656 --ramp --q 0.6179271801757874 --t0 3.089635900878937 --t1 0.3844880232204899 --steps 2000	142650000	G41|Onsager-online|original|secondary,G41|Onsager-online|extended|secondary
G42_SCA_op	G42	2000	2457	SCA	const	2000	60	--lambda 0 --q 0.617769860061172 --t0 3.08884930030586 --t1 0.38439013514917364 --steps 2000	142800000	G42|SCA|original|primary
G42_SCA_os	G42	2000	2457	SCA	const	2000	240	--lambda 0 --q 0.617769860061172 --t0 3.08884930030586 --t1 0.38439013514917364 --steps 2000	142850000	G42|SCA|original|secondary
G42_SCA_ep	G42	None	2457	SCA	const	2000	60	--lambda 0 --q 0.617769860061172 --t0 5.405486275535254 --t1 0.38439013514917364 --steps 2000	142900000	G42|SCA|extended|primary
G42_SCA_es	G42	None	2457	SCA	const	2000	240	--lambda 0 --q 0.617769860061172 --t0 5.405486275535254 --t1 0.38439013514917364 --steps 2000	142950000	G42|SCA|extended|secondary
G42_TEC_op	G42	2000	2457	TEC	const	500	240	--tec-jv -0.154442465015293 --q 0.617769860061172 --t0 3.08884930030586 --t1 0.38439013514917364 --steps 500	143000000	G42|TEC|original|primary
G42_TEC_os	G42	2000	2457	TEC	const	4000	120	--tec-jv -0.308884930030586 --q 0.617769860061172 --t0 3.08884930030586 --t1 0.38439013514917364 --steps 4000	143050000	G42|TEC|original|secondary
G42_TEC_ep	G42	None	2457	TEC	const	2000	120	--tec-jv -0.617769860061172 --q 0.617769860061172 --t0 6.17769860061172 --t1 0.38439013514917364 --steps 2000	143100000	G42|TEC|extended|primary
G42_TEC_es	G42	None	2457	TEC	const	4000	120	--tec-jv -0.617769860061172 --q 0.617769860061172 --t0 4.63327395045879 --t1 0.38439013514917364 --steps 4000	143150000	G42|TEC|extended|secondary
G42_OnsagerkT_op	G42	2000	2457	Onsager-kT	const	1000	120	--tecT 1.0 --ramp --q 0.617769860061172 --t0 3.08884930030586 --t1 0.38439013514917364 --steps 1000	143200000	G42|Onsager-kT|original|primary,G42|Onsager-kT|extended|primary
G42_OnsagerkT_os	G42	2000	2457	Onsager-kT	const	4000	120	--tecT 1.0 --ramp --q 0.617769860061172 --t0 3.08884930030586 --t1 0.38439013514917364 --steps 4000	143250000	G42|Onsager-kT|original|secondary,G42|Onsager-kT|extended|secondary
G42_Onsageronline_op	G42	2000	2457	Onsager-online	ons	1000	120	--lambda 0.0029462231115557776 --ramp --q 0.617769860061172 --t0 3.08884930030586 --t1 0.38439013514917364 --steps 1000	143400000	G42|Onsager-online|original|primary,G42|Onsager-online|original|secondary,G42|Onsager-online|extended|primary,G42|Onsager-online|extended|secondary
G43_SCA_op	G43	1000	6594	SCA	const	250	60	--lambda 0 --q 6.4366550319245786 --t0 8.045818789905724 --t1 3.0037723482314704 --steps 250	143600000	G43|SCA|original|primary,G43|SCA|extended|primary
G43_SCA_os	G43	1000	6594	SCA	const	1000	240	--lambda 0 --q 6.4366550319245786 --t0 6.034364092429294 --t1 3.0037723482314704 --steps 1000	143650000	G43|SCA|original|secondary,G43|SCA|extended|secondary
G43_TEC_op	G43	1000	6594	TEC	const	250	60	--tec-jv -0.8045818789905723 --q 6.4366550319245786 --t0 6.034364092429294 --t1 3.0037723482314704 --steps 250	143800000	G43|TEC|original|primary,G43|TEC|extended|primary
G43_TEC_os	G43	1000	6594	TEC	const	1000	240	--tec-jv -0.8045818789905723 --q 6.4366550319245786 --t0 6.034364092429294 --t1 3.0037723482314704 --steps 1000	143850000	G43|TEC|original|secondary,G43|TEC|extended|secondary
G43_OnsagerkT_op	G43	1000	6594	Onsager-kT	const	250	60	--tecT 0.5 --ramp --q 6.4366550319245786 --t0 6.034364092429294 --t1 3.0037723482314704 --steps 250	144000000	G43|Onsager-kT|original|primary,G43|Onsager-kT|extended|primary
G43_OnsagerkT_os	G43	1000	6594	Onsager-kT	const	1000	240	--tecT 0.25 --ramp --q 6.4366550319245786 --t0 6.034364092429294 --t1 3.0037723482314704 --steps 1000	144050000	G43|Onsager-kT|original|secondary,G43|Onsager-kT|extended|secondary
G43_Onsageronline_op	G43	1000	6594	Onsager-online	ons	250	60	--lambda 0.01998999499749875 --ramp --q 6.4366550319245786 --t0 6.034364092429294 --t1 3.0037723482314704 --steps 250	144200000	G43|Onsager-online|original|primary,G43|Onsager-online|extended|primary
G43_Onsageronline_os	G43	1000	6594	Onsager-online	ons	1000	120	--lambda 0.01998999499749875 --ramp --q 6.4366550319245786 --t0 6.034364092429294 --t1 3.0037723482314704 --steps 1000	144250000	G43|Onsager-online|original|secondary,G43|Onsager-online|extended|secondary
G44_SCA_op	G44	1000	6584	SCA	const	250	60	--lambda 0 --q 6.4366550319245786 --t0 8.045818789905724 --t1 3.0037723482314704 --steps 250	144400000	G44|SCA|original|primary,G44|SCA|extended|primary
G44_SCA_os	G44	1000	6584	SCA	const	1000	240	--lambda 0 --q 6.4366550319245786 --t0 6.034364092429294 --t1 3.0037723482314704 --steps 1000	144450000	G44|SCA|original|secondary,G44|SCA|extended|secondary
G44_TEC_op	G44	1000	6584	TEC	const	250	60	--tec-jv -1.6091637579811446 --q 6.4366550319245786 --t0 6.034364092429294 --t1 3.0037723482314704 --steps 250	144600000	G44|TEC|original|primary,G44|TEC|extended|primary
G44_TEC_os	G44	1000	6584	TEC	const	500	240	--tec-jv -1.6091637579811446 --q 6.4366550319245786 --t0 6.034364092429294 --t1 3.0037723482314704 --steps 500	144650000	G44|TEC|original|secondary,G44|TEC|extended|secondary
G44_OnsagerkT_op	G44	1000	6584	Onsager-kT	const	250	60	--tecT 0.25 --ramp --q 6.4366550319245786 --t0 6.034364092429294 --t1 3.0037723482314704 --steps 250	144800000	G44|Onsager-kT|original|primary,G44|Onsager-kT|extended|primary
G44_OnsagerkT_os	G44	1000	6584	Onsager-kT	const	500	240	--tecT 0.5 --ramp --q 6.4366550319245786 --t0 6.034364092429294 --t1 3.0037723482314704 --steps 500	144850000	G44|Onsager-kT|original|secondary,G44|Onsager-kT|extended|secondary
G44_Onsageronline_op	G44	1000	6584	Onsager-online	ons	250	60	--lambda 0.01998999499749875 --ramp --q 6.4366550319245786 --t0 6.034364092429294 --t1 3.0037723482314704 --steps 250	145000000	G44|Onsager-online|original|primary,G44|Onsager-online|extended|primary
G44_Onsageronline_os	G44	1000	6584	Onsager-online	ons	1000	120	--lambda 0.01998999499749875 --ramp --q 6.4366550319245786 --t0 6.034364092429294 --t1 3.0037723482314704 --steps 1000	145050000	G44|Onsager-online|original|secondary,G44|Onsager-online|extended|secondary
G45_SCA_op	G45	1000	6588	SCA	const	250	60	--lambda 0 --q 6.4366550319245786 --t0 8.045818789905724 --t1 3.0037723482314704 --steps 250	145200000	G45|SCA|original|primary,G45|SCA|extended|primary
G45_SCA_os	G45	1000	6588	SCA	const	1000	240	--lambda 0 --q 6.4366550319245786 --t0 6.034364092429294 --t1 3.0037723482314704 --steps 1000	145250000	G45|SCA|original|secondary,G45|SCA|extended|secondary
G45_TEC_op	G45	1000	6588	TEC	const	250	60	--tec-jv -1.6091637579811446 --q 6.4366550319245786 --t0 6.034364092429294 --t1 3.0037723482314704 --steps 250	145400000	G45|TEC|original|primary,G45|TEC|extended|primary
G45_TEC_os	G45	1000	6588	TEC	const	500	240	--tec-jv -0.8045818789905723 --q 6.4366550319245786 --t0 6.034364092429294 --t1 3.0037723482314704 --steps 500	145450000	G45|TEC|original|secondary,G45|TEC|extended|secondary
G45_OnsagerkT_op	G45	1000	6588	Onsager-kT	const	250	60	--tecT 0.25 --ramp --q 6.4366550319245786 --t0 6.034364092429294 --t1 3.0037723482314704 --steps 250	145600000	G45|Onsager-kT|original|primary,G45|Onsager-kT|extended|primary
G45_OnsagerkT_os	G45	1000	6588	Onsager-kT	const	500	240	--tecT 0.25 --ramp --q 6.4366550319245786 --t0 6.034364092429294 --t1 3.0037723482314704 --steps 500	145650000	G45|Onsager-kT|original|secondary,G45|Onsager-kT|extended|secondary
G45_Onsageronline_op	G45	1000	6588	Onsager-online	ons	250	60	--lambda 0.01998999499749875 --ramp --q 6.4366550319245786 --t0 6.034364092429294 --t1 3.0037723482314704 --steps 250	145800000	G45|Onsager-online|original|primary,G45|Onsager-online|extended|primary
G45_Onsageronline_os	G45	1000	6588	Onsager-online	ons	1000	120	--lambda 0.01998999499749875 --ramp --q 6.4366550319245786 --t0 6.034364092429294 --t1 3.0037723482314704 --steps 1000	145850000	G45|Onsager-online|original|secondary,G45|Onsager-online|extended|secondary
G46_SCA_op	G46	1000	6583	SCA	const	250	60	--lambda 0 --q 6.4366550319245786 --t0 8.045818789905724 --t1 3.0037723482314704 --steps 250	146000000	G46|SCA|original|primary,G46|SCA|extended|primary
G46_SCA_os	G46	1000	6583	SCA	const	1000	240	--lambda 0 --q 6.4366550319245786 --t0 6.034364092429294 --t1 3.0037723482314704 --steps 1000	146050000	G46|SCA|original|secondary,G46|SCA|extended|secondary
G46_TEC_op	G46	1000	6583	TEC	const	250	60	--tec-jv -1.6091637579811446 --q 6.4366550319245786 --t0 6.034364092429294 --t1 3.0037723482314704 --steps 250	146200000	G46|TEC|original|primary,G46|TEC|extended|primary
G46_TEC_os	G46	1000	6583	TEC	const	500	240	--tec-jv -1.6091637579811446 --q 6.4366550319245786 --t0 6.034364092429294 --t1 3.0037723482314704 --steps 500	146250000	G46|TEC|original|secondary,G46|TEC|extended|secondary
G46_OnsagerkT_op	G46	1000	6583	Onsager-kT	const	250	60	--tecT 0.25 --ramp --q 6.4366550319245786 --t0 6.034364092429294 --t1 3.0037723482314704 --steps 250	146400000	G46|Onsager-kT|original|primary,G46|Onsager-kT|extended|primary
G46_OnsagerkT_os	G46	1000	6583	Onsager-kT	const	500	240	--tecT 0.25 --ramp --q 6.4366550319245786 --t0 6.034364092429294 --t1 3.0037723482314704 --steps 500	146450000	G46|Onsager-kT|original|secondary,G46|Onsager-kT|extended|secondary
G46_Onsageronline_op	G46	1000	6583	Onsager-online	ons	250	60	--lambda 0.01998999499749875 --ramp --q 6.4366550319245786 --t0 6.034364092429294 --t1 3.0037723482314704 --steps 250	146600000	G46|Onsager-online|original|primary,G46|Onsager-online|extended|primary
G46_Onsageronline_os	G46	1000	6583	Onsager-online	ons	1000	120	--lambda 0.002498749374687344 --ramp --q 6.4366550319245786 --t0 6.034364092429294 --t1 3.0037723482314704 --steps 1000	146650000	G46|Onsager-online|original|secondary,G46|Onsager-online|extended|secondary
G47_SCA_op	G47	1000	6591	SCA	const	250	60	--lambda 0 --q 6.4366550319245786 --t0 6.034364092429294 --t1 3.0037723482314704 --steps 250	146800000	G47|SCA|original|primary,G47|SCA|extended|primary
G47_SCA_os	G47	1000	6591	SCA	const	1000	240	--lambda 0 --q 6.4366550319245786 --t0 8.045818789905724 --t1 3.0037723482314704 --steps 1000	146850000	G47|SCA|original|secondary,G47|SCA|extended|secondary
G47_TEC_op	G47	1000	6591	TEC	const	250	60	--tec-jv -1.6091637579811446 --q 6.4366550319245786 --t0 6.034364092429294 --t1 3.0037723482314704 --steps 250	147000000	G47|TEC|original|primary,G47|TEC|extended|primary
G47_TEC_os	G47	1000	6591	TEC	const	500	240	--tec-jv -1.6091637579811446 --q 6.4366550319245786 --t0 6.034364092429294 --t1 3.0037723482314704 --steps 500	147050000	G47|TEC|original|secondary,G47|TEC|extended|secondary
G47_OnsagerkT_op	G47	1000	6591	Onsager-kT	const	250	60	--tecT 0.5 --ramp --q 6.4366550319245786 --t0 6.034364092429294 --t1 3.0037723482314704 --steps 250	147200000	G47|Onsager-kT|original|primary,G47|Onsager-kT|extended|primary
G47_OnsagerkT_os	G47	1000	6591	Onsager-kT	const	500	240	--tecT 0.25 --ramp --q 6.4366550319245786 --t0 6.034364092429294 --t1 3.0037723482314704 --steps 500	147250000	G47|Onsager-kT|original|secondary,G47|Onsager-kT|extended|secondary
G47_Onsageronline_op	G47	1000	6591	Onsager-online	ons	250	60	--lambda 0.01998999499749875 --ramp --q 6.4366550319245786 --t0 6.034364092429294 --t1 3.0037723482314704 --steps 250	147400000	G47|Onsager-online|original|primary,G47|Onsager-online|extended|primary
G47_Onsageronline_os	G47	1000	6591	Onsager-online	ons	1000	120	--lambda 0.01998999499749875 --ramp --q 6.4366550319245786 --t0 6.034364092429294 --t1 3.0037723482314704 --steps 1000	147450000	G47|Onsager-online|original|secondary,G47|Onsager-online|extended|secondary
G51_SCA_op	G51	1000	3810	SCA	const	1000	120	--lambda 0 --q 7.425500710389839 --t0 6.1879172586581985 --t1 2.3101557765657277 --steps 1000	147600000	G51|SCA|original|primary,G51|SCA|extended|primary
G51_SCA_os	G51	1000	3810	SCA	const	4000	120	--lambda 0 --q 7.425500710389839 --t0 6.1879172586581985 --t1 2.3101557765657277 --steps 4000	147650000	G51|SCA|original|secondary,G51|SCA|extended|secondary
G51_TEC_op	G51	1000	3810	TEC	const	1000	60	--tec-jv -0.30939586293290994 --q 4.950333806926559 --t0 3.0939586293290993 --t1 2.3101557765657277 --steps 1000	147800000	G51|TEC|original|primary
G51_TEC_os	G51	1000	3810	TEC	const	4000	120	--tec-jv -0.6187917258658199 --q 4.950333806926559 --t0 3.0939586293290993 --t1 2.3101557765657277 --steps 4000	147850000	G51|TEC|original|secondary
G51_TEC_ep	G51	None	3810	TEC	const	1000	60	--tec-jv -1.2375834517316397 --q 7.425500710389839 --t0 6.1879172586581985 --t1 2.3101557765657277 --steps 1000	147900000	G51|TEC|extended|primary
G51_TEC_es	G51	None	3810	TEC	const	2000	240	--tec-jv -1.2375834517316397 --q 7.425500710389839 --t0 6.1879172586581985 --t1 2.3101557765657277 --steps 2000	147950000	G51|TEC|extended|secondary
G51_OnsagerkT_op	G51	1000	3810	Onsager-kT	const	500	60	--tecT 0.25 --ramp --q 4.950333806926559 --t0 3.0939586293290993 --t1 2.3101557765657277 --steps 500	148000000	G51|Onsager-kT|original|primary
G51_OnsagerkT_os	G51	1000	3810	Onsager-kT	const	2000	240	--tecT 0.25 --ramp --q 4.950333806926559 --t0 3.0939586293290993 --t1 2.3101557765657277 --steps 2000	148050000	G51|Onsager-kT|original|secondary
G51_OnsagerkT_ep	G51	None	3810	Onsager-kT	const	500	60	--tecT 2.0 --ramp --q 9.900667613853118 --t0 3.0939586293290993 --t1 2.3101557765657277 --steps 500	148100000	G51|Onsager-kT|extended|primary
G51_OnsagerkT_es	G51	None	3810	Onsager-kT	const	2000	240	--tecT 2.0 --ramp --q 9.900667613853118 --t0 3.0939586293290993 --t1 2.3101557765657277 --steps 2000	148150000	G51|Onsager-kT|extended|secondary
G51_Onsageronline_op	G51	1000	3810	Onsager-online	ons	1000	60	--lambda 0.011823911955977989 --ramp --q 4.950333806926559 --t0 3.0939586293290993 --t1 2.3101557765657277 --steps 1000	148200000	G51|Onsager-online|original|primary
G51_Onsageronline_os	G51	1000	3810	Onsager-online	ons	4000	240	--lambda 0.011823911955977989 --ramp --q 4.950333806926559 --t0 3.0939586293290993 --t1 2.3101557765657277 --steps 4000	148250000	G51|Onsager-online|original|secondary
G51_Onsageronline_ep	G51	None	3810	Onsager-online	ons	1000	120	--lambda 0.0059119559779889945 --ramp --q 7.425500710389839 --t0 6.1879172586581985 --t1 2.3101557765657277 --steps 1000	148300000	G51|Onsager-online|extended|primary
G51_Onsageronline_es	G51	None	3810	Onsager-online	ons	4000	240	--lambda 0.0029559779889944972 --ramp --q 7.425500710389839 --t0 6.1879172586581985 --t1 2.3101557765657277 --steps 4000	148350000	G51|Onsager-online|extended|secondary
G52_SCA_op	G52	1000	3813	SCA	const	2000	60	--lambda 0 --q 7.42989765743782 --t0 6.1915813811981835 --t1 2.311523715647322 --steps 2000	148400000	G52|SCA|original|primary,G52|SCA|extended|primary
G52_SCA_os	G52	1000	3813	SCA	const	4000	120	--lambda 0 --q 7.42989765743782 --t0 6.1915813811981835 --t1 2.311523715647322 --steps 4000	148450000	G52|SCA|original|secondary,G52|SCA|extended|secondary
G52_TEC_op	G52	1000	3813	TEC	const	500	60	--tec-jv -0.6191581381198183 --q 4.953265104958547 --t0 3.0957906905990917 --t1 2.311523715647322 --steps 500	148600000	G52|TEC|original|primary,G52|TEC|extended|primary
G52_TEC_os	G52	1000	3813	TEC	const	2000	240	--tec-jv -0.6191581381198183 --q 4.953265104958547 --t0 3.0957906905990917 --t1 2.311523715647322 --steps 2000	148650000	G52|TEC|original|secondary,G52|TEC|extended|secondary
G52_OnsagerkT_op	G52	1000	3813	Onsager-kT	const	500	60	--tecT 0.25 --ramp --q 4.953265104958547 --t0 3.0957906905990917 --t1 2.311523715647322 --steps 500	148800000	G52|Onsager-kT|original|primary
G52_OnsagerkT_os	G52	1000	3813	Onsager-kT	const	2000	240	--tecT 0.25 --ramp --q 4.953265104958547 --t0 3.0957906905990917 --t1 2.311523715647322 --steps 2000	148850000	G52|Onsager-kT|original|secondary
G52_OnsagerkT_ep	G52	None	3813	Onsager-kT	const	500	60	--tecT 2.0 --ramp --q 9.906530209917094 --t0 3.0957906905990917 --t1 2.311523715647322 --steps 500	148900000	G52|Onsager-kT|extended|primary
G52_OnsagerkT_es	G52	None	3813	Onsager-kT	const	2000	240	--tecT 2.0 --ramp --q 9.906530209917094 --t0 3.0957906905990917 --t1 2.311523715647322 --steps 2000	148950000	G52|Onsager-kT|extended|secondary
G52_Onsageronline_op	G52	1000	3813	Onsager-online	ons	500	120	--lambda 0.01183791895947974 --ramp --q 4.953265104958547 --t0 3.0957906905990917 --t1 2.311523715647322 --steps 500	149000000	G52|Onsager-online|original|primary,G52|Onsager-online|extended|primary
G52_Onsageronline_os	G52	1000	3813	Onsager-online	ons	4000	240	--lambda 0.01183791895947974 --ramp --q 4.953265104958547 --t0 3.0957906905990917 --t1 2.311523715647322 --steps 4000	149050000	G52|Onsager-online|original|secondary,G52|Onsager-online|extended|secondary
G53_SCA_op	G53	1000	3812	SCA	const	2000	60	--lambda 0 --q 7.428641652415332 --t0 6.19053471034611 --t1 2.3111329585292144 --steps 2000	149200000	G53|SCA|original|primary,G53|SCA|extended|primary
G53_SCA_os	G53	1000	3812	SCA	const	4000	120	--lambda 0 --q 7.428641652415332 --t0 6.19053471034611 --t1 2.3111329585292144 --steps 4000	149250000	G53|SCA|original|secondary,G53|SCA|extended|secondary
G53_TEC_op	G53	1000	3812	TEC	const	1000	60	--tec-jv -0.619053471034611 --q 4.952427768276888 --t0 3.095267355173055 --t1 2.3111329585292144 --steps 1000	149400000	G53|TEC|original|primary,G53|TEC|extended|primary
G53_TEC_os	G53	1000	3812	TEC	const	2000	240	--tec-jv -0.619053471034611 --q 4.952427768276888 --t0 3.095267355173055 --t1 2.3111329585292144 --steps 2000	149450000	G53|TEC|original|secondary,G53|TEC|extended|secondary
G53_OnsagerkT_op	G53	1000	3812	Onsager-kT	const	500	60	--tecT 0.25 --ramp --q 4.952427768276888 --t0 3.095267355173055 --t1 2.3111329585292144 --steps 500	149600000	G53|Onsager-kT|original|primary
G53_OnsagerkT_os	G53	1000	3812	Onsager-kT	const	2000	240	--tecT 0.25 --ramp --q 4.952427768276888 --t0 3.095267355173055 --t1 2.3111329585292144 --steps 2000	149650000	G53|Onsager-kT|original|secondary
G53_OnsagerkT_ep	G53	None	3812	Onsager-kT	const	500	60	--tecT 2.0 --ramp --q 9.904855536553775 --t0 3.095267355173055 --t1 2.3111329585292144 --steps 500	149700000	G53|Onsager-kT|extended|primary
G53_OnsagerkT_es	G53	None	3812	Onsager-kT	const	2000	240	--tecT 2.0 --ramp --q 9.904855536553775 --t0 3.095267355173055 --t1 2.3111329585292144 --steps 2000	149750000	G53|Onsager-kT|extended|secondary
G53_Onsageronline_op	G53	1000	3812	Onsager-online	ons	500	120	--lambda 0.011833916958479239 --ramp --q 4.952427768276888 --t0 3.095267355173055 --t1 2.3111329585292144 --steps 500	149800000	G53|Onsager-online|original|primary,G53|Onsager-online|extended|primary
G53_Onsageronline_os	G53	1000	3812	Onsager-online	ons	2000	120	--lambda 0.011833916958479239 --ramp --q 4.952427768276888 --t0 3.095267355173055 --t1 2.3111329585292144 --steps 2000	149850000	G53|Onsager-online|original|secondary,G53|Onsager-online|extended|secondary
G54_SCA_op	G54	1000	3814	SCA	const	2000	60	--lambda 0 --q 7.42989765743782 --t0 6.1915813811981835 --t1 2.311523715647322 --steps 2000	150000000	G54|SCA|original|primary,G54|SCA|extended|primary
G54_SCA_os	G54	1000	3814	SCA	const	4000	120	--lambda 0 --q 7.42989765743782 --t0 6.1915813811981835 --t1 2.311523715647322 --steps 4000	150050000	G54|SCA|original|secondary,G54|SCA|extended|secondary
G54_TEC_op	G54	1000	3814	TEC	const	1000	60	--tec-jv -0.6191581381198183 --q 4.953265104958547 --t0 3.0957906905990917 --t1 2.311523715647322 --steps 1000	150200000	G54|TEC|original|primary,G54|TEC|extended|primary
G54_TEC_os	G54	1000	3814	TEC	const	2000	240	--tec-jv -0.6191581381198183 --q 4.953265104958547 --t0 3.0957906905990917 --t1 2.311523715647322 --steps 2000	150250000	G54|TEC|original|secondary,G54|TEC|extended|secondary
G54_OnsagerkT_op	G54	1000	3814	Onsager-kT	const	500	120	--tecT 0.25 --ramp --q 4.953265104958547 --t0 3.0957906905990917 --t1 2.311523715647322 --steps 500	150400000	G54|Onsager-kT|original|primary
G54_OnsagerkT_os	G54	1000	3814	Onsager-kT	const	2000	240	--tecT 0.25 --ramp --q 4.953265104958547 --t0 3.0957906905990917 --t1 2.311523715647322 --steps 2000	150450000	G54|Onsager-kT|original|secondary
G54_OnsagerkT_ep	G54	None	3814	Onsager-kT	const	500	120	--tecT 2.0 --ramp --q 9.906530209917094 --t0 3.0957906905990917 --t1 2.311523715647322 --steps 500	150500000	G54|Onsager-kT|extended|primary
G54_OnsagerkT_es	G54	None	3814	Onsager-kT	const	4000	120	--tecT 2.0 --ramp --q 9.906530209917094 --t0 3.0957906905990917 --t1 2.311523715647322 --steps 4000	150550000	G54|Onsager-kT|extended|secondary
G54_Onsageronline_op	G54	1000	3814	Onsager-online	ons	1000	60	--lambda 0.01183791895947974 --ramp --q 4.953265104958547 --t0 3.0957906905990917 --t1 2.311523715647322 --steps 1000	150600000	G54|Onsager-online|original|primary
G54_Onsageronline_os	G54	1000	3814	Onsager-online	ons	4000	240	--lambda 0.01183791895947974 --ramp --q 4.953265104958547 --t0 3.0957906905990917 --t1 2.311523715647322 --steps 4000	150650000	G54|Onsager-online|original|secondary
G54_Onsageronline_ep	G54	None	3814	Onsager-online	ons	2000	60	--lambda 0.00591895947973987 --ramp --q 7.42989765743782 --t0 6.1915813811981835 --t1 2.311523715647322 --steps 2000	150700000	G54|Onsager-online|extended|primary
G54_Onsageronline_es	G54	None	3814	Onsager-online	ons	4000	240	--lambda 0.00591895947973987 --ramp --q 7.42989765743782 --t0 6.1915813811981835 --t1 2.311523715647322 --steps 4000	150750000	G54|Onsager-online|extended|secondary
