idle0 1791481971.383824421 70175000 50000 1719
idle0 1791481971.816546253 70175000 50000 1719
idle0 1791481972.070886225 70175000 50000 1719
idle0 1791481972.325100738 70175000 50000 1719
idle0 1791481972.579813180 67309000 50000 1719
idle0 1791481973.029591530 67309000 50000 1719
idle0 1791481973.284591995 67309000 50000 1719
idle0 1791481973.538756372 67309000 50000 1719
idle0 1791481973.793084157 67309000 50000 1719
idle0 1791481974.342298377 67309000 50000 1719
idle0 1791481974.597101928 67309000 50000 1719
idle0 1791481974.852219572 67309000 50000 1719
idle0 1791481975.106572091 67323000 50000 1719
idle0 1791481975.655788642 67323000 50000 1719
idle0 1791481975.909402908 67323000 50000 1719
idle0 1791481976.164347604 67323000 50000 1719
idle0 1791481976.419371969 67310000 50000 1719
idle0 1791481976.866605129 67310000 50000 1719
idle0 1791481977.121491073 67310000 50000 1719
idle0 1791481977.376934668 67310000 50000 1719
idle0 1791481977.632413820 67323000 50000 1719
idle0 1791481978.078803906 67323000 50000 1719
idle0 1791481978.333949318 67323000 50000 1719
idle0 1791481978.588871949 67323000 50000 1719
idle0 1791481978.843584083 67323000 50000 1719
idle0 1791481979.291594452 67323000 50000 1719
idle0 1791481979.545476649 67323000 50000 1719
idle0 1791481979.799342756 67323000 50000 1719
idle0 1791481980.053990287 67303000 50000 1719
idle0 1791481980.503944180 67303000 50000 1719
idle0 1791481980.757700067 67303000 50000 1719
idle0 1791481981.011445745 67303000 50000 1719
idle0 1791481981.265728124 67309000 50000 1719
idle0 1791481981.716373640 67309000 50000 1719
idle0 1791481981.970405386 67309000 50000 1719
idle0 1791481982.224951302 67309000 50000 1719
idle0 1791481982.479674512 67309000 50000 1719
idle0 1791481982.927334142 67309000 50000 1719
idle0 1791481983.181270276 67309000 50000 1719
idle0 1791481983.435465378 67309000 50000 1719
idle0 1791481983.690165543 67309000 50000 1719
idle0 1791481984.139256441 67309000 50000 1719
idle0 1791481984.394380063 67309000 50000 1719
idle0 1791481984.649240258 67309000 50000 1719
idle0 1791481984.904020674 67296000 50000 1719
idle0 1791481985.349628466 67296000 50000 1719
idle0 1791481985.604204655 67296000 50000 1719
idle0 1791481985.858125828 67296000 50000 1719
idle0 1791481986.111952842 67056000 50000 1719
idle0 1791481986.562681444 67056000 50000 1719
idle0 1791481986.818090112 67056000 50000 1719
idle0 1791481987.072262437 67056000 50000 1719
idle0 1791481987.326007756 67309000 50000 1719
idle0 1791481987.776121205 67309000 50000 1719
idle0 1791481988.030991386 67309000 50000 1719
idle0 1791481988.286073576 67309000 50000 1719
idle0 1791481988.540917224 67323000 50000 1719
idle0 1791481989.086684893 67323000 50000 1719
idle0 1791481989.341352739 67323000 50000 1719
idle0 1791481989.596459524 67323000 50000 1719
idle0 1791481989.851349499 67309000 50000 1719
idle0 1791481990.300567562 67309000 50000 1719
idle0 1791481990.555333592 67309000 50000 1719
idle0 1791481990.810022016 67309000 50000 1719
idle0 1791481991.065119712 67323000 50000 1719
idle0 1791481991.511730734 67323000 50000 1719
idle0 1791481991.766580482 67323000 50000 1719
idle0 1791481992.021714125 67323000 50000 1719
idle0 1791481992.275946196 67085000 50000 1719
idle0 1791481992.724407967 67085000 50000 1719
idle0 1791481992.979106187 67085000 50000 1719
idle0 1791481993.233899586 67085000 50000 1719
idle0 1791481993.488288321 67309000 50000 1719
idle0 1791481993.937630171 67309000 50000 1719
idle0 1791481994.192188986 67309000 50000 1719
idle0 1791481994.447203661 67309000 50000 1719
idle0 1791481994.702435385 67309000 50000 1719
idle0 1791481995.147270870 67309000 50000 1719
idle0 1791481995.401716439 67309000 50000 1719
idle0 1791481995.656794883 67309000 50000 1719
idle0 1791481995.911520601 67323000 50000 1719
idle0 1791481996.360438896 67323000 50000 1719
idle0 1791481996.614780027 67323000 50000 1719
idle0 1791481996.870170868 67323000 50000 1719
idle0 1791481997.124109288 67309000 50000 1719
idle0 1791481997.571551205 67309000 50000 1719
idle0 1791481997.826803504 67309000 50000 1719
idle0 1791481998.081276152 67309000 50000 1719
idle0 1791481998.336104711 67309000 50000 1719
idle0 1791481998.785077633 67309000 50000 1719
idle0 1791481999.039075715 67309000 50000 1719
idle0 1791481999.293037997 67309000 50000 1719
idle0 1791481999.546628749 67296000 50000 1719
idle0 1791481999.995367608 67296000 50000 1719
idle0 1791482000.249856664 67296000 50000 1719
idle0 1791482000.504755542 67296000 50000 1719
idle0 1791482000.758663001 67309000 50000 1719
idle0 1791482001.208933186 67309000 50000 1719
idle0 1791482001.463973721 67309000 50000 1719
idle0 1791482001.718616305 67309000 50000 1719
idle0 1791482001.973504222 67296000 50000 1719
idle0 1791482002.419972983 67296000 50000 1719
idle0 1791482002.675048021 67296000 50000 1719
idle0 1791482002.929689963 67296000 50000 1719
idle0 1791482003.184801339 67309000 51000 1719
idle0 1791482003.632213277 67309000 51000 1719
idle0 1791482003.886811975 67309000 51000 1719
idle0 1791482004.141046587 67309000 51000 1719
idle0 1791482004.395565003 67303000 50000 1719
idle0 1791482004.843527617 67303000 50000 1719
idle0 1791482005.097447294 67303000 50000 1719
idle0 1791482005.352592310 67303000 50000 1719
idle0 1791482005.608044316 67309000 50000 1719
idle0 1791482006.058071002 67309000 50000 1719
idle0 1791482006.312157851 67309000 50000 1719
idle0 1791482006.566674019 67309000 50000 1719
idle0 1791482006.820475080 67327000 50000 1719
idle0 1791482007.268616265 67327000 50000 1719
idle0 1791482007.523089583 67327000 50000 1719
idle0 1791482007.777775091 67327000 50000 1719
idle0 1791482008.032443466 67323000 50000 1719
idle0 1791482008.478332710 67323000 50000 1719
idle0 1791482008.732118870 67323000 50000 1719
idle0 1791482008.987043998 67323000 50000 1719
idle0 1791482009.241448484 67068000 50000 1719
idle0 1791482009.691547277 67068000 50000 1719
idle0 1791482009.946411760 67068000 50000 1719
idle0 1791482010.200550213 67068000 50000 1719
idle0 1791482010.455771568 67309000 50000 1719
idle0 1791482010.903623330 67309000 50000 1719
idle0 1791482011.158123163 67309000 50000 1719
idle0 1791482011.412691546 67309000 50000 1719
idle0 1791482011.666872096 67068000 50000 1719
idle0 1791482012.116191084 67068000 50000 1719
idle0 1791482012.371348726 67068000 50000 1719
idle0 1791482012.625161621 67068000 50000 1719
idle0 1791482012.879582394 67323000 50000 1719
idle0 1791482013.327436675 67323000 50000 1719
idle0 1791482013.581845935 67323000 50000 1719
idle0 1791482013.836883239 67323000 50000 1719
idle0 1791482014.091624073 67068000 50000 1719
idle0 1791482014.538797638 67068000 50000 1719
idle0 1791482014.792941345 67068000 50000 1719
idle0 1791482015.046806006 67068000 50000 1719
idle0 1791482015.301153156 67323000 50000 1719
idle0 1791482015.751378516 67323000 50000 1719
idle0 1791482016.006569147 67323000 50000 1719
idle0 1791482016.262089007 67323000 50000 1719
idle0 1791482016.516886435 67296000 50000 1719
idle0 1791482016.965211768 67296000 50000 1719
idle0 1791482017.219468735 67296000 50000 1719
idle0 1791482017.473153964 67296000 50000 1719
idle0 1791482017.727047807 67082000 50000 1719
idle0 1791482018.174262160 67082000 50000 1719
idle0 1791482018.428939389 67082000 50000 1719
idle0 1791482018.683038076 67082000 50000 1719
idle0 1791482018.937435777 67296000 49000 1719
idle0 1791482019.387186864 67296000 49000 1719
idle0 1791482019.641169010 67296000 49000 1719
idle0 1791482019.895926470 67296000 49000 1719
idle0 1791482020.151094943 67303000 49000 1719
idle0 1791482020.599965607 67303000 49000 1719
idle0 1791482020.855144910 67303000 49000 1719
idle0 1791482021.110235916 67303000 49000 1719
idle0 1791482021.365638661 67340000 50000 1719
idle0 1791482021.812687816 67340000 50000 1719
idle0 1791482022.066670311 67340000 50000 1719
idle0 1791482022.321492649 67340000 50000 1719
idle0 1791482022.576164894 67296000 50000 1719
idle0 1791482023.025273142 67296000 50000 1719
idle0 1791482023.280144331 67296000 50000 1719
idle0 1791482023.534943704 67296000 50000 1719
idle0 1791482023.789819081 67323000 50000 1719
idle0 1791482024.236609303 67323000 50000 1719
idle0 1791482024.491214258 67323000 50000 1719
idle0 1791482024.746062503 67323000 50000 1719
idle0 1791482025.000661687 67323000 50000 1719
idle0 1791482025.447389177 67323000 50000 1719
idle0 1791482025.702247861 67323000 50000 1719
idle0 1791482025.957036151 67323000 50000 1719
idle0 1791482026.211634492 67309000 50000 1719
idle0 1791482026.661167724 67309000 50000 1719
idle0 1791482026.915302811 67309000 50000 1719
idle0 1791482027.169413230 67309000 50000 1719
idle0 1791482027.424311796 67068000 50000 1719
idle0 1791482027.872506150 67068000 50000 1719
idle0 1791482028.126949447 67068000 50000 1719
idle0 1791482028.381716293 67068000 50000 1719
idle0 1791482028.636531741 67068000 50000 1719
idle0 1791482029.085543003 67068000 50000 1719
idle0 1791482029.339712302 67068000 50000 1719
idle0 1791482029.594723868 67068000 50000 1719
idle0 1791482029.849589140 67326000 50000 1719
idle0 1791482030.295854328 67326000 50000 1719
idle0 1791482030.550829254 67326000 50000 1719
idle0 1791482030.805454421 67326000 50000 1719
load_X5 1791482031.062971653 67310000 50000 1719
load_X5 1791482031.507320433 67310000 50000 1719
load_X5 1791482031.761715656 67310000 50000 1719
load_X5 1791482032.015451974 67310000 50000 1719
load_X5 1791482032.269229310 90071000 73000 2060
load_X5 1791482032.717974592 90071000 73000 2060
load_X5 1791482032.971383572 90071000 73000 2060
load_X5 1791482033.224695398 90071000 73000 2060
load_X5 1791482033.477313406 90552000 75000 2040
load_X5 1791482033.932182137 90552000 75000 2040
load_X5 1791482034.185206330 90552000 75000 2040
load_X5 1791482034.438481766 90552000 75000 2040
load_X5 1791482034.692042691 90792000 74000 2040
load_X5 1791482035.143589664 90792000 74000 2040
load_X5 1791482035.396785078 90792000 74000 2040
load_X5 1791482035.649820801 90792000 74000 2040
load_X5 1791482035.903239846 90792000 74000 2060
load_X5 1791482036.355857847 90792000 74000 2060
load_X5 1791482036.609168357 90792000 74000 2060
load_X5 1791482036.862313655 90792000 74000 2060
load_X5 1791482037.115531209 90311000 77000 2060
load_X5 1791482037.667241913 90311000 77000 2060
load_X5 1791482037.920665144 90311000 77000 2060
load_X5 1791482038.173913576 90311000 77000 2060
load_X5 1791482038.427222370 90792000 75000 2040
load_X5 1791482038.981544878 90792000 75000 2040
load_X5 1791482039.234881054 90792000 75000 2040
load_X5 1791482039.488161834 90792000 75000 2040
load_X5 1791482039.741197122 91015000 77000 2060
load_X5 1791482040.294204806 91015000 77000 2060
load_X5 1791482040.547504431 91015000 77000 2060
load_X5 1791482040.800922650 91015000 77000 2060
load_X5 1791482041.054292577 91273000 75000 2060
load_X5 1791482041.505976365 91273000 75000 2060
load_X5 1791482041.759536310 91273000 75000 2060
load_X5 1791482042.012914582 91273000 75000 2060
load_X5 1791482042.266124155 91033000 74000 2060
load_X5 1791482042.718543979 91033000 74000 2060
load_X5 1791482042.971963307 91033000 74000 2060
load_X5 1791482043.225433511 91033000 74000 2060
load_X5 1791482043.478419000 91273000 73000 2060
load_X5 1791482043.929473516 91273000 73000 2060
load_X5 1791482044.182741558 91273000 73000 2060
load_X5 1791482044.436108876 91273000 73000 2060
load_X5 1791482044.689367028 91273000 75000 2060
load_X5 1791482045.141392033 91273000 75000 2060
load_X5 1791482045.394154228 91273000 75000 2060
load_X5 1791482045.647545230 91273000 75000 2060
load_X5 1791482045.901094050 91273000 75000 2060
load_X5 1791482046.354569948 91273000 75000 2060
load_X5 1791482046.608028246 91273000 75000 2060
load_X5 1791482046.861515197 91273000 75000 2060
load_X5 1791482047.114583900 91334000 73000 2060
load_X5 1791482047.566707695 91334000 73000 2060
load_X5 1791482047.820194295 91334000 73000 2060
load_X5 1791482048.073644626 91334000 73000 2060
load_X5 1791482048.326834495 91033000 74000 2060
load_X5 1791482048.777423404 91033000 74000 2060
load_X5 1791482049.030034000 91033000 74000 2060
load_X5 1791482049.283405050 91033000 74000 2060
load_X5 1791482049.536962030 91513000 75000 2060
load_X5 1791482049.990689256 91513000 75000 2060
load_X5 1791482050.244082286 91513000 75000 2060
load_X5 1791482050.497538866 91513000 75000 2060
load_X5 1791482050.750619387 91099000 77000 2060
load_X5 1791482051.202390681 91099000 77000 2060
load_X5 1791482051.455825208 91099000 77000 2060
load_X5 1791482051.709156521 91099000 77000 2060
load_X5 1791482051.962651592 91273000 73000 2080
load_X5 1791482052.414523723 91273000 73000 2080
load_X5 1791482052.667167889 91273000 73000 2080
load_X5 1791482052.920500422 91273000 73000 2080
load_X5 1791482053.174044905 91513000 78000 2060
load_X5 1791482053.626869962 91513000 78000 2060
load_X5 1791482053.880297674 91513000 78000 2060
load_X5 1791482054.133798514 91513000 78000 2060
load_X5 1791482054.387056585 91580000 75000 2060
load_X5 1791482054.838184959 91580000 75000 2060
load_X5 1791482055.091414676 91580000 75000 2060
load_X5 1791482055.344598697 91580000 75000 2060
load_X5 1791482055.597560448 91753000 78000 2060
load_X5 1791482056.050231740 91753000 78000 2060
load_X5 1791482056.303248243 91753000 78000 2060
load_X5 1791482056.556579080 91753000 78000 2060
load_X5 1791482056.810078564 91513000 72000 2060
load_X5 1791482057.263433924 91513000 72000 2060
load_X5 1791482057.516911876 91513000 72000 2060
load_X5 1791482057.770492463 91513000 72000 2060
load_X5 1791482058.023937393 91821000 72000 2080
load_X5 1791482058.473365332 91821000 72000 2080
load_X5 1791482058.726463477 91821000 72000 2080
load_X5 1791482058.980038141 91821000 72000 2080
load_X5 1791482059.233593607 92018000 78000 2080
load_X5 1791482059.686393375 92018000 78000 2080
load_X5 1791482059.939211390 92018000 78000 2080
load_X5 1791482060.192494141 92018000 78000 2080
load_X5 1791482060.446052882 92059000 78000 2080
load_X5 1791482060.897869553 92059000 78000 2080
load_X5 1791482061.151381617 92059000 78000 2080
load_X5 1791482061.404601378 92059000 78000 2080
load_X5 1791482061.657736028 92059000 78000 2060
load_X5 1791482062.109407623 92059000 78000 2060
load_X5 1791482062.362696013 92059000 78000 2060
load_X5 1791482062.616117524 92059000 78000 2060
load_X5 1791482062.869374624 92282000 78000 2080
load_X5 1791482063.322728450 92282000 78000 2080
load_X5 1791482063.575623737 92282000 78000 2080
load_X5 1791482063.828512181 92282000 78000 2080
load_X5 1791482064.081855944 92300000 78000 2080
load_X5 1791482064.533524718 92300000 78000 2080
load_X5 1791482064.786524100 92300000 78000 2080
load_X5 1791482065.039895193 92300000 78000 2080
load_X5 1791482065.293220449 92283000 77000 2080
load_X5 1791482065.747142292 92283000 77000 2080
load_X5 1791482066.000557858 92283000 77000 2080
load_X5 1791482066.254031994 92283000 77000 2080
load_X5 1791482066.507358821 92300000 72000 2080
load_X5 1791482066.959415353 92300000 72000 2080
load_X5 1791482067.212048041 92300000 72000 2080
load_X5 1791482067.465410054 92300000 72000 2080
load_X5 1791482067.718363617 91821000 73000 2080
load_X5 1791482068.169982911 91821000 73000 2080
load_X5 1791482068.423485388 91821000 73000 2080
load_X5 1791482068.676676789 91821000 73000 2080
load_X5 1791482068.929910699 92061000 78000 2080
load_X5 1791482069.383246849 92061000 78000 2080
load_X5 1791482069.636548416 92061000 78000 2080
load_X5 1791482069.889653152 92061000 78000 2080
load_X5 1791482070.143031313 92061000 79000 2080
load_X5 1791482070.594989652 92061000 79000 2080
load_X5 1791482070.848011360 92061000 79000 2080
load_X5 1791482071.101441177 92061000 79000 2080
load_X5 1791482071.354533187 92540000 75000 2100
load_X5 1791482071.807371194 92540000 75000 2100
load_X5 1791482072.060953207 92540000 75000 2100
load_X5 1791482072.314560658 92540000 75000 2100
load_X5 1791482072.567747145 91339000 78000 2080
load_X5 1791482073.017439105 91339000 78000 2080
load_X5 1791482073.270713156 91339000 78000 2080
load_X5 1791482073.524138562 91339000 78000 2080
load_X5 1791482073.777268391 92540000 78000 2080
load_X5 1791482074.230700704 92540000 78000 2080
load_X5 1791482074.483826584 92540000 78000 2080
load_X5 1791482074.737206724 92540000 78000 2080
load_X5 1791482074.990079427 92540000 77000 2080
load_X5 1791482075.441423568 92540000 77000 2080
load_X5 1791482075.694540871 92540000 77000 2080
load_X5 1791482075.947885543 92540000 77000 2080
load_X5 1791482076.201178186 92779000 78000 2080
load_X5 1791482076.654892516 92779000 78000 2080
load_X5 1791482076.908504211 92779000 78000 2080
load_X5 1791482077.161772918 92779000 78000 2080
load_X5 1791482077.415577986 92780000 78000 2080
load_X5 1791482077.866853694 92780000 78000 2080
load_X5 1791482078.119983960 92780000 78000 2080
load_X5 1791482078.373257214 92780000 78000 2080
load_X5 1791482078.625887655 92762000 73000 2080
load_X5 1791482079.078019546 92762000 73000 2080
load_X5 1791482079.331548803 92762000 73000 2080
load_X5 1791482079.584977819 92762000 73000 2080
load_X5 1791482079.838105648 92780000 75000 2080
load_X5 1791482080.291319247 92780000 75000 2080
load_X5 1791482080.544462925 92780000 75000 2080
load_X5 1791482080.798284340 92780000 75000 2080
load_X5 1791482081.051795130 91818000 78000 2080
load_X5 1791482081.501585379 91818000 78000 2080
load_X5 1791482081.754562943 91818000 78000 2080
load_X5 1791482082.007990395 91818000 78000 2080
load_X5 1791482082.260901512 92540000 74000 2080
load_X5 1791482082.715032176 92540000 74000 2080
load_X5 1791482082.968323770 92540000 74000 2080
load_X5 1791482083.221974221 92540000 74000 2080
load_X5 1791482083.475439001 92780000 75000 2080
load_X5 1791482083.926208153 92780000 75000 2080
load_X5 1791482084.179572132 92780000 75000 2080
load_X5 1791482084.433240165 92780000 75000 2080
load_X5 1791482084.686651673 93001000 73000 2100
load_X5 1791482085.137811690 93001000 73000 2100
load_X5 1791482085.390905929 93001000 73000 2100
load_X5 1791482085.644329920 93001000 73000 2100
load_X5 1791482085.897459677 91813000 76000 2100
load_X5 1791482086.351471720 91813000 76000 2100
load_X5 1791482086.604861876 91813000 76000 2100
load_X5 1791482086.858395694 91813000 76000 2100
load_X5 1791482087.111611220 92540000 77000 2080
load_X5 1791482087.562109324 92540000 77000 2080
load_X5 1791482087.815313087 92540000 77000 2080
load_X5 1791482088.068600859 92540000 77000 2080
load_X5 1791482088.321955607 92535000 77000 2100
load_X5 1791482088.775465068 92535000 77000 2100
load_X5 1791482089.028463533 92535000 77000 2100
load_X5 1791482089.281620497 92535000 77000 2100
load_X5 1791482089.534431969 93500000 79000 2100
load_X5 1791482089.987004721 93500000 79000 2100
load_X5 1791482090.240312649 93500000 79000 2100
load_X5 1791482090.493689636 93500000 79000 2100
load_X5 1791482090.746913875 92058000 75000 2100
load_X5 1791482091.198195490 92058000 75000 2100
load_X5 1791482091.451522693 92058000 75000 2100
load_X5 1791482091.704806834 92058000 75000 2100
load_X5 1791482091.957718713 93259000 74000 2100
load_X5 1791482092.410314354 93259000 74000 2100
load_X5 1791482092.662848970 93259000 74000 2100
load_X5 1791482092.915861438 93259000 74000 2100
load_X5 1791482093.168574651 93259000 76000 2100
load_X5 1791482093.623627705 93259000 76000 2100
load_X5 1791482093.876857541 93259000 76000 2100
load_X5 1791482094.130302864 93259000 76000 2100
load_X5 1791482094.383631186 93259000 79000 2100
load_X5 1791482094.834302493 93259000 79000 2100
load_X5 1791482095.087294089 93259000 79000 2100
load_X5 1791482095.340618813 93259000 79000 2100
load_X5 1791482095.593703985 92299000 74000 2100
load_X5 1791482096.046663376 92299000 74000 2100
load_X5 1791482096.299131162 92299000 74000 2100
load_X5 1791482096.552048076 92299000 74000 2100
load_X5 1791482096.804750886 93259000 75000 2100
load_X5 1791482097.258546611 93259000 75000 2100
load_X5 1791482097.511800049 93259000 75000 2100
load_X5 1791482097.765049519 93259000 75000 2100
load_X5 1791482098.018339054 93500000 79000 2100
load_X5 1791482098.470492569 93500000 79000 2100
load_X5 1791482098.723590883 93500000 79000 2100
load_X5 1791482098.976948726 93500000 79000 2100
load_X5 1791482099.230141527 93499000 76000 2100
load_X5 1791482099.681734614 93499000 76000 2100
load_X5 1791482099.934761833 93499000 76000 2100
load_X5 1791482100.187970443 93499000 76000 2100
load_X5 1791482100.440585112 93500000 76000 2100
load_X5 1791482100.894044187 93500000 76000 2100
load_X5 1791482101.147392570 93500000 76000 2100
load_X5 1791482101.400484058 93500000 76000 2100
load_X5 1791482101.653537293 93740000 77000 2100
load_X5 1791482102.106005246 93740000 77000 2100
load_X5 1791482102.359340162 93740000 77000 2100
load_X5 1791482102.612261038 93740000 77000 2100
load_X5 1791482102.865725187 93500000 77000 2100
load_X5 1791482103.318305409 93500000 77000 2100
load_X5 1791482103.571032438 93500000 77000 2100
load_X5 1791482103.824360029 93500000 77000 2100
load_X5 1791482104.076859999 93499000 74000 2100
load_X5 1791482104.531021171 93499000 74000 2100
load_X5 1791482104.784295440 93499000 74000 2100
load_X5 1791482105.037190765 93499000 74000 2100
load_X5 1791482105.290419538 93722000 79000 2100
load_X5 1791482105.743452560 93722000 79000 2100
load_X5 1791482105.996732219 93722000 79000 2100
load_X5 1791482106.250005274 93722000 79000 2100
load_X5 1791482106.503372928 93739000 79000 2100
load_X5 1791482106.953756391 93739000 79000 2100
load_X5 1791482107.207145274 93739000 79000 2100
load_X5 1791482107.460606093 93739000 79000 2100
load_X5 1791482107.713231465 93980000 76000 2100
load_X5 1791482108.166326300 93980000 76000 2100
load_X5 1791482108.419946708 93980000 76000 2100
load_X5 1791482108.673379523 93980000 76000 2100
load_X5 1791482108.926439895 93260000 78000 2100
load_X5 1791482109.378974611 93260000 78000 2100
load_X5 1791482109.632461376 93260000 78000 2100
load_X5 1791482109.885530133 93260000 78000 2100
load_X5 1791482110.138861535 93722000 78000 2100
load_X5 1791482110.591530392 93722000 78000 2100
load_X5 1791482110.844429217 93722000 78000 2100
load_X5 1791482111.097925670 93722000 78000 2100
load_X5 1791482111.350678148 93740000 78000 2120
load_X5 1791482111.803299153 93740000 78000 2120
load_X5 1791482112.056467866 93740000 78000 2120
load_X5 1791482112.309790800 93740000 78000 2120
load_X5 1791482112.563180088 93963000 74000 2120
load_X5 1791482113.014656733 93963000 74000 2120
load_X5 1791482113.268055268 93963000 74000 2120
load_X5 1791482113.521158196 93963000 74000 2120
load_X5 1791482113.774573582 92780000 79000 2120
load_X5 1791482114.227243725 92780000 79000 2120
load_X5 1791482114.480786652 92780000 79000 2120
load_X5 1791482114.734251531 92780000 79000 2120
load_X5 1791482114.987212410 93963000 76000 2120
load_X5 1791482115.439474671 93963000 76000 2120
load_X5 1791482115.693113036 93963000 76000 2120
load_X5 1791482115.946356277 93963000 76000 2120
load_X5 1791482116.199463029 93974000 80000 2100
load_X5 1791482116.651343528 93974000 80000 2100
load_X5 1791482116.904691014 93974000 80000 2100
load_X5 1791482117.158301956 93974000 80000 2100
load_X5 1791482117.411642328 93980000 77000 2120
load_X5 1791482117.863831187 93980000 77000 2120
load_X5 1791482118.117185013 93980000 77000 2120
load_X5 1791482118.370825089 93980000 77000 2120
load_X5 1791482118.624230202 93740000 78000 2120
load_X5 1791482119.075341346 93740000 78000 2120
load_X5 1791482119.329032347 93740000 78000 2120
load_X5 1791482119.582350385 93740000 78000 2120
load_X5 1791482119.835538978 93963000 77000 2100
load_X5 1791482120.286036012 93963000 77000 2100
load_X5 1791482120.539472552 93963000 77000 2100
load_X5 1791482120.792702533 93963000 77000 2100
load_X5 1791482121.045827605 94221000 80000 2120
load_X5 1791482121.499257317 94221000 80000 2120
load_X5 1791482121.752517243 94221000 80000 2120
load_X5 1791482122.005615164 94221000 80000 2120
load_X5 1791482122.258554514 92780000 75000 2120
load_X5 1791482122.711707593 92780000 75000 2120
load_X5 1791482122.965113513 92780000 75000 2120
load_X5 1791482123.218412842 92780000 75000 2120
load_X5 1791482123.471445357 94204000 75000 2120
load_X5 1791482123.922350775 94204000 75000 2120
load_X5 1791482124.175867213 94204000 75000 2120
load_X5 1791482124.429040793 94204000 75000 2120
load_X5 1791482124.682310525 94461000 81000 2100
load_X5 1791482125.134530510 94461000 81000 2100
load_X5 1791482125.387903525 94461000 81000 2100
load_X5 1791482125.641173546 94461000 81000 2100
load_X5 1791482125.894081735 94461000 78000 2120
load_X5 1791482126.347440856 94461000 78000 2120
load_X5 1791482126.600790166 94461000 78000 2120
load_X5 1791482126.854053854 94461000 78000 2120
load_X5 1791482127.107318615 94461000 79000 2120
load_X5 1791482127.558683863 94461000 79000 2120
load_X5 1791482127.812184558 94461000 79000 2120
load_X5 1791482128.065600843 94461000 79000 2120
load_X5 1791482128.318679270 94221000 77000 2120
load_X5 1791482128.770421387 94221000 77000 2120
load_X5 1791482129.023850425 94221000 77000 2120
load_X5 1791482129.277004454 94221000 77000 2120
load_X5 1791482129.529631940 94461000 81000 2120
load_X5 1791482129.982025645 94461000 81000 2120
load_X5 1791482130.235375372 94461000 81000 2120
load_X5 1791482130.488792686 94461000 81000 2120
load_X5 1791482130.742095224 94461000 76000 2120
load_X5 1791482131.195321617 94461000 76000 2120
load_X5 1791482131.448569420 94461000 76000 2120
load_X5 1791482131.701955966 94461000 76000 2120
load_X5 1791482131.955469470 94160000 81000 2120
load_X5 1791482132.406562247 94160000 81000 2120
load_X5 1791482132.659934885 94160000 81000 2120
load_X5 1791482132.913181956 94160000 81000 2120
load_X5 1791482133.166391887 94461000 77000 2120
load_X5 1791482133.619006211 94461000 77000 2120
load_X5 1791482133.872223035 94461000 77000 2120
load_X5 1791482134.125403419 94461000 77000 2120
load_X5 1791482134.378473384 94204000 75000 2120
load_X5 1791482134.831529540 94204000 75000 2120
load_X5 1791482135.085175993 94204000 75000 2120
load_X5 1791482135.338363889 94204000 75000 2120
load_X5 1791482135.591672053 94461000 79000 2120
load_X5 1791482136.042961956 94461000 79000 2120
load_X5 1791482136.296260461 94461000 79000 2120
load_X5 1791482136.549546802 94461000 79000 2120
load_X5 1791482136.803038722 94461000 75000 2120
load_X5 1791482137.356845316 94461000 75000 2120
load_X5 1791482137.610127268 94461000 75000 2120
load_X5 1791482137.863576767 94461000 75000 2120
load_X5 1791482138.116670494 94221000 77000 2120
load_X5 1791482138.669362703 94221000 77000 2120
load_X5 1791482138.922866724 94221000 77000 2120
load_X5 1791482139.176397764 94221000 77000 2120
load_X5 1791482139.429803108 94461000 78000 2120
load_X5 1791482139.881641188 94461000 78000 2120
load_X5 1791482140.135085735 94461000 78000 2120
load_X5 1791482140.388076615 94461000 78000 2120
load_X5 1791482140.641440500 94701000 80000 2120
load_X5 1791482141.092331151 94701000 80000 2120
load_X5 1791482141.345574447 94701000 80000 2120
load_X5 1791482141.599006158 94701000 80000 2120
load_X5 1791482141.852439783 94443000 79000 2120
load_X5 1791482142.305192153 94443000 79000 2120
load_X5 1791482142.558616379 94443000 79000 2120
load_X5 1791482142.811879782 94443000 79000 2120
load_X5 1791482143.065099282 94701000 77000 2120
load_X5 1791482143.517112666 94701000 77000 2120
load_X5 1791482143.770142067 94701000 77000 2120
load_X5 1791482144.023459381 94701000 77000 2120
load_X5 1791482144.276546028 94767000 80000 2120
load_X5 1791482144.829797721 94767000 80000 2120
load_X5 1791482145.082744575 94767000 80000 2120
load_X5 1791482145.336334040 94767000 80000 2120
load_X5 1791482145.589612558 94701000 76000 2140
load_X5 1791482146.042528321 94701000 76000 2140
load_X5 1791482146.295970708 94701000 76000 2140
load_X5 1791482146.549404448 94701000 76000 2140
load_X5 1791482146.802227898 94942000 78000 2120
load_X5 1791482147.253191015 94942000 78000 2120
load_X5 1791482147.506560734 94942000 78000 2120
load_X5 1791482147.760079975 94942000 78000 2120
load_X5 1791482148.013344325 94701000 77000 2120
load_X5 1791482148.465597634 94701000 77000 2120
load_X5 1791482148.719003880 94701000 77000 2120
load_X5 1791482148.972528861 94701000 77000 2120
load_X5 1791482149.226234171 94749000 78000 2100
load_X5 1791482149.677411319 94749000 78000 2100
load_X5 1791482149.930762551 94749000 78000 2100
load_X5 1791482150.184303831 94749000 78000 2100
load_X5 1791482150.437326722 94767000 80000 2100
load_X5 1791482150.890181883 94767000 80000 2100
load_X5 1791482151.143525299 94767000 80000 2100
load_X5 1791482151.397074833 94767000 80000 2100
load_X5 1791482151.650352234 94701000 80000 2120
load_X5 1791482152.101547512 94701000 80000 2120
load_X5 1791482152.354518545 94701000 80000 2120
load_X5 1791482152.607948302 94701000 80000 2120
load_X5 1791482152.861093092 94767000 78000 2120
load_X5 1791482153.313489714 94767000 78000 2120
load_X5 1791482153.566484650 94767000 78000 2120
load_X5 1791482153.819523770 94767000 78000 2120
load_X5 1791482154.072626800 94767000 75000 2140
load_X5 1791482154.527103222 94767000 75000 2140
load_X5 1791482154.780390108 94767000 75000 2140
load_X5 1791482155.033665172 94767000 75000 2140
load_X5 1791482155.287113702 95000000 81000 2140
load_X5 1791482155.739280226 95000000 81000 2140
load_X5 1791482155.992505294 95000000 81000 2140
load_X5 1791482156.245664498 95000000 81000 2140
load_X5 1791482156.499011206 94767000 77000 2120
load_X5 1791482156.949691024 94767000 77000 2120
load_X5 1791482157.203179698 94767000 77000 2120
load_X5 1791482157.456323241 94767000 77000 2120
load_X5 1791482157.709601428 95006000 77000 2140
load_X5 1791482158.163283767 95006000 77000 2140
load_X5 1791482158.416488134 95006000 77000 2140
load_X5 1791482158.669863363 95006000 77000 2140
load_X5 1791482158.923289749 95007000 76000 2140
load_X5 1791482159.373404808 95007000 76000 2140
load_X5 1791482159.625949340 95007000 76000 2140
load_X5 1791482159.879012259 95007000 76000 2140
load_X5 1791482160.131690052 95222000 78000 2140
load_X5 1791482160.587025283 95222000 78000 2140
load_X5 1791482160.840396092 95222000 78000 2140
load_X5 1791482161.093780547 95222000 78000 2140
load_X5 1791482161.347176443 95247000 76000 2140
load_X5 1791482161.798954053 95247000 76000 2140
load_X5 1791482162.052160211 95247000 76000 2140
load_X5 1791482162.305363592 95247000 76000 2140
load_X5 1791482162.558846050 95487000 77000 2140
load_X5 1791482163.010651422 95487000 77000 2140
load_X5 1791482163.263520081 95487000 77000 2140
load_X5 1791482163.516847065 95487000 77000 2140
load_X5 1791482163.770241346 95247000 80000 2140
load_X5 1791482164.222991607 95247000 80000 2140
load_X5 1791482164.476375467 95247000 80000 2140
load_X5 1791482164.729678775 95247000 80000 2140
load_X5 1791482164.983071482 94767000 80000 2140
load_X5 1791482165.433418138 94767000 80000 2140
load_X5 1791482165.686487515 94767000 80000 2140
load_X5 1791482165.939871224 94767000 80000 2140
load_X5 1791482166.193248520 95487000 77000 2120
load_X5 1791482166.646016741 95487000 77000 2120
load_X5 1791482166.898816548 95487000 77000 2120
load_X5 1791482167.152129773 95487000 77000 2120
load_X5 1791482167.405419933 95247000 81000 2140
load_X5 1791482167.858879667 95247000 81000 2140
load_X5 1791482168.112282951 95247000 81000 2140
load_X5 1791482168.365651208 95247000 81000 2140
load_X5 1791482168.619036858 95487000 79000 2120
load_X5 1791482169.070986202 95487000 79000 2120
load_X5 1791482169.324222008 95487000 79000 2120
load_X5 1791482169.577449760 95487000 79000 2120
load_X5 1791482169.830570028 95246000 79000 2100
load_X5 1791482170.281789533 95246000 79000 2100
load_X5 1791482170.534747134 95246000 79000 2100
load_X5 1791482170.788153782 95246000 79000 2100
load_X5 1791482171.040891148 95246000 78000 2120
load_X5 1791482171.495323790 95246000 78000 2120
load_X5 1791482171.748429870 95246000 78000 2120
load_X5 1791482172.001745084 95246000 78000 2120
load_X5 1791482172.255034099 95487000 79000 2120
load_X5 1791482172.706052360 95487000 79000 2120
load_X5 1791482172.959183777 95487000 79000 2120
load_X5 1791482173.212447634 95487000 79000 2120
load_X5 1791482173.465457240 95487000 81000 2140
load_X5 1791482173.918855048 95487000 81000 2140
load_X5 1791482174.171835499 95487000 81000 2140
load_X5 1791482174.424740858 95487000 81000 2140
load_X5 1791482174.677886200 95246000 77000 2140
load_X5 1791482175.129424638 95246000 77000 2140
load_X5 1791482175.382738637 95246000 77000 2140
load_X5 1791482175.635986972 95246000 77000 2140
load_X5 1791482175.889367417 95246000 79000 2140
load_X5 1791482176.343169893 95246000 79000 2140
load_X5 1791482176.596654252 95246000 79000 2140
load_X5 1791482176.850058019 95246000 79000 2140
load_X5 1791482177.103269363 95487000 78000 2140
load_X5 1791482177.554412383 95487000 78000 2140
load_X5 1791482177.807386939 95487000 78000 2140
load_X5 1791482178.060561484 95487000 78000 2140
load_X5 1791482178.313917830 95487000 79000 2140
load_X5 1791482178.767480631 95487000 79000 2140
load_X5 1791482179.020844531 95487000 79000 2140
load_X5 1791482179.274230021 95487000 79000 2140
load_X5 1791482179.527788337 95487000 80000 2140
load_X5 1791482179.978308088 95487000 80000 2140
load_X5 1791482180.231417236 95487000 80000 2140
load_X5 1791482180.484859362 95487000 80000 2140
load_X5 1791482180.738066476 95487000 77000 2140
idle1 1791482181.625096021 95487000 77000 2140
idle1 1791482181.879408127 95487000 80000 2140
idle1 1791482182.301414723 95487000 80000 2140
idle1 1791482182.556181386 95487000 80000 2140
idle1 1791482182.810467622 95487000 80000 2140
idle1 1791482183.065446864 71526000 54000 1820
idle1 1791482183.514949932 71526000 54000 1820
idle1 1791482183.770137919 71526000 54000 1820
idle1 1791482184.025297020 71526000 54000 1820
idle1 1791482184.280521844 71513000 54000 1800
idle1 1791482184.726469305 71513000 54000 1800
idle1 1791482184.981371261 71513000 54000 1800
idle1 1791482185.236329322 71513000 54000 1800
idle1 1791482185.491686105 71459000 54000 1800
idle1 1791482185.938837184 71459000 54000 1800
idle1 1791482186.194221648 71459000 54000 1800
idle1 1791482186.449211588 71459000 54000 1800
idle1 1791482186.703024819 71526000 54000 1800
idle1 1791482187.151069862 71526000 54000 1800
idle1 1791482187.405814429 71526000 54000 1800
idle1 1791482187.660062619 71526000 54000 1800
idle1 1791482187.914605175 71767000 54000 1800
idle1 1791482188.363881719 71767000 54000 1800
idle1 1791482188.618507951 71767000 54000 1800
idle1 1791482188.873332847 71767000 54000 1800
idle1 1791482189.128244807 71459000 54000 1800
idle1 1791482189.574644013 71459000 54000 1800
idle1 1791482189.829396964 71459000 54000 1800
idle1 1791482190.084481429 71459000 54000 1800
idle1 1791482190.339686331 71219000 53000 1800
idle1 1791482190.787230212 71219000 53000 1800
idle1 1791482191.041354285 71219000 53000 1800
idle1 1791482191.296033015 71219000 53000 1800
idle1 1791482191.551742789 71206000 54000 1800
idle1 1791482191.997986739 71206000 54000 1800
idle1 1791482192.252752852 71206000 54000 1800
idle1 1791482192.508019809 71206000 54000 1800
idle1 1791482192.762953327 71219000 54000 1800
idle1 1791482193.209876735 71219000 54000 1800
idle1 1791482193.465144213 71219000 54000 1800
idle1 1791482193.719790229 71219000 54000 1800
idle1 1791482193.974728987 71219000 54000 1800
idle1 1791482194.423194692 71219000 54000 1800
idle1 1791482194.678254216 71219000 54000 1800
idle1 1791482194.933145253 71219000 54000 1800
idle1 1791482195.188117782 70993000 53000 1780
idle1 1791482195.636479810 70993000 53000 1780
idle1 1791482195.891259707 70993000 53000 1780
idle1 1791482196.146440108 70993000 53000 1780
idle1 1791482196.400993917 70978000 54000 1800
idle1 1791482196.846063655 70978000 54000 1800
idle1 1791482197.100247666 70978000 54000 1800
idle1 1791482197.355266912 70978000 54000 1800
idle1 1791482197.610064110 70978000 53000 1800
idle1 1791482198.059564611 70978000 53000 1800
idle1 1791482198.314869405 70978000 53000 1800
idle1 1791482198.569843254 70978000 53000 1800
idle1 1791482198.824576801 70978000 53000 1800
idle1 1791482199.270661539 70978000 53000 1800
idle1 1791482199.525433267 70978000 53000 1800
idle1 1791482199.781043145 70978000 53000 1800
idle1 1791482200.035156521 70965000 53000 1800
idle1 1791482200.482490663 70965000 53000 1800
idle1 1791482200.737085226 70965000 53000 1800
idle1 1791482200.991821466 70965000 53000 1800
idle1 1791482201.246838053 70800000 54000 1780
idle1 1791482201.696276793 70800000 54000 1780
idle1 1791482201.951944658 70800000 54000 1780
idle1 1791482202.206093890 70800000 54000 1780
idle1 1791482202.461040925 70727000 54000 1780
idle1 1791482203.009211005 70727000 54000 1780
idle1 1791482203.264045518 70727000 54000 1780
idle1 1791482203.519534965 70727000 54000 1780
idle1 1791482203.773719081 70978000 53000 1780
idle1 1791482204.220489905 70978000 53000 1780
idle1 1791482204.475182239 70978000 53000 1780
idle1 1791482204.730054401 70978000 53000 1780
idle1 1791482204.984779096 70486000 53000 1780
idle1 1791482205.430737466 70486000 53000 1780
idle1 1791482205.685609327 70486000 53000 1780
idle1 1791482205.940678771 70486000 53000 1780
idle1 1791482206.195525534 70726000 53000 1800
idle1 1791482206.643967787 70726000 53000 1800
idle1 1791482206.898891375 70726000 53000 1800
idle1 1791482207.154442216 70726000 53000 1800
idle1 1791482207.408326473 70499000 53000 1780
idle1 1791482207.856150839 70499000 53000 1780
idle1 1791482208.110375288 70499000 53000 1780
idle1 1791482208.364881878 70499000 53000 1780
idle1 1791482208.620085824 70499000 53000 1780
idle1 1791482209.067542365 70499000 53000 1780
idle1 1791482209.322970432 70499000 53000 1780
idle1 1791482209.578067886 70499000 53000 1780
idle1 1791482209.832941006 70513000 53000 1780
idle1 1791482210.278928615 70513000 53000 1780
idle1 1791482210.533527367 70513000 53000 1780
idle1 1791482210.788346706 70513000 53000 1780
idle1 1791482211.042245648 70499000 53000 1780
idle1 1791482211.492943196 70499000 53000 1780
idle1 1791482211.748150505 70499000 53000 1780
idle1 1791482212.003828151 70499000 53000 1780
idle1 1791482212.258054359 70499000 53000 1780
idle1 1791482212.703105549 70499000 53000 1780
idle1 1791482212.957281943 70499000 53000 1780
idle1 1791482213.211830549 70499000 53000 1780
idle1 1791482213.466589882 70499000 53000 1780
idle1 1791482213.916611714 70499000 53000 1780
idle1 1791482214.170889448 70499000 53000 1780
idle1 1791482214.425698975 70499000 53000 1780
idle1 1791482214.680509865 70499000 53000 1780
idle1 1791482215.128269219 70499000 53000 1780
idle1 1791482215.383429626 70499000 53000 1780
idle1 1791482215.638493161 70499000 53000 1780
idle1 1791482215.893546797 70517000 52000 1780
idle1 1791482216.340627108 70517000 52000 1780
idle1 1791482216.595504561 70517000 52000 1780
idle1 1791482216.850748555 70517000 52000 1780
idle1 1791482217.105531199 70499000 52000 1780
idle1 1791482217.551470366 70499000 52000 1780
idle1 1791482217.805304952 70499000 52000 1780
idle1 1791482218.058856433 70499000 52000 1780
idle1 1791482218.313120649 70259000 53000 1780
idle1 1791482218.765242142 70259000 53000 1780
idle1 1791482219.019821872 70259000 53000 1780
idle1 1791482219.274943764 70259000 53000 1780
idle1 1791482219.529958213 70499000 53000 1780
idle1 1791482219.977109352 70499000 53000 1780
idle1 1791482220.231997231 70499000 53000 1780
idle1 1791482220.486835657 70499000 53000 1780
idle1 1791482220.741273358 70486000 53000 1780
idle1 1791482221.186285712 70486000 53000 1780
idle1 1791482221.441133105 70486000 53000 1780
idle1 1791482221.696208507 70486000 53000 1780
idle1 1791482221.951246239 70018000 53000 1780
idle1 1791482222.399079692 70018000 53000 1780
idle1 1791482222.654560999 70018000 53000 1780
idle1 1791482222.909752730 70018000 53000 1780
idle1 1791482223.164953479 70499000 52000 1780
idle1 1791482223.611675043 70499000 52000 1780
idle1 1791482223.865865815 70499000 52000 1780
idle1 1791482224.119952050 70499000 52000 1780
idle1 1791482224.374794972 70258000 53000 1780
idle1 1791482224.824695660 70258000 53000 1780
idle1 1791482225.079906695 70258000 53000 1780
idle1 1791482225.334725270 70258000 53000 1780
idle1 1791482225.589180019 70486000 53000 1780
idle1 1791482226.034544541 70486000 53000 1780
idle1 1791482226.288152693 70486000 53000 1780
idle1 1791482226.543081315 70486000 53000 1780
idle1 1791482226.798103974 70258000 53000 1780
idle1 1791482227.246738280 70258000 53000 1780
idle1 1791482227.501430946 70258000 53000 1780
idle1 1791482227.756292842 70258000 53000 1780
idle1 1791482228.010626010 70036000 53000 1780
idle1 1791482228.459800973 70036000 53000 1780
idle1 1791482228.714608885 70036000 53000 1780
idle1 1791482228.969602087 70036000 53000 1780
idle1 1791482229.224478739 70259000 52000 1780
idle1 1791482229.673062847 70259000 52000 1780
idle1 1791482229.928343050 70259000 52000 1780
idle1 1791482230.183020205 70259000 52000 1780
idle1 1791482230.437294950 70018000 52000 1780
idle1 1791482230.883769199 70018000 52000 1780
idle1 1791482231.138687297 70018000 52000 1780
idle1 1791482231.393913075 70018000 52000 1780
idle1 1791482231.648934167 70018000 53000 1780
idle1 1791482232.096639254 70018000 53000 1780
idle1 1791482232.351669984 70018000 53000 1780
idle1 1791482232.606792015 70018000 53000 1780
idle1 1791482232.861459710 69778000 53000 1780
idle1 1791482233.308810908 69778000 53000 1780
idle1 1791482233.563045125 69778000 53000 1780
idle1 1791482233.817943424 69778000 53000 1780
idle1 1791482234.073431775 70018000 53000 1759
idle1 1791482234.521104126 70018000 53000 1759
idle1 1791482234.776383133 70018000 53000 1759
idle1 1791482235.030665429 70018000 53000 1759
idle1 1791482235.285234766 70018000 53000 1780
idle1 1791482235.732625646 70018000 53000 1780
idle1 1791482235.987176598 70018000 53000 1780
idle1 1791482236.242456514 70018000 53000 1780
idle1 1791482236.496175588 69772000 52000 1780
idle1 1791482236.943901708 69772000 52000 1780
idle1 1791482237.198885596 69772000 52000 1780
idle1 1791482237.453841060 69772000 52000 1780
idle1 1791482237.708950123 69778000 52000 1780
idle1 1791482238.156467649 69778000 52000 1780
idle1 1791482238.411096245 69778000 52000 1780
idle1 1791482238.665271807 69778000 52000 1780
idle1 1791482238.920207513 70036000 52000 1780
idle1 1791482239.368569129 70036000 52000 1780
idle1 1791482239.623738033 70036000 52000 1780
idle1 1791482239.878691402 70036000 52000 1780
idle1 1791482240.133623310 70019000 52000 1759
idle1 1791482240.580071706 70019000 52000 1759
idle1 1791482240.834851256 70019000 52000 1759
load_bays29_plain 1791482241.092325487 70019000 52000 1759
load_bays29_plain 1791482241.346404435 70018000 52000 1759
load_bays29_plain 1791482241.792685053 70018000 52000 1759
load_bays29_plain 1791482242.046695321 70018000 52000 1759
load_bays29_plain 1791482242.300883584 70018000 52000 1759
load_bays29_plain 1791482242.554318467 78168000 66000 1880
load_bays29_plain 1791482243.003978066 78168000 66000 1880
load_bays29_plain 1791482243.257485635 78168000 66000 1880
load_bays29_plain 1791482243.511030744 78168000 66000 1880
load_bays29_plain 1791482243.763784722 78152000 60000 1880
load_bays29_plain 1791482244.214847645 78152000 60000 1880
load_bays29_plain 1791482244.468237611 78152000 60000 1880
load_bays29_plain 1791482244.721617168 78152000 60000 1880
load_bays29_plain 1791482244.975025229 77912000 61000 1880
load_bays29_plain 1791482245.426920719 77912000 61000 1880
load_bays29_plain 1791482245.680414751 77912000 61000 1880
load_bays29_plain 1791482245.933760454 77912000 61000 1880
load_bays29_plain 1791482246.187201846 77927000 60000 1899
load_bays29_plain 1791482246.638023590 77927000 60000 1899
load_bays29_plain 1791482246.891102769 77927000 60000 1899
load_bays29_plain 1791482247.144678704 77927000 60000 1899
load_bays29_plain 1791482247.397679725 78407000 61000 1899
load_bays29_plain 1791482247.851032902 78407000 61000 1899
load_bays29_plain 1791482248.104247054 78407000 61000 1899
load_bays29_plain 1791482248.357538812 78407000 61000 1899
load_bays29_plain 1791482248.611015539 78393000 60000 1880
load_bays29_plain 1791482249.063742884 78393000 60000 1880
load_bays29_plain 1791482249.316960822 78393000 60000 1880
load_bays29_plain 1791482249.570435846 78393000 60000 1880
load_bays29_plain 1791482249.823778299 77906000 66000 1880
load_bays29_plain 1791482250.275387253 77906000 66000 1880
load_bays29_plain 1791482250.528291339 77906000 66000 1880
load_bays29_plain 1791482250.781541407 77906000 66000 1880
load_bays29_plain 1791482251.034144545 78852000 63000 1899
load_bays29_plain 1791482251.488276595 78852000 63000 1899
load_bays29_plain 1791482251.741620549 78852000 63000 1899
load_bays29_plain 1791482251.994983940 78852000 63000 1899
load_bays29_plain 1791482252.248365966 78387000 60000 1880
load_bays29_plain 1791482252.698516667 78387000 60000 1880
load_bays29_plain 1791482252.951981348 78387000 60000 1880
load_bays29_plain 1791482253.205324780 78387000 60000 1880
load_bays29_plain 1791482253.458680996 78167000 60000 1880
load_bays29_plain 1791482253.911509776 78167000 60000 1880
load_bays29_plain 1791482254.164802732 78167000 60000 1880
load_bays29_plain 1791482254.417924385 78167000 60000 1880
load_bays29_plain 1791482254.670992988 78153000 61000 1899
load_bays29_plain 1791482255.123268073 78153000 61000 1899
load_bays29_plain 1791482255.376612655 78153000 61000 1899
load_bays29_plain 1791482255.630009166 78153000 61000 1899
load_bays29_plain 1791482255.883329914 78408000 60000 1880
load_bays29_plain 1791482256.335377757 78408000 60000 1880
load_bays29_plain 1791482256.588420440 78408000 60000 1880
load_bays29_plain 1791482256.841859570 78408000 60000 1880
load_bays29_plain 1791482257.095620577 78408000 60000 1880
load_bays29_plain 1791482257.547365527 78408000 60000 1880
load_bays29_plain 1791482257.800654975 78408000 60000 1880
load_bays29_plain 1791482258.053873809 78408000 60000 1880
load_bays29_plain 1791482258.306978777 77912000 61000 1899
load_bays29_plain 1791482258.759734533 77912000 61000 1899
load_bays29_plain 1791482259.013270654 77912000 61000 1899
load_bays29_plain 1791482259.266563947 77912000 61000 1899
load_bays29_plain 1791482259.519992516 78386000 62000 1899
load_bays29_plain 1791482259.971534261 78386000 62000 1899
load_bays29_plain 1791482260.225046295 78386000 62000 1899
load_bays29_plain 1791482260.478379954 78386000 62000 1899
load_bays29_plain 1791482260.731587755 78387000 60000 1880
load_bays29_plain 1791482261.182565445 78387000 60000 1880
load_bays29_plain 1791482261.435520689 78387000 60000 1880
load_bays29_plain 1791482261.688697240 78387000 60000 1880
load_bays29_plain 1791482261.941569127 78387000 60000 1899
load_bays29_plain 1791482262.394346588 78387000 60000 1899
load_bays29_plain 1791482262.647814909 78387000 60000 1899
load_bays29_plain 1791482262.901114462 78387000 60000 1899
load_bays29_plain 1791482263.154363939 78408000 65000 1880
load_bays29_plain 1791482263.606593644 78408000 65000 1880
load_bays29_plain 1791482263.859915287 78408000 65000 1880
load_bays29_plain 1791482264.113345806 78408000 65000 1880
load_bays29_plain 1791482264.366678610 78168000 60000 1880
load_bays29_plain 1791482264.819017421 78168000 60000 1880
load_bays29_plain 1791482265.071887062 78168000 60000 1880
load_bays29_plain 1791482265.325459116 78168000 60000 1880
load_bays29_plain 1791482265.578019513 78408000 60000 1880
load_bays29_plain 1791482266.030568960 78408000 60000 1880
load_bays29_plain 1791482266.283766437 78408000 60000 1880
load_bays29_plain 1791482266.537337970 78408000 60000 1880
load_bays29_plain 1791482266.790427423 78161000 65000 1899
load_bays29_plain 1791482267.242386405 78161000 65000 1899
load_bays29_plain 1791482267.495567331 78161000 65000 1899
load_bays29_plain 1791482267.748983980 78161000 65000 1899
load_bays29_plain 1791482268.002246169 78167000 63000 1880
load_bays29_plain 1791482268.455769338 78167000 63000 1880
load_bays29_plain 1791482268.709089856 78167000 63000 1880
load_bays29_plain 1791482268.962491437 78167000 63000 1880
load_bays29_plain 1791482269.215028778 78153000 60000 1880
load_bays29_plain 1791482269.667349228 78153000 60000 1880
load_bays29_plain 1791482269.920537856 78153000 60000 1880
load_bays29_plain 1791482270.174012363 78153000 60000 1880
load_bays29_plain 1791482270.427252658 78168000 61000 1880
load_bays29_plain 1791482270.879419628 78168000 61000 1880
load_bays29_plain 1791482271.132820425 78168000 61000 1880
load_bays29_plain 1791482271.386054648 78168000 61000 1880
load_bays29_plain 1791482271.639415590 77927000 65000 1880
load_bays29_plain 1791482272.090451756 77927000 65000 1880
load_bays29_plain 1791482272.343810674 77927000 65000 1880
load_bays29_plain 1791482272.597110209 77927000 65000 1880
load_bays29_plain 1791482272.850220227 78408000 60000 1899
load_bays29_plain 1791482273.303091862 78408000 60000 1899
load_bays29_plain 1791482273.556349167 78408000 60000 1899
load_bays29_plain 1791482273.809795629 78408000 60000 1899
load_bays29_plain 1791482274.063277016 78641000 60000 1899
load_bays29_plain 1791482274.514396506 78641000 60000 1899
load_bays29_plain 1791482274.767793684 78641000 60000 1899
load_bays29_plain 1791482275.021259020 78641000 60000 1899
load_bays29_plain 1791482275.274643283 78146000 60000 1880
load_bays29_plain 1791482275.828751009 78146000 60000 1880
load_bays29_plain 1791482276.082287900 78146000 60000 1880
load_bays29_plain 1791482276.335610405 78146000 60000 1880
load_bays29_plain 1791482276.588794761 78168000 63000 1880
load_bays29_plain 1791482277.140047812 78168000 63000 1880
load_bays29_plain 1791482277.393744382 78168000 63000 1880
load_bays29_plain 1791482277.647256635 78168000 63000 1880
load_bays29_plain 1791482277.900673578 78408000 60000 1880
load_bays29_plain 1791482278.352915409 78408000 60000 1880
load_bays29_plain 1791482278.606098932 78408000 60000 1880
load_bays29_plain 1791482278.859321678 78408000 60000 1880
load_bays29_plain 1791482279.112653881 77927000 60000 1880
load_bays29_plain 1791482279.564438087 77927000 60000 1880
load_bays29_plain 1791482279.817842135 77927000 60000 1880
load_bays29_plain 1791482280.071252834 77927000 60000 1880
load_bays29_plain 1791482280.324513932 77927000 62000 1880
load_bays29_plain 1791482280.776487664 77927000 62000 1880
load_bays29_plain 1791482281.030085517 77927000 62000 1880
load_bays29_plain 1791482281.283211368 77927000 62000 1880
load_bays29_plain 1791482281.536668655 78168000 66000 1899
load_bays29_plain 1791482281.989428558 78168000 66000 1899
load_bays29_plain 1791482282.242764315 78168000 66000 1899
load_bays29_plain 1791482282.496277496 78168000 66000 1899
load_bays29_plain 1791482282.749852554 78387000 60000 1880
load_bays29_plain 1791482283.303235932 78387000 60000 1880
load_bays29_plain 1791482283.556552261 78387000 60000 1880
load_bays29_plain 1791482283.809899439 78387000 60000 1880
load_bays29_plain 1791482284.063358878 77927000 60000 1899
load_bays29_plain 1791482284.513749050 77927000 60000 1899
load_bays29_plain 1791482284.767153464 77927000 60000 1899
load_bays29_plain 1791482285.020562277 77927000 60000 1899
load_bays29_plain 1791482285.273974546 78147000 60000 1880
load_bays29_plain 1791482285.725973480 78147000 60000 1880
load_bays29_plain 1791482285.979245785 78147000 60000 1880
load_bays29_plain 1791482286.232717996 78147000 60000 1880
load_bays29_plain 1791482286.486186711 78648000 63000 1899
load_bays29_plain 1791482286.937592224 78648000 63000 1899
load_bays29_plain 1791482287.191328383 78648000 63000 1899
load_bays29_plain 1791482287.444773723 78648000 63000 1899
load_bays29_plain 1791482287.698274417 78167000 60000 1880
load_bays29_plain 1791482288.150881054 78167000 60000 1880
load_bays29_plain 1791482288.404418677 78167000 60000 1880
load_bays29_plain 1791482288.657572516 78167000 60000 1880
load_bays29_plain 1791482288.910964455 78168000 60000 1880
load_bays29_plain 1791482289.361662491 78168000 60000 1880
load_bays29_plain 1791482289.615088503 78168000 60000 1880
load_bays29_plain 1791482289.868457397 78168000 60000 1880
load_bays29_plain 1791482290.121689203 78648000 59000 1899
load_bays29_plain 1791482290.573334223 78648000 59000 1899
load_bays29_plain 1791482290.826832581 78648000 59000 1899
load_bays29_plain 1791482291.080239496 78648000 59000 1899
load_bays29_plain 1791482291.333786895 78627000 65000 1899
load_bays29_plain 1791482291.787125087 78627000 65000 1899
load_bays29_plain 1791482292.040668839 78627000 65000 1899
load_bays29_plain 1791482292.294283235 78627000 65000 1899
load_bays29_plain 1791482292.547851653 77912000 60000 1880
load_bays29_plain 1791482292.997462646 77912000 60000 1880
load_bays29_plain 1791482293.250581947 77912000 60000 1880
load_bays29_plain 1791482293.504113645 77912000 60000 1880
load_bays29_plain 1791482293.757581944 78387000 60000 1899
load_bays29_plain 1791482294.210142717 78387000 60000 1899
load_bays29_plain 1791482294.463873069 78387000 60000 1899
load_bays29_plain 1791482294.717189952 78387000 60000 1899
load_bays29_plain 1791482294.970453705 77912000 65000 1880
load_bays29_plain 1791482295.422584044 77912000 65000 1880
load_bays29_plain 1791482295.675986468 77912000 65000 1880
load_bays29_plain 1791482295.929418727 77912000 65000 1880
load_bays29_plain 1791482296.182823845 77906000 60000 1880
load_bays29_plain 1791482296.633845292 77906000 60000 1880
load_bays29_plain 1791482296.887238287 77906000 60000 1880
load_bays29_plain 1791482297.140394796 77906000 60000 1880
load_bays29_plain 1791482297.393934156 78387000 60000 1899
load_bays29_plain 1791482297.847020155 78387000 60000 1899
load_bays29_plain 1791482298.100385276 78387000 60000 1899
load_bays29_plain 1791482298.353791726 78387000 60000 1899
load_bays29_plain 1791482298.607465799 77891000 61000 1899
load_bays29_plain 1791482299.058056842 77891000 61000 1899
load_bays29_plain 1791482299.311315582 77891000 61000 1899
load_bays29_plain 1791482299.564521452 77891000 61000 1899
load_bays29_plain 1791482299.817866555 78168000 60000 1880
load_bays29_plain 1791482300.270291233 78168000 60000 1880
load_bays29_plain 1791482300.523541206 78168000 60000 1880
load_bays29_plain 1791482300.776815725 78168000 60000 1880
load_bays29_plain 1791482301.030043475 78152000 62000 1880
load_bays29_plain 1791482301.481808188 78152000 62000 1880
load_bays29_plain 1791482301.735323991 78152000 62000 1880
load_bays29_plain 1791482301.988959049 78152000 62000 1880
load_bays29_plain 1791482302.242273983 78153000 62000 1899
load_bays29_plain 1791482302.694925065 78153000 62000 1899
load_bays29_plain 1791482302.948369243 78153000 62000 1899
load_bays29_plain 1791482303.201561044 78153000 62000 1899
load_bays29_plain 1791482303.455210768 78168000 60000 1880
load_bays29_plain 1791482303.906667087 78168000 60000 1880
load_bays29_plain 1791482304.160180514 78168000 60000 1880
load_bays29_plain 1791482304.413521986 78168000 60000 1880
load_bays29_plain 1791482304.666851806 78407000 60000 1880
load_bays29_plain 1791482305.118822794 78407000 60000 1880
load_bays29_plain 1791482305.372316293 78407000 60000 1880
load_bays29_plain 1791482305.625321220 78407000 60000 1880
load_bays29_plain 1791482305.878470118 78168000 66000 1899
load_bays29_plain 1791482306.331680281 78168000 66000 1899
load_bays29_plain 1791482306.584623000 78168000 66000 1899
load_bays29_plain 1791482306.837592520 78168000 66000 1899
load_bays29_plain 1791482307.091038888 78153000 60000 1899
load_bays29_plain 1791482307.541638026 78153000 60000 1899
load_bays29_plain 1791482307.794760113 78153000 60000 1899
load_bays29_plain 1791482308.048464648 78153000 60000 1899
load_bays29_plain 1791482308.301766352 78407000 60000 1899
load_bays29_plain 1791482308.753594687 78407000 60000 1899
load_bays29_plain 1791482309.006645659 78407000 60000 1899
load_bays29_plain 1791482309.260136129 78407000 60000 1899
load_bays29_plain 1791482309.513397547 77912000 60000 1880
load_bays29_plain 1791482309.966044063 77912000 60000 1880
load_bays29_plain 1791482310.219591389 77912000 60000 1880
load_bays29_plain 1791482310.473283048 77912000 60000 1880
load_bays29_plain 1791482310.726621210 78387000 65000 1880
load_bays29_plain 1791482311.178253452 78387000 65000 1880
load_bays29_plain 1791482311.431429538 78387000 65000 1880
load_bays29_plain 1791482311.684406318 78387000 65000 1880
load_bays29_plain 1791482311.937782761 77927000 60000 1899
load_bays29_plain 1791482312.390975333 77927000 60000 1899
load_bays29_plain 1791482312.644373347 77927000 60000 1899
load_bays29_plain 1791482312.897912266 77927000 60000 1899
load_bays29_plain 1791482313.151498344 78392000 60000 1880
load_bays29_plain 1791482313.602395176 78392000 60000 1880
load_bays29_plain 1791482313.855453769 78392000 60000 1880
load_bays29_plain 1791482314.109003899 78392000 60000 1880
load_bays29_plain 1791482314.362459349 78146000 62000 1880
load_bays29_plain 1791482314.814884392 78146000 62000 1880
load_bays29_plain 1791482315.068326197 78146000 62000 1880
load_bays29_plain 1791482315.321724589 78146000 62000 1880
load_bays29_plain 1791482315.575217269 78407000 61000 1880
load_bays29_plain 1791482316.027119304 78407000 61000 1880
load_bays29_plain 1791482316.280489032 78407000 61000 1880
load_bays29_plain 1791482316.533772537 78407000 61000 1880
load_bays29_plain 1791482316.787278491 78152000 61000 1899
load_bays29_plain 1791482317.238055974 78152000 61000 1899
load_bays29_plain 1791482317.491671044 78152000 61000 1899
load_bays29_plain 1791482317.745250546 78152000 61000 1899
load_bays29_plain 1791482317.998611948 78386000 60000 1899
load_bays29_plain 1791482318.449609444 78386000 60000 1899
load_bays29_plain 1791482318.703275569 78386000 60000 1899
load_bays29_plain 1791482318.956431763 78386000 60000 1899
load_bays29_plain 1791482319.209855741 78648000 61000 1880
load_bays29_plain 1791482319.662339147 78648000 61000 1880
load_bays29_plain 1791482319.915558119 78648000 61000 1880
load_bays29_plain 1791482320.169156826 78648000 61000 1880
load_bays29_plain 1791482320.422582547 78371000 66000 1880
load_bays29_plain 1791482320.873838748 78371000 66000 1880
load_bays29_plain 1791482321.127230555 78371000 66000 1880
load_bays29_plain 1791482321.380634273 78371000 66000 1880
load_bays29_plain 1791482321.633405950 78168000 60000 1880
load_bays29_plain 1791482322.085582726 78168000 60000 1880
load_bays29_plain 1791482322.339270419 78168000 60000 1880
load_bays29_plain 1791482322.592678505 78168000 60000 1880
load_bays29_plain 1791482322.846268895 78387000 60000 1880
load_bays29_plain 1791482323.299288167 78387000 60000 1880
load_bays29_plain 1791482323.552616443 78387000 60000 1880
load_bays29_plain 1791482323.806010391 78387000 60000 1880
load_bays29_plain 1791482324.059358143 78131000 65000 1880
load_bays29_plain 1791482324.509425529 78131000 65000 1880
load_bays29_plain 1791482324.762762860 78131000 65000 1880
load_bays29_plain 1791482325.016439782 78131000 65000 1880
load_bays29_plain 1791482325.269671784 77927000 60000 1899
load_bays29_plain 1791482325.722547753 77927000 60000 1899
load_bays29_plain 1791482325.976027914 77927000 60000 1899
load_bays29_plain 1791482326.229440205 77927000 60000 1899
load_bays29_plain 1791482326.482889246 78408000 60000 1880
load_bays29_plain 1791482326.934808380 78408000 60000 1880
load_bays29_plain 1791482327.188277779 78408000 60000 1880
load_bays29_plain 1791482327.441614848 78408000 60000 1880
load_bays29_plain 1791482327.695097051 78408000 60000 1880
load_bays29_plain 1791482328.146467699 78408000 60000 1880
load_bays29_plain 1791482328.399764813 78408000 60000 1880
load_bays29_plain 1791482328.653212229 78408000 60000 1880
load_bays29_plain 1791482328.906675465 78168000 66000 1880
load_bays29_plain 1791482329.358469130 78168000 66000 1880
load_bays29_plain 1791482329.611808732 78168000 66000 1880
load_bays29_plain 1791482329.864941264 78168000 66000 1880
load_bays29_plain 1791482330.118372720 78387000 60000 1880
load_bays29_plain 1791482330.570097193 78387000 60000 1880
load_bays29_plain 1791482330.823238681 78387000 60000 1880
load_bays29_plain 1791482331.076567993 78387000 60000 1880
load_bays29_plain 1791482331.329993887 77927000 60000 1899
load_bays29_plain 1791482331.783393497 77927000 60000 1899
load_bays29_plain 1791482332.036563669 77927000 60000 1899
load_bays29_plain 1791482332.289569671 77927000 60000 1899
load_bays29_plain 1791482332.542670992 78168000 63000 1899
load_bays29_plain 1791482332.994414628 78168000 63000 1899
load_bays29_plain 1791482333.247320741 78168000 63000 1899
load_bays29_plain 1791482333.500726025 78168000 63000 1899
load_bays29_plain 1791482333.754167216 77927000 60000 1899
load_bays29_plain 1791482334.207470933 77927000 60000 1899
load_bays29_plain 1791482334.460528531 77927000 60000 1899
load_bays29_plain 1791482334.713805642 77927000 60000 1899
load_bays29_plain 1791482334.967144841 77912000 63000 1899
load_bays29_plain 1791482335.418440209 77912000 63000 1899
load_bays29_plain 1791482335.671727619 77912000 63000 1899
load_bays29_plain 1791482335.924900514 77912000 63000 1899
load_bays29_plain 1791482336.178468182 77927000 60000 1880
load_bays29_plain 1791482336.630096817 77927000 60000 1880
load_bays29_plain 1791482336.883279229 77927000 60000 1880
load_bays29_plain 1791482337.136757749 77927000 60000 1880
load_bays29_plain 1791482337.390163581 78167000 61000 1880
load_bays29_plain 1791482337.842569010 78167000 61000 1880
load_bays29_plain 1791482338.095781628 78167000 61000 1880
load_bays29_plain 1791482338.349220161 78167000 61000 1880
load_bays29_plain 1791482338.602561211 78633000 63000 1880
load_bays29_plain 1791482339.054254616 78633000 63000 1880
load_bays29_plain 1791482339.307186584 78633000 63000 1880
load_bays29_plain 1791482339.560756404 78633000 63000 1880
load_bays29_plain 1791482339.814526431 77906000 60000 1880
load_bays29_plain 1791482340.266926818 77906000 60000 1880
load_bays29_plain 1791482340.520063461 77906000 60000 1880
load_bays29_plain 1791482340.773240019 77906000 60000 1880
load_bays29_plain 1791482341.026453697 78152000 60000 1880
load_bays29_plain 1791482341.478601526 78152000 60000 1880
load_bays29_plain 1791482341.731927054 78152000 60000 1880
load_bays29_plain 1791482341.985090397 78152000 60000 1880
load_bays29_plain 1791482342.238350271 78147000 62000 1899
load_bays29_plain 1791482342.691515336 78147000 62000 1899
load_bays29_plain 1791482342.944635216 78147000 62000 1899
load_bays29_plain 1791482343.197562152 78147000 62000 1899
load_bays29_plain 1791482343.451245444 78633000 63000 1880
load_bays29_plain 1791482343.902856929 78633000 63000 1880
load_bays29_plain 1791482344.156078330 78633000 63000 1880
load_bays29_plain 1791482344.409295792 78633000 63000 1880
load_bays29_plain 1791482344.662771963 77936000 61000 1880
load_bays29_plain 1791482345.114633949 77936000 61000 1880
load_bays29_plain 1791482345.367828258 77936000 61000 1880
load_bays29_plain 1791482345.621098760 77936000 61000 1880
load_bays29_plain 1791482345.874286085 77927000 60000 1899
load_bays29_plain 1791482346.326264028 77927000 60000 1899
load_bays29_plain 1791482346.579456543 77927000 60000 1899
load_bays29_plain 1791482346.832617197 77927000 60000 1899
load_bays29_plain 1791482347.085867000 78168000 65000 1899
load_bays29_plain 1791482347.538754907 78168000 65000 1899
load_bays29_plain 1791482347.792324171 78168000 65000 1899
load_bays29_plain 1791482348.046103401 78168000 65000 1899
load_bays29_plain 1791482348.299410561 78393000 66000 1899
load_bays29_plain 1791482348.751220144 78393000 66000 1899
load_bays29_plain 1791482349.004769510 78393000 66000 1899
load_bays29_plain 1791482349.258181356 78393000 66000 1899
load_bays29_plain 1791482349.511242050 77912000 60000 1880
load_bays29_plain 1791482349.962679711 77912000 60000 1880
load_bays29_plain 1791482350.215912720 77912000 60000 1880
load_bays29_plain 1791482350.469495036 77912000 60000 1880
load_bays29_plain 1791482350.722700894 78147000 60000 1880
load_bays29_plain 1791482351.173815284 78147000 60000 1880
load_bays29_plain 1791482351.427331566 78147000 60000 1880
load_bays29_plain 1791482351.680732400 78147000 60000 1880
load_bays29_plain 1791482351.934264261 78387000 63000 1899
load_bays29_plain 1791482352.386526564 78387000 63000 1899
load_bays29_plain 1791482352.640256918 78387000 63000 1899
load_bays29_plain 1791482352.893643555 78387000 63000 1899
load_bays29_plain 1791482353.146745395 77927000 65000 1899
load_bays29_plain 1791482353.598727658 77927000 65000 1899
load_bays29_plain 1791482353.851992184 77927000 65000 1899
load_bays29_plain 1791482354.105166730 77927000 65000 1899
load_bays29_plain 1791482354.358050368 77927000 60000 1899
load_bays29_plain 1791482354.810713864 77927000 60000 1899
load_bays29_plain 1791482355.064037621 77927000 60000 1899
load_bays29_plain 1791482355.317656304 77927000 60000 1899
load_bays29_plain 1791482355.571011600 78633000 60000 1899
load_bays29_plain 1791482356.022388970 78633000 60000 1899
load_bays29_plain 1791482356.275757360 78633000 60000 1899
load_bays29_plain 1791482356.529169172 78633000 60000 1899
load_bays29_plain 1791482356.782375477 78167000 65000 1880
load_bays29_plain 1791482357.234263579 78167000 65000 1880
load_bays29_plain 1791482357.487871710 78167000 65000 1880
load_bays29_plain 1791482357.740963989 78167000 65000 1880
load_bays29_plain 1791482357.994591507 77912000 60000 1880
load_bays29_plain 1791482358.447553612 77912000 60000 1880
load_bays29_plain 1791482358.700947319 77912000 60000 1880
load_bays29_plain 1791482358.954364940 77912000 60000 1880
load_bays29_plain 1791482359.207804232 78153000 61000 1899
load_bays29_plain 1791482359.658729246 78153000 61000 1899
load_bays29_plain 1791482359.912347755 78153000 61000 1899
load_bays29_plain 1791482360.165917974 78153000 61000 1899
load_bays29_plain 1791482360.419322079 78371000 60000 1899
load_bays29_plain 1791482360.871528948 78371000 60000 1899
load_bays29_plain 1791482361.124910691 78371000 60000 1899
load_bays29_plain 1791482361.378179440 78371000 60000 1899
load_bays29_plain 1791482361.631770025 78167000 63000 1880
load_bays29_plain 1791482362.083462123 78167000 63000 1880
load_bays29_plain 1791482362.337339809 78167000 63000 1880
load_bays29_plain 1791482362.590756457 78167000 63000 1880
load_bays29_plain 1791482362.844166281 78393000 60000 1899
load_bays29_plain 1791482363.294215700 78393000 60000 1899
load_bays29_plain 1791482363.547726535 78393000 60000 1899
load_bays29_plain 1791482363.801118796 78393000 60000 1899
load_bays29_plain 1791482364.054578694 77927000 60000 1880
load_bays29_plain 1791482364.506052126 77927000 60000 1880
load_bays29_plain 1791482364.759586855 77927000 60000 1880
load_bays29_plain 1791482365.013118638 77927000 60000 1880
load_bays29_plain 1791482365.266500678 78372000 64000 1899
load_bays29_plain 1791482365.718485754 78372000 64000 1899
load_bays29_plain 1791482365.971638532 78372000 64000 1899
load_bays29_plain 1791482366.224983462 78372000 64000 1899
load_bays29_plain 1791482366.478026543 77927000 60000 1899
load_bays29_plain 1791482366.930972499 77927000 60000 1899
load_bays29_plain 1791482367.184522896 77927000 60000 1899
load_bays29_plain 1791482367.437680522 77927000 60000 1899
load_bays29_plain 1791482367.690788514 77906000 62000 1899
load_bays29_plain 1791482368.142186320 77906000 62000 1899
load_bays29_plain 1791482368.395433685 77906000 62000 1899
load_bays29_plain 1791482368.648561584 77906000 62000 1899
load_bays29_plain 1791482368.901950376 78408000 65000 1880
load_bays29_plain 1791482369.355085456 78408000 65000 1880
load_bays29_plain 1791482369.608341235 78408000 65000 1880
load_bays29_plain 1791482369.861785741 78408000 65000 1880
load_bays29_plain 1791482370.115076387 78408000 61000 1899
load_bays29_plain 1791482370.567421736 78408000 61000 1899
load_bays29_plain 1791482370.820577066 78408000 61000 1899
load_bays29_plain 1791482371.073582874 78408000 61000 1899
load_bays29_plain 1791482371.326945845 78167000 60000 1880
load_bays29_plain 1791482371.779012729 78167000 60000 1880
load_bays29_plain 1791482372.032158931 78167000 60000 1880
load_bays29_plain 1791482372.284874480 78167000 60000 1880
load_bays29_plain 1791482372.538397542 78167000 60000 1899
load_bays29_plain 1791482372.990040997 78167000 60000 1899
load_bays29_plain 1791482373.243414617 78167000 60000 1899
load_bays29_plain 1791482373.497198380 78167000 60000 1899
load_bays29_plain 1791482373.750439069 78167000 64000 1899
load_bays29_plain 1791482374.202165498 78167000 64000 1899
load_bays29_plain 1791482374.455621502 78167000 64000 1899
load_bays29_plain 1791482374.708935219 78167000 64000 1899
load_bays29_plain 1791482374.962383839 77900000 60000 1880
load_bays29_plain 1791482375.414486346 77900000 60000 1880
load_bays29_plain 1791482375.667848323 77900000 60000 1880
load_bays29_plain 1791482375.921048113 77900000 60000 1880
load_bays29_plain 1791482376.174596842 78147000 60000 1880
load_bays29_plain 1791482376.626870049 78147000 60000 1880
load_bays29_plain 1791482376.880290085 78147000 60000 1880
load_bays29_plain 1791482377.133567751 78147000 60000 1880
load_bays29_plain 1791482377.387058219 78393000 65000 1880
load_bays29_plain 1791482377.838534112 78393000 65000 1880
load_bays29_plain 1791482378.092006486 78393000 65000 1880
load_bays29_plain 1791482378.345553409 78393000 65000 1880
load_bays29_plain 1791482378.598907489 78408000 65000 1880
load_bays29_plain 1791482379.051489126 78408000 65000 1880
load_bays29_plain 1791482379.304382547 78408000 65000 1880
load_bays29_plain 1791482379.558003630 78408000 65000 1880
load_bays29_plain 1791482379.811074195 77927000 60000 1880
load_bays29_plain 1791482380.263658695 77927000 60000 1880
load_bays29_plain 1791482380.517137700 77927000 60000 1880
load_bays29_plain 1791482380.770558604 77927000 60000 1880
load_bays29_plain 1791482381.023655057 77927000 60000 1880
load_bays29_plain 1791482381.474809881 77927000 60000 1880
load_bays29_plain 1791482381.728297411 77927000 60000 1880
load_bays29_plain 1791482381.981598369 77927000 60000 1880
load_bays29_plain 1791482382.234647752 78648000 60000 1880
load_bays29_plain 1791482382.686304522 78648000 60000 1880
load_bays29_plain 1791482382.939537170 78648000 60000 1880
load_bays29_plain 1791482383.192663157 78648000 60000 1880
load_bays29_plain 1791482383.445624564 77927000 62000 1880
load_bays29_plain 1791482383.898940901 77927000 62000 1880
load_bays29_plain 1791482384.152298334 77927000 62000 1880
load_bays29_plain 1791482384.405601795 77927000 62000 1880
load_bays29_plain 1791482384.659001057 78147000 60000 1899
load_bays29_plain 1791482385.110140118 78147000 60000 1899
load_bays29_plain 1791482385.363666519 78147000 60000 1899
load_bays29_plain 1791482385.616586777 78147000 60000 1899
load_bays29_plain 1791482385.869770812 78393000 60000 1880
load_bays29_plain 1791482386.323802224 78393000 60000 1880
load_bays29_plain 1791482386.576869960 78393000 60000 1880
load_bays29_plain 1791482386.830388154 78393000 60000 1880
load_bays29_plain 1791482387.083891471 78633000 60000 1880
load_bays29_plain 1791482387.535527987 78633000 60000 1880
load_bays29_plain 1791482387.789096957 78633000 60000 1880
load_bays29_plain 1791482388.042587348 78633000 60000 1880
load_bays29_plain 1791482388.295670281 77912000 60000 1880
load_bays29_plain 1791482388.746739096 77912000 60000 1880
load_bays29_plain 1791482388.999902501 77912000 60000 1880
load_bays29_plain 1791482389.253861886 77912000 60000 1880
load_bays29_plain 1791482389.507376943 78408000 60000 1880
load_bays29_plain 1791482389.958478568 78408000 60000 1880
load_bays29_plain 1791482390.211645388 78408000 60000 1880
load_bays29_plain 1791482390.464810255 78408000 60000 1880
load_bays29_plain 1791482390.718312627 78408000 60000 1899
idle2 1791482392.055538115 77912000 60000 1899
idle2 1791482392.586756186 77912000 60000 1899
idle2 1791482392.841534533 77912000 60000 1899
idle2 1791482393.096634877 77912000 60000 1899
idle2 1791482393.351655771 69778000 52000 1759
idle2 1791482393.797129823 69778000 52000 1759
idle2 1791482394.052138304 69778000 52000 1759
idle2 1791482394.307146803 69778000 52000 1759
idle2 1791482394.563015926 69538000 52000 1759
idle2 1791482395.010341187 69538000 52000 1759
idle2 1791482395.265622090 69538000 52000 1759
idle2 1791482395.520758981 69538000 52000 1759
idle2 1791482395.774629014 69538000 52000 1759
idle2 1791482396.220647320 69538000 52000 1759
idle2 1791482396.474807709 69538000 52000 1759
idle2 1791482396.729643723 69538000 52000 1759
idle2 1791482396.984150114 69297000 52000 1759
idle2 1791482397.433538692 69297000 52000 1759
idle2 1791482397.688126678 69297000 52000 1759
idle2 1791482397.942283651 69297000 52000 1759
idle2 1791482398.196830128 69538000 52000 1759
idle2 1791482398.644881925 69538000 52000 1759
idle2 1791482398.899044788 69538000 52000 1759
idle2 1791482399.153288303 69538000 52000 1759
idle2 1791482399.408080203 69297000 52000 1759
idle2 1791482399.959753878 69297000 52000 1759
idle2 1791482400.214368803 69297000 52000 1759
idle2 1791482400.468452385 69297000 52000 1759
idle2 1791482400.723251707 69297000 52000 1759
idle2 1791482401.170493384 69297000 52000 1759
idle2 1791482401.424978023 69297000 52000 1759
idle2 1791482401.679191680 69297000 52000 1759
idle2 1791482401.932888023 69532000 52000 1759
idle2 1791482402.382529494 69532000 52000 1759
idle2 1791482402.637497042 69532000 52000 1759
idle2 1791482402.893066054 69532000 52000 1759
idle2 1791482403.148004766 69297000 52000 1759
idle2 1791482403.595581393 69297000 52000 1759
idle2 1791482403.849581266 69297000 52000 1759
idle2 1791482404.104297540 69297000 52000 1759
idle2 1791482404.357929770 69297000 52000 1759
idle2 1791482404.807347907 69297000 52000 1759
idle2 1791482405.061300161 69297000 52000 1759
idle2 1791482405.316077328 69297000 52000 1759
idle2 1791482405.571043392 69311000 52000 1759
idle2 1791482406.018581784 69311000 52000 1759
idle2 1791482406.273487713 69311000 52000 1759
idle2 1791482406.529031285 69311000 52000 1759
idle2 1791482406.783018253 69311000 52000 1759
idle2 1791482407.231758579 69311000 52000 1759
idle2 1791482407.485603588 69311000 52000 1759
idle2 1791482407.739693598 69311000 52000 1759
idle2 1791482407.994630326 69291000 52000 1759
idle2 1791482408.444649903 69291000 52000 1759
idle2 1791482408.699708700 69291000 52000 1759
idle2 1791482408.953922614 69291000 52000 1759
idle2 1791482409.208619789 69311000 52000 1759
idle2 1791482409.654800558 69311000 52000 1759
idle2 1791482409.909663235 69311000 52000 1759
idle2 1791482410.163694193 69311000 52000 1759
idle2 1791482410.418451871 69311000 52000 1759
idle2 1791482410.868225863 69311000 52000 1759
idle2 1791482411.122878163 69311000 52000 1759
idle2 1791482411.377892895 69311000 52000 1759
idle2 1791482411.632064708 69297000 52000 1759
idle2 1791482412.079264385 69297000 52000 1759
idle2 1791482412.334540099 69297000 52000 1759
idle2 1791482412.589939255 69297000 52000 1759
idle2 1791482412.844830133 69298000 52000 1759
idle2 1791482413.292090163 69298000 52000 1759
idle2 1791482413.546549326 69298000 52000 1759
idle2 1791482413.800733341 69298000 52000 1759
idle2 1791482414.055518519 69302000 52000 1759
idle2 1791482414.503395291 69302000 52000 1759
idle2 1791482414.758047898 69302000 52000 1759
idle2 1791482415.012269774 69302000 52000 1759
idle2 1791482415.266281754 69057000 52000 1759
idle2 1791482415.716146984 69057000 52000 1759
idle2 1791482415.970214648 69057000 52000 1759
idle2 1791482416.224141918 69057000 52000 1759
idle2 1791482416.479316779 69538000 52000 1759
idle2 1791482416.927297686 69538000 52000 1759
idle2 1791482417.182176859 69538000 52000 1759
idle2 1791482417.436985169 69538000 52000 1759
idle2 1791482417.691742743 69057000 51000 1759
idle2 1791482418.138841425 69057000 51000 1759
idle2 1791482418.392759075 69057000 51000 1759
idle2 1791482418.647668574 69057000 51000 1759
idle2 1791482418.901554845 69311000 52000 1759
idle2 1791482419.351524167 69311000 52000 1759
idle2 1791482419.606673028 69311000 52000 1759
idle2 1791482419.860969291 69311000 52000 1759
idle2 1791482420.115670307 69071000 51000 1759
idle2 1791482420.563171986 69071000 51000 1759
idle2 1791482420.817333855 69071000 51000 1759
idle2 1791482421.072482575 69071000 51000 1759
idle2 1791482421.327419394 68818000 52000 1759
idle2 1791482421.774480752 68818000 52000 1759
idle2 1791482422.029261908 68818000 52000 1759
idle2 1791482422.284006585 68818000 52000 1759
idle2 1791482422.539219595 69297000 52000 1759
idle2 1791482422.989050524 69297000 52000 1759
idle2 1791482423.243675385 69297000 52000 1759
idle2 1791482423.498162957 69297000 52000 1759
idle2 1791482423.753418136 69057000 52000 1759
idle2 1791482424.199295920 69057000 52000 1759
idle2 1791482424.454400073 69057000 52000 1759
idle2 1791482424.709445376 69057000 52000 1759
idle2 1791482424.964506358 69297000 52000 1759
idle2 1791482425.412378651 69297000 52000 1759
idle2 1791482425.667060058 69297000 52000 1759
idle2 1791482425.922208404 69297000 52000 1759
idle2 1791482426.176900741 69291000 52000 1759
idle2 1791482426.624015023 69291000 52000 1759
idle2 1791482426.878886928 69291000 52000 1759
idle2 1791482427.133202744 69291000 52000 1759
idle2 1791482427.387599042 69057000 52000 1759
idle2 1791482427.835849215 69057000 52000 1759
idle2 1791482428.090335892 69057000 52000 1759
idle2 1791482428.345398275 69057000 52000 1759
idle2 1791482428.599345355 69088000 52000 1759
idle2 1791482429.048021411 69088000 52000 1759
idle2 1791482429.303030422 69088000 52000 1759
idle2 1791482429.557860546 69088000 52000 1759
idle2 1791482429.812584190 69057000 52000 1759
idle2 1791482430.260494149 69057000 52000 1759
idle2 1791482430.515364018 69057000 52000 1759
idle2 1791482430.770043096 69057000 52000 1759
idle2 1791482431.023973534 68818000 52000 1759
idle2 1791482431.470803216 68818000 52000 1759
idle2 1791482431.725750100 68818000 52000 1759
idle2 1791482431.980008114 68818000 52000 1759
idle2 1791482432.234424196 69057000 51000 1740
idle2 1791482432.683585412 69057000 51000 1740
idle2 1791482432.939169987 69057000 51000 1740
idle2 1791482433.193002218 69057000 51000 1740
idle2 1791482433.446682994 69071000 52000 1759
idle2 1791482433.895508656 69071000 52000 1759
idle2 1791482434.150318791 69071000 52000 1759
idle2 1791482434.404712270 69071000 52000 1759
idle2 1791482434.659256513 69057000 52000 1759
idle2 1791482435.106626370 69057000 52000 1759
idle2 1791482435.361489453 69057000 52000 1759
idle2 1791482435.616474196 69057000 52000 1759
idle2 1791482435.871274401 69071000 52000 1759
idle2 1791482436.320982585 69071000 52000 1759
idle2 1791482436.575799391 69071000 52000 1759
idle2 1791482436.830583004 69071000 52000 1759
idle2 1791482437.085359052 69057000 52000 1759
idle2 1791482437.532132401 69057000 52000 1759
idle2 1791482437.786834981 69057000 52000 1759
idle2 1791482438.041501062 69057000 52000 1759
idle2 1791482438.296591954 68818000 51000 1759
idle2 1791482438.743556182 68818000 51000 1759
idle2 1791482438.998941990 68818000 51000 1759
idle2 1791482439.253978689 68818000 51000 1759
idle2 1791482439.509084167 69057000 51000 1740
idle2 1791482439.955738521 69057000 51000 1740
idle2 1791482440.210472317 69057000 51000 1740
idle2 1791482440.465498595 69057000 51000 1740
idle2 1791482440.720601579 69057000 51000 1759
idle2 1791482441.168055468 69057000 51000 1759
idle2 1791482441.423179149 69057000 51000 1759
idle2 1791482441.678076124 69057000 51000 1759
idle2 1791482441.933133900 68832000 52000 1740
idle2 1791482442.378687596 68832000 52000 1740
idle2 1791482442.633306536 68832000 52000 1740
idle2 1791482442.887719286 68832000 52000 1740
idle2 1791482443.142401044 68818000 51000 1740
idle2 1791482443.592156210 68818000 51000 1740
idle2 1791482443.847135197 68818000 51000 1740
idle2 1791482444.101549340 68818000 51000 1740
idle2 1791482444.356755835 68832000 52000 1740
idle2 1791482444.804227525 68832000 52000 1740
idle2 1791482445.059119057 68832000 52000 1740
idle2 1791482445.313030161 68832000 52000 1740
idle2 1791482445.567886626 68832000 52000 1740
idle2 1791482446.014542568 68832000 52000 1740
idle2 1791482446.269793256 68832000 52000 1740
idle2 1791482446.523499724 68832000 52000 1740
idle2 1791482446.778236924 68575000 52000 1740
idle2 1791482447.228250053 68575000 52000 1740
idle2 1791482447.483599286 68575000 52000 1740
idle2 1791482447.738639337 68575000 52000 1740
idle2 1791482447.993318777 68575000 51000 1740
idle2 1791482448.441156394 68575000 51000 1740
idle2 1791482448.696146830 68575000 51000 1740
idle2 1791482448.951036517 68575000 51000 1740
idle2 1791482449.204977125 68816000 51000 1740
idle2 1791482449.651746727 68816000 51000 1740
idle2 1791482449.906927122 68816000 51000 1740
idle2 1791482450.162253521 68816000 51000 1740
idle2 1791482450.417146904 68765000 52000 1740
idle2 1791482450.863840943 68765000 52000 1740
idle2 1791482451.117822437 68765000 52000 1740
idle2 1791482451.372687015 68765000 52000 1740
idle2 1791482451.627382314 68818000 52000 1759
load_G1gpp_plain 1791482452.079949142 68818000 52000 1759
load_G1gpp_plain 1791482452.334660200 68818000 52000 1759
load_G1gpp_plain 1791482452.588966736 68818000 52000 1759
load_G1gpp_plain 1791482452.842953248 68577000 51000 1740
load_G1gpp_plain 1791482453.285766598 68577000 51000 1740
load_G1gpp_plain 1791482453.539005010 68577000 51000 1740
load_G1gpp_plain 1791482453.792515825 68577000 51000 1740
load_G1gpp_plain 1791482454.046044343 76726000 60000 1860
load_G1gpp_plain 1791482454.498496503 76726000 60000 1860
load_G1gpp_plain 1791482454.751552991 76726000 60000 1860
load_G1gpp_plain 1791482455.004882924 76726000 60000 1860
load_G1gpp_plain 1791482455.258191216 76947000 60000 1860
load_G1gpp_plain 1791482455.709743489 76947000 60000 1860
load_G1gpp_plain 1791482455.963246097 76947000 60000 1860
load_G1gpp_plain 1791482456.216541314 76947000 60000 1860
load_G1gpp_plain 1791482456.470192382 76727000 60000 1860
load_G1gpp_plain 1791482456.922316902 76727000 60000 1860
load_G1gpp_plain 1791482457.175763625 76727000 60000 1860
load_G1gpp_plain 1791482457.429452093 76727000 60000 1860
load_G1gpp_plain 1791482457.682469415 76932000 60000 1860
load_G1gpp_plain 1791482458.134478757 76932000 60000 1860
load_G1gpp_plain 1791482458.387926491 76932000 60000 1860
load_G1gpp_plain 1791482458.641459305 76932000 60000 1860
load_G1gpp_plain 1791482458.894877513 76952000 60000 1860
load_G1gpp_plain 1791482459.345983691 76952000 60000 1860
load_G1gpp_plain 1791482459.599610672 76952000 60000 1860
load_G1gpp_plain 1791482459.853034880 76952000 60000 1860
load_G1gpp_plain 1791482460.106272217 76967000 60000 1820
load_G1gpp_plain 1791482460.557550488 76967000 60000 1820
load_G1gpp_plain 1791482460.810827669 76967000 60000 1820
load_G1gpp_plain 1791482461.064596557 76967000 60000 1820
load_G1gpp_plain 1791482461.318222755 76486000 60000 1860
load_G1gpp_plain 1791482461.770293069 76486000 60000 1860
load_G1gpp_plain 1791482462.023518031 76486000 60000 1860
load_G1gpp_plain 1791482462.277272170 76486000 60000 1860
load_G1gpp_plain 1791482462.530786898 76486000 60000 1860
load_G1gpp_plain 1791482462.982075828 76486000 60000 1860
load_G1gpp_plain 1791482463.235604832 76486000 60000 1860
load_G1gpp_plain 1791482463.488687635 76486000 60000 1860
load_G1gpp_plain 1791482463.742013176 76967000 60000 1860
load_G1gpp_plain 1791482464.194732651 76967000 60000 1860
load_G1gpp_plain 1791482464.448271694 76967000 60000 1860
load_G1gpp_plain 1791482464.701607383 76967000 60000 1860
load_G1gpp_plain 1791482464.955125046 76952000 60000 1860
load_G1gpp_plain 1791482465.407575543 76952000 60000 1860
load_G1gpp_plain 1791482465.661093525 76952000 60000 1860
load_G1gpp_plain 1791482465.914316411 76952000 60000 1860
load_G1gpp_plain 1791482466.167237288 76707000 60000 1860
load_G1gpp_plain 1791482466.619209222 76707000 60000 1860
load_G1gpp_plain 1791482466.872649818 76707000 60000 1860
load_G1gpp_plain 1791482467.126182618 76707000 60000 1860
load_G1gpp_plain 1791482467.379539856 76967000 60000 1860
load_G1gpp_plain 1791482467.830379525 76967000 60000 1860
load_G1gpp_plain 1791482468.083993988 76967000 60000 1860
load_G1gpp_plain 1791482468.337525224 76967000 60000 1860
load_G1gpp_plain 1791482468.591137583 76952000 60000 1860
load_G1gpp_plain 1791482469.041935071 76952000 60000 1860
load_G1gpp_plain 1791482469.295442131 76952000 60000 1860
load_G1gpp_plain 1791482469.549003714 76952000 60000 1860
load_G1gpp_plain 1791482469.802106351 76967000 60000 1880
load_G1gpp_plain 1791482470.255301358 76967000 60000 1880
load_G1gpp_plain 1791482470.508979280 76967000 60000 1880
load_G1gpp_plain 1791482470.762102946 76967000 60000 1880
load_G1gpp_plain 1791482471.015499978 76947000 60000 1860
load_G1gpp_plain 1791482471.467614276 76947000 60000 1860
load_G1gpp_plain 1791482471.720949792 76947000 60000 1860
load_G1gpp_plain 1791482471.974204164 76947000 60000 1860
load_G1gpp_plain 1791482472.227587760 76932000 56000 1860
load_G1gpp_plain 1791482472.678439156 76932000 56000 1860
load_G1gpp_plain 1791482472.932132065 76932000 56000 1860
load_G1gpp_plain 1791482473.185717732 76932000 56000 1860
load_G1gpp_plain 1791482473.439003011 76227000 60000 1860
load_G1gpp_plain 1791482473.891492976 76227000 60000 1860
load_G1gpp_plain 1791482474.145303956 76227000 60000 1860
load_G1gpp_plain 1791482474.398880595 76227000 60000 1860
load_G1gpp_plain 1791482474.652320917 76947000 60000 1860
load_G1gpp_plain 1791482475.102806171 76947000 60000 1860
load_G1gpp_plain 1791482475.355665808 76947000 60000 1860
load_G1gpp_plain 1791482475.608934806 76947000 60000 1860
load_G1gpp_plain 1791482475.862339199 76967000 60000 1860
load_G1gpp_plain 1791482476.313913766 76967000 60000 1860
load_G1gpp_plain 1791482476.567153368 76967000 60000 1860
load_G1gpp_plain 1791482476.820556689 76967000 60000 1860
load_G1gpp_plain 1791482477.073768018 76952000 60000 1860
load_G1gpp_plain 1791482477.527370156 76952000 60000 1860
load_G1gpp_plain 1791482477.780858276 76952000 60000 1860
load_G1gpp_plain 1791482478.034175204 76952000 60000 1860
load_G1gpp_plain 1791482478.287509774 76967000 60000 1860
load_G1gpp_plain 1791482478.739056356 76967000 60000 1860
load_G1gpp_plain 1791482478.992590292 76967000 60000 1860
load_G1gpp_plain 1791482479.246092799 76967000 60000 1860
load_G1gpp_plain 1791482479.499970553 76952000 60000 1860
load_G1gpp_plain 1791482479.951276690 76952000 60000 1860
load_G1gpp_plain 1791482480.204727930 76952000 60000 1860
load_G1gpp_plain 1791482480.457966008 76952000 60000 1860
load_G1gpp_plain 1791482480.711405445 76880000 60000 1860
load_G1gpp_plain 1791482481.162427726 76880000 60000 1860
load_G1gpp_plain 1791482481.416001897 76880000 60000 1860
load_G1gpp_plain 1791482481.669279388 76880000 60000 1860
load_G1gpp_plain 1791482481.922711150 76966000 60000 1860
load_G1gpp_plain 1791482482.374397362 76966000 60000 1860
load_G1gpp_plain 1791482482.628079356 76966000 60000 1860
load_G1gpp_plain 1791482482.881499405 76966000 60000 1860
load_G1gpp_plain 1791482483.134862678 76967000 60000 1860
load_G1gpp_plain 1791482483.586825991 76967000 60000 1860
load_G1gpp_plain 1791482483.840302937 76967000 60000 1860
load_G1gpp_plain 1791482484.093638607 76967000 60000 1860
load_G1gpp_plain 1791482484.347023099 76947000 57000 1860
load_G1gpp_plain 1791482484.798567411 76947000 57000 1860
load_G1gpp_plain 1791482485.051705929 76947000 57000 1860
load_G1gpp_plain 1791482485.304678935 76947000 57000 1860
load_G1gpp_plain 1791482485.557597969 76952000 60000 1860
load_G1gpp_plain 1791482486.009922661 76952000 60000 1860
load_G1gpp_plain 1791482486.263087829 76952000 60000 1860
load_G1gpp_plain 1791482486.516429088 76952000 60000 1860
load_G1gpp_plain 1791482486.769835400 76967000 60000 1860
load_G1gpp_plain 1791482487.222160342 76967000 60000 1860
load_G1gpp_plain 1791482487.475128688 76967000 60000 1860
load_G1gpp_plain 1791482487.728647561 76967000 60000 1860
load_G1gpp_plain 1791482487.982178328 76967000 60000 1860
load_G1gpp_plain 1791482488.435101886 76967000 60000 1860
load_G1gpp_plain 1791482488.688693537 76967000 60000 1860
load_G1gpp_plain 1791482488.941979280 76967000 60000 1860
load_G1gpp_plain 1791482489.195040170 76932000 60000 1860
load_G1gpp_plain 1791482489.647296390 76932000 60000 1860
load_G1gpp_plain 1791482489.900480442 76932000 60000 1860
load_G1gpp_plain 1791482490.153675003 76932000 60000 1860
load_G1gpp_plain 1791482490.406915811 76932000 60000 1860
load_G1gpp_plain 1791482490.857572164 76932000 60000 1860
load_G1gpp_plain 1791482491.110958036 76932000 60000 1860
load_G1gpp_plain 1791482491.364330281 76932000 60000 1860
load_G1gpp_plain 1791482491.617496298 76947000 60000 1860
load_G1gpp_plain 1791482492.071259036 76947000 60000 1860
load_G1gpp_plain 1791482492.324681796 76947000 60000 1860
load_G1gpp_plain 1791482492.577581240 76947000 60000 1860
load_G1gpp_plain 1791482492.830650353 76947000 60000 1860
load_G1gpp_plain 1791482493.283161361 76947000 60000 1860
load_G1gpp_plain 1791482493.536810958 76947000 60000 1860
load_G1gpp_plain 1791482493.790099174 76947000 60000 1860
load_G1gpp_plain 1791482494.043460147 76952000 60000 1860
load_G1gpp_plain 1791482494.495052502 76952000 60000 1860
load_G1gpp_plain 1791482494.748611728 76952000 60000 1860
load_G1gpp_plain 1791482495.001687102 76952000 60000 1860
load_G1gpp_plain 1791482495.255317453 75028000 60000 1860
load_G1gpp_plain 1791482495.707609455 75028000 60000 1860
load_G1gpp_plain 1791482495.960898161 75028000 60000 1860
load_G1gpp_plain 1791482496.214303366 75028000 60000 1860
load_G1gpp_plain 1791482496.467676040 76967000 60000 1860
load_G1gpp_plain 1791482496.918955163 76967000 60000 1860
load_G1gpp_plain 1791482497.172344498 76967000 60000 1860
load_G1gpp_plain 1791482497.426085856 76967000 60000 1860
load_G1gpp_plain 1791482497.679525766 76246000 60000 1860
load_G1gpp_plain 1791482498.130458685 76246000 60000 1860
load_G1gpp_plain 1791482498.383804958 76246000 60000 1860
load_G1gpp_plain 1791482498.637273923 76246000 60000 1860
load_G1gpp_plain 1791482498.890480623 76967000 61000 1860
load_G1gpp_plain 1791482499.341837660 76967000 61000 1860
load_G1gpp_plain 1791482499.594818634 76967000 61000 1860
load_G1gpp_plain 1791482499.847759513 76967000 61000 1860
load_G1gpp_plain 1791482500.101234077 76967000 61000 1860
load_G1gpp_plain 1791482500.554044663 76967000 61000 1860
load_G1gpp_plain 1791482500.807604207 76967000 61000 1860
load_G1gpp_plain 1791482501.061091606 76967000 61000 1860
load_G1gpp_plain 1791482501.314530993 76967000 61000 1860
load_G1gpp_plain 1791482501.765832203 76967000 61000 1860
load_G1gpp_plain 1791482502.019213832 76967000 61000 1860
load_G1gpp_plain 1791482502.272492285 76967000 61000 1860
load_G1gpp_plain 1791482502.525805494 76953000 60000 1860
load_G1gpp_plain 1791482502.978973562 76953000 60000 1860
load_G1gpp_plain 1791482503.232004920 76953000 60000 1860
load_G1gpp_plain 1791482503.484855145 76953000 60000 1860
load_G1gpp_plain 1791482503.738478008 76967000 60000 1860
load_G1gpp_plain 1791482504.190260303 76967000 60000 1860
load_G1gpp_plain 1791482504.443667067 76967000 60000 1860
load_G1gpp_plain 1791482504.697235596 76967000 60000 1860
load_G1gpp_plain 1791482504.950570626 76967000 60000 1880
load_G1gpp_plain 1791482505.403335401 76967000 60000 1880
load_G1gpp_plain 1791482505.656958353 76967000 60000 1880
load_G1gpp_plain 1791482505.910662217 76967000 60000 1880
load_G1gpp_plain 1791482506.164213143 76967000 60000 1860
load_G1gpp_plain 1791482506.615187633 76967000 60000 1860
load_G1gpp_plain 1791482506.868278451 76967000 60000 1860
load_G1gpp_plain 1791482507.121127152 76967000 60000 1860
load_G1gpp_plain 1791482507.373965985 76245000 60000 1860
load_G1gpp_plain 1791482507.827675419 76245000 60000 1860
load_G1gpp_plain 1791482508.080985831 76245000 60000 1860
load_G1gpp_plain 1791482508.334427299 76245000 60000 1860
load_G1gpp_plain 1791482508.587985527 76967000 60000 1860
load_G1gpp_plain 1791482509.039637102 76967000 60000 1860
load_G1gpp_plain 1791482509.293150685 76967000 60000 1860
load_G1gpp_plain 1791482509.546155099 76967000 60000 1860
load_G1gpp_plain 1791482509.799608609 76967000 60000 1860
load_G1gpp_plain 1791482510.250132067 76967000 60000 1860
load_G1gpp_plain 1791482510.503398524 76967000 60000 1860
load_G1gpp_plain 1791482510.756126226 76967000 60000 1860
load_G1gpp_plain 1791482511.009545281 77206000 60000 1860
load_G1gpp_plain 1791482511.462567356 77206000 60000 1860
load_G1gpp_plain 1791482511.715996510 77206000 60000 1860
load_G1gpp_plain 1791482511.969395036 77206000 60000 1860
load_G1gpp_plain 1791482512.222988849 76952000 60000 1880
load_G1gpp_plain 1791482512.675160090 76952000 60000 1880
load_G1gpp_plain 1791482512.928409194 76952000 60000 1880
load_G1gpp_plain 1791482513.181885115 76952000 60000 1880
load_G1gpp_plain 1791482513.435297005 76967000 60000 1860
load_G1gpp_plain 1791482513.886812499 76967000 60000 1860
load_G1gpp_plain 1791482514.140302476 76967000 60000 1860
load_G1gpp_plain 1791482514.393270670 76967000 60000 1860
load_G1gpp_plain 1791482514.646096635 77206000 60000 1860
load_G1gpp_plain 1791482515.098241675 77206000 60000 1860
load_G1gpp_plain 1791482515.351318923 77206000 60000 1860
load_G1gpp_plain 1791482515.604435145 77206000 60000 1860
load_G1gpp_plain 1791482515.857845632 76740000 60000 1860
load_G1gpp_plain 1791482516.311483054 76740000 60000 1860
load_G1gpp_plain 1791482516.564800905 76740000 60000 1860
load_G1gpp_plain 1791482516.818431747 76740000 60000 1860
load_G1gpp_plain 1791482517.072064943 76947000 60000 1860
load_G1gpp_plain 1791482517.522347309 76947000 60000 1860
load_G1gpp_plain 1791482517.775622109 76947000 60000 1860
load_G1gpp_plain 1791482518.028858336 76947000 60000 1860
load_G1gpp_plain 1791482518.282594175 76947000 60000 1860
load_G1gpp_plain 1791482518.734345209 76947000 60000 1860
load_G1gpp_plain 1791482518.987848179 76947000 60000 1860
load_G1gpp_plain 1791482519.241128709 76947000 60000 1860
load_G1gpp_plain 1791482519.494875177 76967000 60000 1860
load_G1gpp_plain 1791482519.946483431 76967000 60000 1860
load_G1gpp_plain 1791482520.199887133 76967000 60000 1860
load_G1gpp_plain 1791482520.453478979 76967000 60000 1860
load_G1gpp_plain 1791482520.707140376 76952000 60000 1860
load_G1gpp_plain 1791482521.158067306 76952000 60000 1860
load_G1gpp_plain 1791482521.411402387 76952000 60000 1860
load_G1gpp_plain 1791482521.664053400 76952000 60000 1860
load_G1gpp_plain 1791482521.917633624 76967000 61000 1860
load_G1gpp_plain 1791482522.371187483 76967000 61000 1860
load_G1gpp_plain 1791482522.624435531 76967000 61000 1860
load_G1gpp_plain 1791482522.877615259 76967000 61000 1860
load_G1gpp_plain 1791482523.130732049 76952000 60000 1880
load_G1gpp_plain 1791482523.583580618 76952000 60000 1880
load_G1gpp_plain 1791482523.836527247 76952000 60000 1880
load_G1gpp_plain 1791482524.089934914 76952000 60000 1880
load_G1gpp_plain 1791482524.343088362 77187000 60000 1860
load_G1gpp_plain 1791482524.794795970 77187000 60000 1860
load_G1gpp_plain 1791482525.047726698 77187000 60000 1860
load_G1gpp_plain 1791482525.300675139 77187000 60000 1860
load_G1gpp_plain 1791482525.553805133 76947000 60000 1880
load_G1gpp_plain 1791482526.006206618 76947000 60000 1880
load_G1gpp_plain 1791482526.259718952 76947000 60000 1880
load_G1gpp_plain 1791482526.513018654 76947000 60000 1880
load_G1gpp_plain 1791482526.766280877 76967000 60000 1860
load_G1gpp_plain 1791482527.219465306 76967000 60000 1860
load_G1gpp_plain 1791482527.472905694 76967000 60000 1860
load_G1gpp_plain 1791482527.726429018 76967000 60000 1860
load_G1gpp_plain 1791482527.979885045 76967000 60000 1860
load_G1gpp_plain 1791482528.431360322 76967000 60000 1860
load_G1gpp_plain 1791482528.684399483 76967000 60000 1860
load_G1gpp_plain 1791482528.937042367 76967000 60000 1860
load_G1gpp_plain 1791482529.190387384 77206000 60000 1860
load_G1gpp_plain 1791482529.642685170 77206000 60000 1860
load_G1gpp_plain 1791482529.895733268 77206000 60000 1860
load_G1gpp_plain 1791482530.149239549 77206000 60000 1860
load_G1gpp_plain 1791482530.402577432 76967000 60000 1860
load_G1gpp_plain 1791482530.854648560 76967000 60000 1860
load_G1gpp_plain 1791482531.108208832 76967000 60000 1860
load_G1gpp_plain 1791482531.361374711 76967000 60000 1860
load_G1gpp_plain 1791482531.614694990 77186000 60000 1860
load_G1gpp_plain 1791482532.067232186 77186000 60000 1860
load_G1gpp_plain 1791482532.320676129 77186000 60000 1860
load_G1gpp_plain 1791482532.573994574 77186000 60000 1860
load_G1gpp_plain 1791482532.827331705 76967000 60000 1860
load_G1gpp_plain 1791482533.278046866 76967000 60000 1860
load_G1gpp_plain 1791482533.531532466 76967000 60000 1860
load_G1gpp_plain 1791482533.784964275 76967000 60000 1860
load_G1gpp_plain 1791482534.038383049 76967000 53000 1860
load_G1gpp_plain 1791482534.490344678 76967000 53000 1860
load_G1gpp_plain 1791482534.743633928 76967000 53000 1860
load_G1gpp_plain 1791482534.997040849 76967000 53000 1860
load_G1gpp_plain 1791482535.250251300 76947000 60000 1860
load_G1gpp_plain 1791482535.702681061 76947000 60000 1860
load_G1gpp_plain 1791482535.955867566 76947000 60000 1860
load_G1gpp_plain 1791482536.208968721 76947000 60000 1860
load_G1gpp_plain 1791482536.461829873 76967000 60000 1860
load_G1gpp_plain 1791482536.916030601 76967000 60000 1860
load_G1gpp_plain 1791482537.169581132 76967000 60000 1860
load_G1gpp_plain 1791482537.422729134 76967000 60000 1860
load_G1gpp_plain 1791482537.676318368 76947000 60000 1880
load_G1gpp_plain 1791482538.127405155 76947000 60000 1880
load_G1gpp_plain 1791482538.380809500 76947000 60000 1880
load_G1gpp_plain 1791482538.634336496 76947000 60000 1880
load_G1gpp_plain 1791482538.887837834 76981000 60000 1880
load_G1gpp_plain 1791482539.338666324 76981000 60000 1880
load_G1gpp_plain 1791482539.591698086 76981000 60000 1880
load_G1gpp_plain 1791482539.844808056 76981000 60000 1880
load_G1gpp_plain 1791482540.098274187 76967000 60000 1880
load_G1gpp_plain 1791482540.551368326 76967000 60000 1880
load_G1gpp_plain 1791482540.804734408 76967000 60000 1880
load_G1gpp_plain 1791482541.058375648 76967000 60000 1880
load_G1gpp_plain 1791482541.311821410 76952000 60000 1860
load_G1gpp_plain 1791482541.763302458 76952000 60000 1860
load_G1gpp_plain 1791482542.016852787 76952000 60000 1860
load_G1gpp_plain 1791482542.270343563 76952000 60000 1860
load_G1gpp_plain 1791482542.523183162 76967000 60000 1860
load_G1gpp_plain 1791482542.975625491 76967000 60000 1860
load_G1gpp_plain 1791482543.229003554 76967000 60000 1860
load_G1gpp_plain 1791482543.481926580 76967000 60000 1860
load_G1gpp_plain 1791482543.735490073 76947000 60000 1860
load_G1gpp_plain 1791482544.187722385 76947000 60000 1860
load_G1gpp_plain 1791482544.441078596 76947000 60000 1860
load_G1gpp_plain 1791482544.694344047 76947000 60000 1860
load_G1gpp_plain 1791482544.947815827 77207000 61000 1860
load_G1gpp_plain 1791482545.397896853 77207000 61000 1860
load_G1gpp_plain 1791482545.651244207 77207000 61000 1860
load_G1gpp_plain 1791482545.904331772 77207000 61000 1860
load_G1gpp_plain 1791482546.157254557 76967000 61000 1860
load_G1gpp_plain 1791482546.610410619 76967000 61000 1860
load_G1gpp_plain 1791482546.863706889 76967000 61000 1860
load_G1gpp_plain 1791482547.116830019 76967000 61000 1860
load_G1gpp_plain 1791482547.370487117 76961000 61000 1860
load_G1gpp_plain 1791482547.823690537 76961000 61000 1860
load_G1gpp_plain 1791482548.077057207 76961000 61000 1860
load_G1gpp_plain 1791482548.330456168 76961000 61000 1860
load_G1gpp_plain 1791482548.583976357 76947000 60000 1880
load_G1gpp_plain 1791482549.035493357 76947000 60000 1880
load_G1gpp_plain 1791482549.288815633 76947000 60000 1880
load_G1gpp_plain 1791482549.542414520 76947000 60000 1880
load_G1gpp_plain 1791482549.795875407 77207000 60000 1880
load_G1gpp_plain 1791482550.245971989 77207000 60000 1880
load_G1gpp_plain 1791482550.499110928 77207000 60000 1880
load_G1gpp_plain 1791482550.751636382 77207000 60000 1880
load_G1gpp_plain 1791482551.004832148 76967000 60000 1860
load_G1gpp_plain 1791482551.458380556 76967000 60000 1860
load_G1gpp_plain 1791482551.712275560 76967000 60000 1860
load_G1gpp_plain 1791482551.965752526 76967000 60000 1860
load_G1gpp_plain 1791482552.219187183 76987000 60000 1880
load_G1gpp_plain 1791482552.670682069 76987000 60000 1880
load_G1gpp_plain 1791482552.924094142 76987000 60000 1880
load_G1gpp_plain 1791482553.177505935 76987000 60000 1880
load_G1gpp_plain 1791482553.430899524 77206000 60000 1860
load_G1gpp_plain 1791482553.882464370 77206000 60000 1860
load_G1gpp_plain 1791482554.135957837 77206000 60000 1860
load_G1gpp_plain 1791482554.389002427 77206000 60000 1860
load_G1gpp_plain 1791482554.642354547 76967000 60000 1880
load_G1gpp_plain 1791482555.095760674 76967000 60000 1880
load_G1gpp_plain 1791482555.349587989 76967000 60000 1880
load_G1gpp_plain 1791482555.602802489 76967000 60000 1880
load_G1gpp_plain 1791482555.856152304 77431000 60000 1860
load_G1gpp_plain 1791482556.306469467 77431000 60000 1860
load_G1gpp_plain 1791482556.560000153 77431000 60000 1860
load_G1gpp_plain 1791482556.813366619 77431000 60000 1860
load_G1gpp_plain 1791482557.066555520 77206000 60000 1880
load_G1gpp_plain 1791482557.620929752 77206000 60000 1880
load_G1gpp_plain 1791482557.874487748 77206000 60000 1880
load_G1gpp_plain 1791482558.127765076 77206000 60000 1880
load_G1gpp_plain 1791482558.381091536 77191000 59000 1880
load_G1gpp_plain 1791482558.932707437 77191000 59000 1880
load_G1gpp_plain 1791482559.186188177 77191000 59000 1880
load_G1gpp_plain 1791482559.439682343 77191000 59000 1880
load_G1gpp_plain 1791482559.692874489 76468000 60000 1860
load_G1gpp_plain 1791482560.144163381 76468000 60000 1860
load_G1gpp_plain 1791482560.397551036 76468000 60000 1860
load_G1gpp_plain 1791482560.650885650 76468000 60000 1860
load_G1gpp_plain 1791482560.904362613 77206000 61000 1860
load_G1gpp_plain 1791482561.357969213 77206000 61000 1860
load_G1gpp_plain 1791482561.611411169 77206000 61000 1860
load_G1gpp_plain 1791482561.864546688 77206000 61000 1860
load_G1gpp_plain 1791482562.117766054 77186000 60000 1880
load_G1gpp_plain 1791482562.568810554 77186000 60000 1880
load_G1gpp_plain 1791482562.822240658 77186000 60000 1880
load_G1gpp_plain 1791482563.075724342 77186000 60000 1880
load_G1gpp_plain 1791482563.328867534 77206000 61000 1880
load_G1gpp_plain 1791482563.781183119 77206000 61000 1880
load_G1gpp_plain 1791482564.034558339 77206000 61000 1880
load_G1gpp_plain 1791482564.288266115 77206000 61000 1880
load_G1gpp_plain 1791482564.541505839 76967000 60000 1860
load_G1gpp_plain 1791482565.094362523 76967000 60000 1860
load_G1gpp_plain 1791482565.347795080 76967000 60000 1860
load_G1gpp_plain 1791482565.601324590 76967000 60000 1860
load_G1gpp_plain 1791482565.854845674 76967000 60000 1860
load_G1gpp_plain 1791482566.306762194 76967000 60000 1860
load_G1gpp_plain 1791482566.559985036 76967000 60000 1860
load_G1gpp_plain 1791482566.813339956 76967000 60000 1860
load_G1gpp_plain 1791482567.066569029 77187000 60000 1860
load_G1gpp_plain 1791482567.518270814 77187000 60000 1860
load_G1gpp_plain 1791482567.771649649 77187000 60000 1860
load_G1gpp_plain 1791482568.025044684 77187000 60000 1860
load_G1gpp_plain 1791482568.278390977 76967000 60000 1860
load_G1gpp_plain 1791482568.730672144 76967000 60000 1860
load_G1gpp_plain 1791482568.984074032 76967000 60000 1860
load_G1gpp_plain 1791482569.237482432 76967000 60000 1860
load_G1gpp_plain 1791482569.490856376 77205000 60000 1860
load_G1gpp_plain 1791482569.941622366 77205000 60000 1860
load_G1gpp_plain 1791482570.195235872 77205000 60000 1860
load_G1gpp_plain 1791482570.448520158 77205000 60000 1860
load_G1gpp_plain 1791482570.702069943 77181000 60000 1860
load_G1gpp_plain 1791482571.152919820 77181000 60000 1860
load_G1gpp_plain 1791482571.406429330 77181000 60000 1860
load_G1gpp_plain 1791482571.659804246 77181000 60000 1860
load_G1gpp_plain 1791482571.913220971 77206000 60000 1860
load_G1gpp_plain 1791482572.366119648 77206000 60000 1860
load_G1gpp_plain 1791482572.619358757 77206000 60000 1860
load_G1gpp_plain 1791482572.872618696 77206000 60000 1860
load_G1gpp_plain 1791482573.126107627 77206000 60000 1880
load_G1gpp_plain 1791482573.578587434 77206000 60000 1880
load_G1gpp_plain 1791482573.832182604 77206000 60000 1880
load_G1gpp_plain 1791482574.085786340 77206000 60000 1880
load_G1gpp_plain 1791482574.339179469 77206000 60000 1860
load_G1gpp_plain 1791482574.791046521 77206000 60000 1860
load_G1gpp_plain 1791482575.044386450 77206000 60000 1860
load_G1gpp_plain 1791482575.297974977 77206000 60000 1860
load_G1gpp_plain 1791482575.551657942 77186000 60000 1860
load_G1gpp_plain 1791482576.002633171 77186000 60000 1860
load_G1gpp_plain 1791482576.256244681 77186000 60000 1860
load_G1gpp_plain 1791482576.509655833 77186000 60000 1860
load_G1gpp_plain 1791482576.763018775 77207000 61000 1860
load_G1gpp_plain 1791482577.214739358 77207000 61000 1860
load_G1gpp_plain 1791482577.468194824 77207000 61000 1860
load_G1gpp_plain 1791482577.721608210 77207000 61000 1860
load_G1gpp_plain 1791482577.974581136 77191000 61000 1880
load_G1gpp_plain 1791482578.426368675 77191000 61000 1880
load_G1gpp_plain 1791482578.679652386 77191000 61000 1880
load_G1gpp_plain 1791482578.932906832 77191000 61000 1880
load_G1gpp_plain 1791482579.186483104 77206000 60000 1860
load_G1gpp_plain 1791482579.637993931 77206000 60000 1860
load_G1gpp_plain 1791482579.891148258 77206000 60000 1860
load_G1gpp_plain 1791482580.144576661 77206000 60000 1860
load_G1gpp_plain 1791482580.397603548 77206000 60000 1860
load_G1gpp_plain 1791482580.849981929 77206000 60000 1860
load_G1gpp_plain 1791482581.103431933 77206000 60000 1860
load_G1gpp_plain 1791482581.356677861 77206000 60000 1860
load_G1gpp_plain 1791482581.609925644 76967000 60000 1880
load_G1gpp_plain 1791482582.061793401 76967000 60000 1880
load_G1gpp_plain 1791482582.315283130 76967000 60000 1880
load_G1gpp_plain 1791482582.568672198 76967000 60000 1880
load_G1gpp_plain 1791482582.821850318 77191000 60000 1880
load_G1gpp_plain 1791482583.273116101 77191000 60000 1880
load_G1gpp_plain 1791482583.526408266 77191000 60000 1880
load_G1gpp_plain 1791482583.779726180 77191000 60000 1880
load_G1gpp_plain 1791482584.032913297 77206000 60000 1860
load_G1gpp_plain 1791482584.485419426 77206000 60000 1860
load_G1gpp_plain 1791482584.738752638 77206000 60000 1860
load_G1gpp_plain 1791482584.992288592 77206000 60000 1860
load_G1gpp_plain 1791482585.245478304 77206000 61000 1860
load_G1gpp_plain 1791482585.697377879 77206000 61000 1860
load_G1gpp_plain 1791482585.950526503 77206000 61000 1860
load_G1gpp_plain 1791482586.203972337 77206000 61000 1860
load_G1gpp_plain 1791482586.457529580 76967000 60000 1860
load_G1gpp_plain 1791482586.910174630 76967000 60000 1860
load_G1gpp_plain 1791482587.163616556 76967000 60000 1860
load_G1gpp_plain 1791482587.416541137 76967000 60000 1860
load_G1gpp_plain 1791482587.670039820 76932000 60000 1880
load_G1gpp_plain 1791482588.122957272 76932000 60000 1880
load_G1gpp_plain 1791482588.376718840 76932000 60000 1880
load_G1gpp_plain 1791482588.630033315 76932000 60000 1880
load_G1gpp_plain 1791482588.883136052 77446000 60000 1860
load_G1gpp_plain 1791482589.333314249 77446000 60000 1860
load_G1gpp_plain 1791482589.586838730 77446000 60000 1860
load_G1gpp_plain 1791482589.840089014 77446000 60000 1860
load_G1gpp_plain 1791482590.093572588 77206000 60000 1860
load_G1gpp_plain 1791482590.545447874 77206000 60000 1860
load_G1gpp_plain 1791482590.798801221 77206000 60000 1860
load_G1gpp_plain 1791482591.052169517 77206000 60000 1860
load_G1gpp_plain 1791482591.305349037 77191000 61000 1880
load_G1gpp_plain 1791482591.759189897 77191000 61000 1880
load_G1gpp_plain 1791482592.012436874 77191000 61000 1880
load_G1gpp_plain 1791482592.265738534 77191000 61000 1880
load_G1gpp_plain 1791482592.519171241 76967000 60000 1880
load_G1gpp_plain 1791482592.970461693 76967000 60000 1880
load_G1gpp_plain 1791482593.223720581 76967000 60000 1880
load_G1gpp_plain 1791482593.476956677 76967000 60000 1880
load_G1gpp_plain 1791482593.730483651 77206000 60000 1860
load_G1gpp_plain 1791482594.182725285 77206000 60000 1860
load_G1gpp_plain 1791482594.435523104 77206000 60000 1860
load_G1gpp_plain 1791482594.688393110 77206000 60000 1860
load_G1gpp_plain 1791482594.941728963 77186000 60000 1880
load_G1gpp_plain 1791482595.394927820 77186000 60000 1880
load_G1gpp_plain 1791482595.648033049 77186000 60000 1880
load_G1gpp_plain 1791482595.901704304 77186000 60000 1880
load_G1gpp_plain 1791482596.154815223 76967000 60000 1880
load_G1gpp_plain 1791482596.606928162 76967000 60000 1880
load_G1gpp_plain 1791482596.860403578 76967000 60000 1880
load_G1gpp_plain 1791482597.113695457 76967000 60000 1880
load_G1gpp_plain 1791482597.366985133 77206000 61000 1880
load_G1gpp_plain 1791482597.817795817 77206000 61000 1880
load_G1gpp_plain 1791482598.071126409 77206000 61000 1880
load_G1gpp_plain 1791482598.324472491 77206000 61000 1880
load_G1gpp_plain 1791482598.578053595 76967000 61000 1860
load_G1gpp_plain 1791482599.029665619 76967000 61000 1860
load_G1gpp_plain 1791482599.283276368 76967000 61000 1860
load_G1gpp_plain 1791482599.536440837 76967000 61000 1860
load_G1gpp_plain 1791482599.789711485 77207000 60000 1880
load_G1gpp_plain 1791482600.242058023 77207000 60000 1880
load_G1gpp_plain 1791482600.495429682 77207000 60000 1880
load_G1gpp_plain 1791482600.748759491 77207000 60000 1880
load_G1gpp_plain 1791482601.001975687 76967000 60000 1860
load_G1gpp_plain 1791482601.454562987 76967000 60000 1860
load_G1gpp_plain 1791482601.707694032 76967000 60000 1860
load_G1gpp_plain 1791482601.960976432 76967000 60000 1860
idle3 1791482602.667584493 77446000 57000 1860
idle3 1791482603.071097044 77446000 57000 1860
idle3 1791482603.326163517 77446000 57000 1860
idle3 1791482603.581073464 77446000 57000 1860
idle3 1791482603.835015856 69291000 52000 1759
idle3 1791482604.284130239 69291000 52000 1759
idle3 1791482604.539494171 69291000 52000 1759
idle3 1791482604.794605327 69291000 52000 1759
idle3 1791482605.049710431 69311000 52000 1759
idle3 1791482605.494441551 69311000 52000 1759
idle3 1791482605.749426619 69311000 52000 1759
idle3 1791482606.004295398 69311000 52000 1759
idle3 1791482606.258329372 69044000 52000 1759
idle3 1791482606.705768916 69044000 52000 1759
idle3 1791482606.960616384 69044000 52000 1759
idle3 1791482607.215732599 69044000 52000 1759
idle3 1791482607.469593006 69311000 52000 1759
idle3 1791482607.918430404 69311000 52000 1759
idle3 1791482608.172390740 69311000 52000 1759
idle3 1791482608.425935482 69311000 52000 1759
idle3 1791482608.680697538 69057000 52000 1759
idle3 1791482609.131525337 69057000 52000 1759
idle3 1791482609.385382227 69057000 52000 1759
idle3 1791482609.639068805 69057000 52000 1759
idle3 1791482609.894075032 69057000 52000 1759
idle3 1791482610.344613945 69057000 52000 1759
idle3 1791482610.599039917 69057000 52000 1759
idle3 1791482610.852924028 69057000 52000 1759
idle3 1791482611.107332798 69057000 51000 1759
idle3 1791482611.555821496 69057000 51000 1759
idle3 1791482611.810230947 69057000 51000 1759
idle3 1791482612.065093872 69057000 51000 1759
idle3 1791482612.319814599 69057000 52000 1759
idle3 1791482612.766798139 69057000 52000 1759
idle3 1791482613.022033977 69057000 52000 1759
idle3 1791482613.277374111 69057000 52000 1759
idle3 1791482613.531898898 68818000 51000 1759
idle3 1791482613.981037801 68818000 51000 1759
idle3 1791482614.236109939 68818000 51000 1759
idle3 1791482614.491174734 68818000 51000 1759
idle3 1791482614.745188067 69057000 52000 1759
idle3 1791482615.191313820 69057000 52000 1759
idle3 1791482615.446367483 69057000 52000 1759
idle3 1791482615.700162133 69057000 52000 1759
idle3 1791482615.954341298 69071000 51000 1759
idle3 1791482616.403800072 69071000 51000 1759
idle3 1791482616.658671120 69071000 51000 1759
idle3 1791482616.913687353 69071000 51000 1759
idle3 1791482617.167983488 68818000 51000 1759
idle3 1791482617.615530137 68818000 51000 1759
idle3 1791482617.870206067 68818000 51000 1759
idle3 1791482618.124844867 68818000 51000 1759
idle3 1791482618.379881217 68830000 51000 1759
idle3 1791482618.825796700 68830000 51000 1759
idle3 1791482619.080771754 68830000 51000 1759
idle3 1791482619.335895729 68830000 51000 1759
idle3 1791482619.590452284 69057000 52000 1740
idle3 1791482620.040178430 69057000 52000 1740
idle3 1791482620.295132414 69057000 52000 1740
idle3 1791482620.550148364 69057000 52000 1740
idle3 1791482620.805049999 69057000 52000 1740
idle3 1791482621.251773083 69057000 52000 1740
idle3 1791482621.507135045 69057000 52000 1740
idle3 1791482621.761647436 69057000 52000 1740
idle3 1791482622.016779235 68835000 52000 1759
idle3 1791482622.464330399 68835000 52000 1759
idle3 1791482622.719228687 68835000 52000 1759
idle3 1791482622.973955982 68835000 52000 1759
idle3 1791482623.228094849 68832000 52000 1759
idle3 1791482623.674859149 68832000 52000 1759
idle3 1791482623.929676415 68832000 52000 1759
idle3 1791482624.184736437 68832000 52000 1759
idle3 1791482624.439832327 69057000 51000 1759
idle3 1791482624.887673856 69057000 51000 1759
idle3 1791482625.142854215 69057000 51000 1759
idle3 1791482625.396690330 69057000 51000 1759
idle3 1791482625.651562568 68818000 52000 1740
idle3 1791482626.101160728 68818000 52000 1740
idle3 1791482626.356611857 68818000 52000 1740
idle3 1791482626.611529129 68818000 52000 1740
idle3 1791482626.865807467 68803000 51000 1759
idle3 1791482627.311822262 68803000 51000 1759
idle3 1791482627.565851932 68803000 51000 1759
idle3 1791482627.820607509 68803000 51000 1759
idle3 1791482628.075329893 68816000 51000 1759
idle3 1791482628.522963469 68816000 51000 1759
idle3 1791482628.777677989 68816000 51000 1759
idle3 1791482629.032365757 68816000 51000 1759
idle3 1791482629.286313702 68591000 52000 1740
idle3 1791482629.737083568 68591000 52000 1740
idle3 1791482629.991727104 68591000 52000 1740
idle3 1791482630.246428056 68591000 52000 1740
idle3 1791482630.501813650 68577000 51000 1740
idle3 1791482630.947288435 68577000 51000 1740
idle3 1791482631.202789726 68577000 51000 1740
idle3 1791482631.456617033 68577000 51000 1740
idle3 1791482631.711382417 68832000 51000 1740
idle3 1791482632.158015034 68832000 51000 1740
idle3 1791482632.412783684 68832000 51000 1740
idle3 1791482632.667148473 68832000 51000 1740
idle3 1791482632.922255872 68565000 51000 1759
idle3 1791482633.370711995 68565000 51000 1759
idle3 1791482633.624540252 68565000 51000 1759
idle3 1791482633.878963050 68565000 51000 1759
idle3 1791482634.132560823 68816000 51000 1740
idle3 1791482634.584021298 68816000 51000 1740
idle3 1791482634.837984379 68816000 51000 1740
idle3 1791482635.091683783 68816000 51000 1740
idle3 1791482635.346315734 68812000 51000 1740
idle3 1791482635.795700105 68812000 51000 1740
idle3 1791482636.051120723 68812000 51000 1740
idle3 1791482636.305992646 68812000 51000 1740
idle3 1791482636.560712914 68805000 51000 1740
idle3 1791482637.008614670 68805000 51000 1740
idle3 1791482637.263758395 68805000 51000 1740
idle3 1791482637.518617664 68805000 51000 1740
idle3 1791482637.772678017 68524000 51000 1759
idle3 1791482638.220356232 68524000 51000 1759
idle3 1791482638.474569162 68524000 51000 1759
idle3 1791482638.728506594 68524000 51000 1759
idle3 1791482638.983164824 68564000 52000 1759
idle3 1791482639.430439697 68564000 52000 1759
idle3 1791482639.685323050 68564000 52000 1759
idle3 1791482639.940261167 68564000 52000 1759
idle3 1791482640.195147476 68591000 52000 1740
idle3 1791482640.642749285 68591000 52000 1740
idle3 1791482640.896803997 68591000 52000 1740
idle3 1791482641.151521056 68591000 52000 1740
idle3 1791482641.406715545 68336000 51000 1759
idle3 1791482641.854653547 68336000 51000 1759
idle3 1791482642.109183424 68336000 51000 1759
idle3 1791482642.363466415 68336000 51000 1759
idle3 1791482642.618122439 68336000 51000 1740
idle3 1791482643.067823373 68336000 51000 1740
idle3 1791482643.321714585 68336000 51000 1740
idle3 1791482643.576513358 68336000 51000 1740
idle3 1791482643.831729788 68594000 51000 1740
idle3 1791482644.279972371 68594000 51000 1740
idle3 1791482644.535305412 68594000 51000 1740
idle3 1791482644.789166928 68594000 51000 1740
idle3 1791482645.043586255 68510000 51000 1740
idle3 1791482645.491524585 68510000 51000 1740
idle3 1791482645.746406093 68510000 51000 1740
idle3 1791482646.000189452 68510000 51000 1740
idle3 1791482646.255351399 68577000 51000 1759
idle3 1791482646.704949947 68577000 51000 1759
idle3 1791482646.959081471 68577000 51000 1759
idle3 1791482647.213689484 68577000 51000 1759
idle3 1791482647.468732275 68336000 51000 1759
idle3 1791482647.917438692 68336000 51000 1759
idle3 1791482648.172706467 68336000 51000 1759
idle3 1791482648.427658166 68336000 51000 1759
idle3 1791482648.683454017 68336000 51000 1740
idle3 1791482649.127613783 68336000 51000 1740
idle3 1791482649.382697320 68336000 51000 1740
idle3 1791482649.637374492 68336000 51000 1740
idle3 1791482649.892313978 68336000 51000 1740
idle3 1791482650.340075231 68336000 51000 1740
idle3 1791482650.594921961 68336000 51000 1740
idle3 1791482650.849114950 68336000 51000 1740
idle3 1791482651.103826255 68336000 51000 1740
idle3 1791482651.551309594 68336000 51000 1740
idle3 1791482651.805822556 68336000 51000 1740
idle3 1791482652.060513743 68336000 51000 1740
idle3 1791482652.315192697 68510000 51000 1740
idle3 1791482652.764865472 68510000 51000 1740
idle3 1791482653.019864369 68510000 51000 1740
idle3 1791482653.274058489 68510000 51000 1740
idle3 1791482653.528031061 68283000 51000 1740
idle3 1791482653.975574793 68283000 51000 1740
idle3 1791482654.230295655 68283000 51000 1740
idle3 1791482654.484984678 68283000 51000 1740
idle3 1791482654.740094072 68577000 51000 1740
idle3 1791482655.188377607 68577000 51000 1740
idle3 1791482655.442424058 68577000 51000 1740
idle3 1791482655.696002757 68577000 51000 1740
idle3 1791482655.950929527 68283000 51000 1740
idle3 1791482656.400868220 68283000 51000 1740
idle3 1791482656.655770824 68283000 51000 1740
idle3 1791482656.910895667 68283000 51000 1740
idle3 1791482657.165845650 68269000 51000 1740
idle3 1791482657.610833662 68269000 51000 1740
idle3 1791482657.865206307 68269000 51000 1740
idle3 1791482658.119776434 68269000 51000 1740
idle3 1791482658.374269486 68269000 51000 1740
idle3 1791482658.824158535 68269000 51000 1740
idle3 1791482659.079595014 68269000 51000 1740
idle3 1791482659.334636610 68269000 51000 1740
idle3 1791482659.589960757 68257000 51000 1740
idle3 1791482660.034391948 68257000 51000 1740
idle3 1791482660.288845224 68257000 51000 1740
idle3 1791482660.543943406 68257000 51000 1740
idle3 1791482660.799035996 68336000 51000 1740
idle3 1791482661.248547863 68336000 51000 1740
idle3 1791482661.503679177 68336000 51000 1740
idle3 1791482661.758654245 68336000 51000 1740
