2026/10/08 13:57:07.189, 0 %, 45025 MiB, 269.11 W, 154.89 W, 354.35 W, 240.19 W, 1980 MHz
2026/10/08 13:57:07.398, 0 %, 45025 MiB, 248.84 W, 156.26 W, 334.15 W, 241.15 W, 1980 MHz
2026/10/08 13:57:07.599, 0 %, 45025 MiB, 218.99 W, 154.77 W, 303.98 W, 239.29 W, 1980 MHz
2026/10/08 13:57:07.799, 0 %, 45025 MiB, 187.70 W, 154.27 W, 272.22 W, 238.32 W, 1980 MHz
2026/10/08 13:57:07.999, 0 %, 45025 MiB, 156.09 W, 154.37 W, 240.56 W, 238.32 W, 1980 MHz
2026/10/08 13:57:08.199, 0 %, 45025 MiB, 154.86 W, 154.67 W, 239.35 W, 239.45 W, 1980 MHz
2026/10/08 13:57:08.399, 0 %, 45025 MiB, 154.51 W, 153.50 W, 239.31 W, 240.26 W, 1980 MHz
2026/10/08 13:57:08.599, 0 %, 45025 MiB, 154.30 W, 154.21 W, 239.67 W, 241.23 W, 1980 MHz
2026/10/08 13:57:08.800, 0 %, 45025 MiB, 154.23 W, 153.50 W, 240.13 W, 240.17 W, 1980 MHz
2026/10/08 13:57:09.000, 0 %, 45025 MiB, 146.41 W, 98.11 W, 233.05 W, 186.88 W, 405 MHz
2026/10/08 13:57:09.200, 0 %, 45024 MiB, 134.91 W, 98.69 W, 222.33 W, 187.86 W, 375 MHz
2026/10/08 13:57:09.400, 0 %, 45024 MiB, 123.79 W, 98.07 W, 211.56 W, 184.88 W, 345 MHz
2026/10/08 13:57:09.600, 0 %, 45024 MiB, 112.62 W, 97.56 W, 200.40 W, 184.99 W, 345 MHz
2026/10/08 13:57:09.800, 0 %, 45024 MiB, 101.47 W, 98.43 W, 189.33 W, 185.91 W, 345 MHz
2026/10/08 13:57:10.001, 0 %, 45024 MiB, 98.16 W, 98.76 W, 185.83 W, 186.88 W, 345 MHz
2026/10/08 13:57:10.201, 0 %, 45024 MiB, 98.30 W, 98.08 W, 185.85 W, 184.88 W, 345 MHz
2026/10/08 13:57:10.401, 0 %, 45024 MiB, 98.37 W, 98.33 W, 185.86 W, 184.93 W, 345 MHz
2026/10/08 13:57:10.601, 0 %, 45024 MiB, 98.36 W, 98.19 W, 185.78 W, 185.98 W, 345 MHz
2026/10/08 13:57:10.801, 0 %, 45024 MiB, 98.32 W, 99.44 W, 185.81 W, 187.86 W, 345 MHz
2026/10/08 13:57:11.001, 0 %, 45024 MiB, 98.33 W, 98.05 W, 185.91 W, 187.86 W, 345 MHz
2026/10/08 13:57:11.201, 0 %, 45024 MiB, 98.43 W, 98.70 W, 186.62 W, 188.95 W, 345 MHz
2026/10/08 13:57:11.401, 0 %, 45024 MiB, 98.57 W, 98.49 W, 187.30 W, 188.83 W, 345 MHz
2026/10/08 13:57:11.602, 0 %, 45024 MiB, 98.68 W, 98.50 W, 187.86 W, 189.88 W, 345 MHz
2026/10/08 13:57:11.802, 0 %, 45024 MiB, 98.81 W, 98.70 W, 189.16 W, 192.67 W, 345 MHz
2026/10/08 13:57:12.002, 0 %, 45024 MiB, 98.88 W, 97.74 W, 190.49 W, 190.70 W, 345 MHz
2026/10/08 13:57:12.202, 0 %, 45024 MiB, 98.86 W, 98.80 W, 190.98 W, 190.77 W, 345 MHz
2026/10/08 13:57:12.402, 0 %, 45024 MiB, 98.78 W, 98.85 W, 191.62 W, 193.70 W, 345 MHz
2026/10/08 13:57:12.603, 0 %, 45024 MiB, 98.73 W, 98.93 W, 192.42 W, 193.82 W, 345 MHz
2026/10/08 13:57:12.803, 0 %, 45024 MiB, 98.69 W, 98.29 W, 192.45 W, 190.85 W, 345 MHz
2026/10/08 13:57:13.003, 0 %, 45024 MiB, 98.69 W, 98.25 W, 192.51 W, 192.72 W, 345 MHz
2026/10/08 13:57:13.203, 0 %, 45024 MiB, 98.71 W, 98.54 W, 193.14 W, 193.70 W, 345 MHz
2026/10/08 13:57:13.404, 0 %, 45024 MiB, 98.56 W, 98.55 W, 193.04 W, 191.75 W, 345 MHz
2026/10/08 13:57:13.604, 0 %, 45024 MiB, 98.57 W, 98.20 W, 193.13 W, 191.88 W, 345 MHz
2026/10/08 13:57:13.805, 0 %, 45024 MiB, 98.63 W, 98.76 W, 193.35 W, 193.70 W, 345 MHz
2026/10/08 13:57:14.005, 0 %, 45024 MiB, 98.67 W, 99.13 W, 193.24 W, 191.70 W, 345 MHz
2026/10/08 13:57:14.205, 0 %, 45024 MiB, 98.56 W, 99.32 W, 192.92 W, 194.67 W, 345 MHz
2026/10/08 13:57:14.405, 0 %, 45024 MiB, 98.67 W, 97.83 W, 193.11 W, 191.75 W, 345 MHz
2026/10/08 13:57:14.606, 0 %, 45024 MiB, 98.74 W, 98.27 W, 193.24 W, 191.88 W, 345 MHz
2026/10/08 13:57:14.806, 0 %, 45023 MiB, 98.71 W, 98.59 W, 193.13 W, 192.77 W, 345 MHz
2026/10/08 13:57:15.006, 0 %, 45023 MiB, 98.58 W, 98.93 W, 193.10 W, 193.57 W, 345 MHz
2026/10/08 13:57:15.206, 0 %, 45023 MiB, 98.66 W, 98.67 W, 193.04 W, 191.75 W, 345 MHz
2026/10/08 13:57:15.406, 0 %, 45023 MiB, 98.71 W, 97.97 W, 193.09 W, 191.70 W, 345 MHz
2026/10/08 13:57:15.607, 0 %, 45023 MiB, 98.63 W, 97.83 W, 192.97 W, 192.78 W, 345 MHz
2026/10/08 13:57:15.807, 0 %, 45023 MiB, 98.62 W, 99.48 W, 193.03 W, 193.82 W, 345 MHz
2026/10/08 13:57:16.007, 0 %, 45023 MiB, 98.62 W, 98.29 W, 193.12 W, 192.72 W, 345 MHz
2026/10/08 13:57:16.208, 0 %, 45023 MiB, 98.60 W, 97.91 W, 193.13 W, 192.72 W, 345 MHz
2026/10/08 13:57:16.408, 0 %, 45023 MiB, 98.55 W, 98.39 W, 193.15 W, 192.67 W, 345 MHz
2026/10/08 13:57:16.608, 0 %, 45023 MiB, 98.57 W, 99.22 W, 193.13 W, 194.67 W, 345 MHz
2026/10/08 13:57:16.808, 0 %, 45023 MiB, 98.59 W, 98.38 W, 193.09 W, 192.79 W, 345 MHz
2026/10/08 13:57:17.011, 0 %, 45023 MiB, 98.66 W, 98.82 W, 193.28 W, 192.65 W, 345 MHz
2026/10/08 13:57:17.211, 0 %, 45023 MiB, 98.68 W, 98.60 W, 193.25 W, 192.72 W, 345 MHz
2026/10/08 13:57:17.412, 0 %, 45023 MiB, 98.70 W, 98.72 W, 193.11 W, 192.72 W, 345 MHz
2026/10/08 13:57:17.612, 0 %, 45023 MiB, 98.68 W, 99.41 W, 192.97 W, 192.72 W, 345 MHz
2026/10/08 13:57:17.812, 0 %, 45023 MiB, 98.70 W, 98.42 W, 192.90 W, 193.70 W, 345 MHz
2026/10/08 13:57:18.012, 0 %, 45023 MiB, 98.67 W, 98.63 W, 192.90 W, 193.70 W, 345 MHz
2026/10/08 13:57:18.213, 0 %, 45023 MiB, 98.61 W, 98.93 W, 192.82 W, 192.72 W, 345 MHz
2026/10/08 13:57:18.413, 0 %, 45023 MiB, 98.52 W, 98.63 W, 192.71 W, 194.67 W, 345 MHz
2026/10/08 13:57:18.613, 0 %, 45023 MiB, 98.59 W, 99.18 W, 193.05 W, 193.70 W, 345 MHz
2026/10/08 13:57:18.814, 0 %, 45023 MiB, 98.62 W, 98.03 W, 193.18 W, 190.90 W, 345 MHz
2026/10/08 13:57:19.014, 0 %, 45023 MiB, 98.57 W, 99.16 W, 192.99 W, 196.49 W, 345 MHz
2026/10/08 13:57:19.214, 0 %, 45023 MiB, 98.63 W, 98.93 W, 193.45 W, 195.65 W, 345 MHz
2026/10/08 13:57:19.414, 0 %, 45023 MiB, 98.77 W, 98.68 W, 194.00 W, 192.72 W, 345 MHz
2026/10/08 13:57:19.615, 0 %, 45023 MiB, 98.82 W, 98.87 W, 193.88 W, 192.65 W, 345 MHz
2026/10/08 13:57:19.815, 0 %, 45023 MiB, 98.75 W, 98.02 W, 193.94 W, 192.85 W, 345 MHz
2026/10/08 13:57:20.015, 0 %, 45023 MiB, 98.74 W, 100.03 W, 194.08 W, 196.56 W, 345 MHz
2026/10/08 13:57:20.215, 0 %, 45022 MiB, 98.73 W, 99.35 W, 193.69 W, 193.70 W, 345 MHz
2026/10/08 13:57:20.417, 0 %, 45302 MiB, 98.82 W, 100.84 W, 193.82 W, 198.43 W, 345 MHz
2026/10/08 13:57:20.618, 0 %, 45302 MiB, 99.50 W, 100.21 W, 195.26 W, 197.53 W, 345 MHz
2026/10/08 13:57:20.818, 0 %, 45301 MiB, 99.59 W, 98.41 W, 195.26 W, 191.82 W, 345 MHz
2026/10/08 13:57:21.018, 0 %, 45301 MiB, 99.60 W, 98.10 W, 194.85 W, 190.78 W, 345 MHz
2026/10/08 13:57:21.218, 0 %, 45295 MiB, 99.53 W, 97.79 W, 194.55 W, 189.80 W, 345 MHz
2026/10/08 13:57:21.419, 0 %, 45295 MiB, 99.36 W, 98.26 W, 193.75 W, 190.70 W, 345 MHz
2026/10/08 13:57:21.620, 0 %, 45289 MiB, 98.65 W, 99.03 W, 192.23 W, 192.72 W, 345 MHz
2026/10/08 13:57:21.820, 0 %, 45289 MiB, 98.48 W, 98.70 W, 191.65 W, 192.85 W, 345 MHz
2026/10/08 13:57:22.020, 0 %, 45289 MiB, 98.55 W, 98.04 W, 191.69 W, 190.72 W, 345 MHz
2026/10/08 13:57:22.220, 0 %, 45284 MiB, 98.59 W, 97.54 W, 191.66 W, 189.80 W, 345 MHz
2026/10/08 13:57:22.421, 0 %, 45284 MiB, 98.57 W, 98.60 W, 191.68 W, 191.68 W, 345 MHz
2026/10/08 13:57:22.621, 0 %, 45284 MiB, 98.37 W, 98.23 W, 191.30 W, 191.75 W, 345 MHz
2026/10/08 13:57:22.821, 0 %, 45284 MiB, 98.28 W, 98.16 W, 191.18 W, 190.90 W, 345 MHz
2026/10/08 13:57:23.021, 0 %, 45278 MiB, 98.20 W, 97.91 W, 191.11 W, 190.77 W, 345 MHz
2026/10/08 13:57:23.221, 0 %, 45267 MiB, 98.29 W, 98.54 W, 191.49 W, 191.82 W, 345 MHz
2026/10/08 13:57:23.422, 0 %, 45265 MiB, 98.26 W, 98.59 W, 191.60 W, 192.72 W, 345 MHz
2026/10/08 13:57:23.622, 0 %, 45265 MiB, 98.41 W, 98.25 W, 192.14 W, 195.59 W, 345 MHz
2026/10/08 13:57:23.822, 0 %, 45264 MiB, 98.49 W, 98.19 W, 192.58 W, 192.85 W, 345 MHz
2026/10/08 13:57:24.022, 0 %, 45264 MiB, 98.50 W, 98.28 W, 192.92 W, 192.65 W, 345 MHz
2026/10/08 13:57:24.223, 0 %, 45252 MiB, 98.37 W, 98.65 W, 192.80 W, 192.72 W, 345 MHz
2026/10/08 13:57:24.423, 0 %, 45246 MiB, 98.37 W, 98.60 W, 192.79 W, 193.64 W, 345 MHz
2026/10/08 13:57:24.623, 0 %, 45246 MiB, 98.39 W, 97.79 W, 192.97 W, 191.75 W, 345 MHz
2026/10/08 13:57:24.823, 0 %, 45246 MiB, 98.45 W, 98.09 W, 192.89 W, 191.88 W, 345 MHz
2026/10/08 13:57:25.023, 0 %, 45246 MiB, 98.46 W, 98.45 W, 192.83 W, 193.64 W, 345 MHz
2026/10/08 13:57:25.224, 0 %, 45236 MiB, 98.43 W, 98.86 W, 192.84 W, 193.82 W, 345 MHz
2026/10/08 13:57:25.424, 0 %, 45228 MiB, 98.56 W, 98.63 W, 193.18 W, 192.67 W, 345 MHz
2026/10/08 13:57:25.624, 0 %, 45228 MiB, 98.52 W, 97.96 W, 193.08 W, 192.72 W, 345 MHz
2026/10/08 13:57:25.824, 0 %, 45228 MiB, 98.43 W, 98.94 W, 192.98 W, 193.70 W, 345 MHz
2026/10/08 13:57:26.024, 0 %, 45228 MiB, 98.30 W, 97.82 W, 192.87 W, 191.75 W, 345 MHz
2026/10/08 13:57:26.225, 0 %, 45217 MiB, 98.28 W, 98.98 W, 192.89 W, 194.67 W, 345 MHz
2026/10/08 13:57:26.425, 0 %, 45211 MiB, 98.18 W, 97.43 W, 192.79 W, 191.62 W, 345 MHz
2026/10/08 13:57:26.625, 0 %, 45211 MiB, 98.12 W, 98.26 W, 192.67 W, 192.72 W, 345 MHz
2026/10/08 13:57:26.825, 0 %, 45211 MiB, 98.09 W, 98.05 W, 192.64 W, 192.72 W, 345 MHz
2026/10/08 13:57:27.025, 0 %, 45210 MiB, 98.21 W, 98.91 W, 192.82 W, 193.64 W, 345 MHz
2026/10/08 13:57:27.226, 0 %, 45200 MiB, 98.31 W, 97.81 W, 192.88 W, 191.75 W, 345 MHz
2026/10/08 13:57:27.426, 0 %, 45200 MiB, 98.32 W, 98.46 W, 192.89 W, 193.62 W, 345 MHz
2026/10/08 13:57:27.626, 0 %, 45200 MiB, 98.32 W, 98.14 W, 192.93 W, 192.72 W, 345 MHz
2026/10/08 13:57:27.826, 0 %, 45200 MiB, 98.34 W, 97.80 W, 192.91 W, 191.75 W, 345 MHz
2026/10/08 13:57:28.026, 0 %, 45200 MiB, 98.34 W, 97.34 W, 192.96 W, 191.62 W, 345 MHz
2026/10/08 13:57:28.227, 0 %, 45197 MiB, 98.22 W, 97.44 W, 192.96 W, 191.88 W, 345 MHz
2026/10/08 13:57:28.427, 0 %, 45190 MiB, 98.08 W, 99.10 W, 192.74 W, 194.67 W, 345 MHz
2026/10/08 13:57:28.627, 0 %, 45190 MiB, 98.09 W, 97.31 W, 192.78 W, 191.75 W, 345 MHz
2026/10/08 13:57:28.827, 0 %, 45190 MiB, 98.16 W, 97.76 W, 192.98 W, 191.75 W, 345 MHz
2026/10/08 13:57:29.027, 0 %, 45184 MiB, 98.18 W, 99.20 W, 193.26 W, 200.51 W, 345 MHz
2026/10/08 13:57:29.228, 0 %, 45174 MiB, 98.47 W, 99.96 W, 194.94 W, 202.59 W, 345 MHz
2026/10/08 13:57:29.428, 0 %, 45174 MiB, 98.72 W, 98.33 W, 196.27 W, 195.64 W, 345 MHz
2026/10/08 13:57:29.628, 0 %, 45174 MiB, 98.73 W, 97.55 W, 196.35 W, 191.75 W, 345 MHz
2026/10/08 13:57:29.829, 0 %, 45174 MiB, 98.69 W, 98.66 W, 196.15 W, 192.72 W, 345 MHz
2026/10/08 13:57:30.029, 0 %, 45174 MiB, 98.66 W, 99.21 W, 195.83 W, 193.70 W, 345 MHz
2026/10/08 13:57:30.230, 0 %, 45164 MiB, 98.42 W, 98.60 W, 193.99 W, 192.85 W, 345 MHz
2026/10/08 13:57:30.430, 0 %, 45158 MiB, 98.22 W, 97.82 W, 192.65 W, 191.88 W, 345 MHz
2026/10/08 13:57:30.630, 0 %, 45158 MiB, 98.25 W, 97.94 W, 192.55 W, 191.75 W, 345 MHz
2026/10/08 13:57:30.830, 0 %, 45158 MiB, 98.31 W, 98.58 W, 192.53 W, 193.70 W, 345 MHz
2026/10/08 13:57:31.031, 0 %, 45158 MiB, 98.29 W, 98.65 W, 192.48 W, 192.65 W, 345 MHz
2026/10/08 13:57:31.231, 0 %, 45151 MiB, 98.32 W, 97.90 W, 192.54 W, 191.88 W, 345 MHz
2026/10/08 13:57:31.431, 0 %, 45149 MiB, 98.36 W, 97.82 W, 192.56 W, 191.75 W, 345 MHz
2026/10/08 13:57:31.632, 0 %, 45149 MiB, 98.35 W, 99.12 W, 192.65 W, 193.70 W, 345 MHz
2026/10/08 13:57:31.832, 0 %, 45149 MiB, 98.28 W, 98.28 W, 192.55 W, 192.72 W, 345 MHz
2026/10/08 13:57:32.049, 0 %, 45149 MiB, 98.10 W, 98.92 W, 192.44 W, 194.67 W, 345 MHz
2026/10/08 13:57:32.250, 0 %, 45136 MiB, 97.99 W, 97.52 W, 192.40 W, 191.75 W, 345 MHz
2026/10/08 13:57:32.450, 0 %, 45136 MiB, 98.05 W, 98.14 W, 192.41 W, 192.67 W, 345 MHz
2026/10/08 13:57:32.650, 0 %, 45136 MiB, 97.93 W, 97.90 W, 192.28 W, 191.88 W, 345 MHz
2026/10/08 13:57:32.850, 0 %, 45130 MiB, 98.01 W, 98.13 W, 192.40 W, 191.75 W, 345 MHz
2026/10/08 13:57:33.051, 0 %, 45130 MiB, 98.06 W, 99.04 W, 192.32 W, 194.62 W, 345 MHz
2026/10/08 13:57:33.251, 0 %, 45123 MiB, 98.18 W, 98.67 W, 192.52 W, 193.64 W, 345 MHz
2026/10/08 13:57:33.451, 0 %, 45123 MiB, 98.18 W, 98.03 W, 192.60 W, 191.75 W, 345 MHz
2026/10/08 13:57:33.651, 0 %, 45123 MiB, 98.16 W, 98.69 W, 192.49 W, 193.82 W, 345 MHz
2026/10/08 13:57:33.852, 0 %, 45123 MiB, 98.12 W, 99.32 W, 192.49 W, 194.67 W, 345 MHz
2026/10/08 13:57:34.052, 0 %, 45123 MiB, 98.16 W, 97.05 W, 192.57 W, 190.70 W, 345 MHz
2026/10/08 13:57:34.252, 0 %, 45112 MiB, 98.13 W, 97.83 W, 192.47 W, 191.75 W, 345 MHz
2026/10/08 13:57:34.452, 0 %, 45112 MiB, 98.10 W, 98.72 W, 192.50 W, 193.70 W, 345 MHz
2026/10/08 13:57:34.653, 0 %, 45112 MiB, 98.14 W, 98.66 W, 192.56 W, 192.85 W, 345 MHz
2026/10/08 13:57:34.853, 0 %, 45112 MiB, 98.11 W, 98.34 W, 192.53 W, 192.85 W, 345 MHz
2026/10/08 13:57:35.053, 0 %, 45112 MiB, 98.09 W, 97.99 W, 192.57 W, 192.72 W, 345 MHz
2026/10/08 13:57:35.253, 0 %, 45104 MiB, 98.12 W, 97.49 W, 192.63 W, 191.62 W, 345 MHz
2026/10/08 13:57:35.454, 0 %, 45104 MiB, 98.14 W, 99.34 W, 192.57 W, 194.67 W, 345 MHz
2026/10/08 13:57:35.654, 0 %, 45104 MiB, 98.16 W, 98.54 W, 192.64 W, 192.79 W, 345 MHz
2026/10/08 13:57:35.854, 0 %, 45104 MiB, 98.20 W, 97.94 W, 192.62 W, 191.75 W, 345 MHz
2026/10/08 13:57:36.054, 0 %, 45104 MiB, 98.18 W, 97.47 W, 192.48 W, 191.75 W, 345 MHz
2026/10/08 13:57:36.255, 0 %, 45096 MiB, 98.14 W, 98.50 W, 192.42 W, 193.70 W, 345 MHz
2026/10/08 13:57:36.455, 0 %, 45096 MiB, 98.15 W, 99.17 W, 192.38 W, 193.70 W, 345 MHz
2026/10/08 13:57:36.655, 0 %, 45096 MiB, 98.19 W, 98.40 W, 192.33 W, 191.88 W, 345 MHz
2026/10/08 13:57:36.855, 0 %, 45096 MiB, 98.21 W, 97.56 W, 192.39 W, 190.77 W, 345 MHz
2026/10/08 13:57:37.056, 0 %, 45096 MiB, 98.19 W, 98.67 W, 192.31 W, 193.70 W, 345 MHz
2026/10/08 13:57:37.256, 0 %, 45089 MiB, 98.22 W, 98.39 W, 192.33 W, 192.72 W, 345 MHz
2026/10/08 13:57:37.457, 0 %, 45091 MiB, 98.25 W, 98.74 W, 192.53 W, 193.70 W, 345 MHz
2026/10/08 13:57:37.660, 0 %, 45133 MiB, 98.34 W, 105.74 W, 192.84 W, 202.46 W, 345 MHz
2026/10/08 13:57:37.860, 0 %, 45089 MiB, 109.29 W, 155.56 W, 203.70 W, 250.32 W, 1980 MHz
2026/10/08 13:57:38.072, 0 %, 45097 MiB, 122.46 W, 154.32 W, 216.89 W, 249.02 W, 1980 MHz
2026/10/08 13:57:38.281, 0 %, 45643 MiB, 134.08 W, 151.46 W, 228.74 W, 247.97 W, 1980 MHz
2026/10/08 13:57:38.481, 1 %, 45643 MiB, 166.01 W, 293.77 W, 260.60 W, 388.08 W, 1980 MHz
2026/10/08 13:57:38.681, 100 %, 45643 MiB, 203.47 W, 295.26 W, 298.11 W, 390.39 W, 1980 MHz
2026/10/08 13:57:38.882, 100 %, 45643 MiB, 230.64 W, 295.70 W, 325.64 W, 393.19 W, 1980 MHz
2026/10/08 13:57:39.082, 100 %, 45643 MiB, 258.40 W, 295.90 W, 353.77 W, 391.96 W, 1980 MHz
2026/10/08 13:57:39.282, 100 %, 45638 MiB, 286.22 W, 295.21 W, 381.62 W, 390.39 W, 1980 MHz
2026/10/08 13:57:39.482, 100 %, 45638 MiB, 295.12 W, 296.40 W, 390.68 W, 392.08 W, 1980 MHz
2026/10/08 13:57:39.683, 100 %, 45638 MiB, 295.51 W, 298.42 W, 391.12 W, 394.16 W, 1980 MHz
2026/10/08 13:57:39.884, 100 %, 45638 MiB, 296.01 W, 296.08 W, 391.56 W, 392.21 W, 1980 MHz
2026/10/08 13:57:40.084, 100 %, 45638 MiB, 296.10 W, 295.21 W, 392.24 W, 393.90 W, 1980 MHz
2026/10/08 13:57:40.284, 100 %, 45632 MiB, 296.17 W, 296.08 W, 393.03 W, 394.99 W, 1980 MHz
2026/10/08 13:57:40.484, 100 %, 45632 MiB, 296.26 W, 297.23 W, 393.74 W, 396.93 W, 1980 MHz
2026/10/08 13:57:40.685, 100 %, 45632 MiB, 296.31 W, 296.67 W, 394.53 W, 396.10 W, 1980 MHz
2026/10/08 13:57:40.885, 100 %, 45632 MiB, 296.46 W, 297.41 W, 395.46 W, 396.10 W, 1980 MHz
2026/10/08 13:57:41.085, 100 %, 45632 MiB, 296.71 W, 297.57 W, 395.79 W, 396.93 W, 1980 MHz
2026/10/08 13:57:41.285, 100 %, 45628 MiB, 296.84 W, 297.85 W, 396.01 W, 397.78 W, 1980 MHz
2026/10/08 13:57:41.486, 100 %, 45628 MiB, 296.87 W, 296.50 W, 396.06 W, 395.84 W, 1980 MHz
2026/10/08 13:57:41.686, 100 %, 45628 MiB, 296.91 W, 297.08 W, 396.07 W, 395.84 W, 1980 MHz
2026/10/08 13:57:41.886, 100 %, 45628 MiB, 296.90 W, 297.15 W, 396.07 W, 395.96 W, 1980 MHz
2026/10/08 13:57:42.086, 100 %, 45628 MiB, 296.95 W, 298.68 W, 395.97 W, 397.78 W, 1980 MHz
2026/10/08 13:57:42.287, 100 %, 45625 MiB, 296.92 W, 297.40 W, 395.87 W, 397.07 W, 1980 MHz
2026/10/08 13:57:42.487, 100 %, 45625 MiB, 297.07 W, 296.80 W, 396.17 W, 395.96 W, 1980 MHz
2026/10/08 13:57:42.687, 100 %, 45625 MiB, 297.08 W, 296.59 W, 396.14 W, 395.13 W, 1980 MHz
2026/10/08 13:57:42.887, 100 %, 45625 MiB, 297.19 W, 297.53 W, 396.26 W, 397.07 W, 1980 MHz
2026/10/08 13:57:43.088, 100 %, 45625 MiB, 297.23 W, 298.61 W, 396.37 W, 397.90 W, 1980 MHz
2026/10/08 13:57:43.288, 100 %, 45620 MiB, 297.42 W, 297.45 W, 396.46 W, 395.96 W, 1980 MHz
2026/10/08 13:57:43.488, 100 %, 45620 MiB, 297.44 W, 296.73 W, 396.25 W, 394.99 W, 1980 MHz
2026/10/08 13:57:43.689, 100 %, 45620 MiB, 297.64 W, 298.25 W, 396.38 W, 395.84 W, 1980 MHz
2026/10/08 13:57:43.889, 100 %, 45620 MiB, 297.65 W, 298.44 W, 396.23 W, 397.07 W, 1980 MHz
2026/10/08 13:57:44.089, 100 %, 45620 MiB, 297.71 W, 298.15 W, 396.37 W, 396.81 W, 1980 MHz
2026/10/08 13:57:44.289, 100 %, 45616 MiB, 297.78 W, 297.24 W, 396.43 W, 394.87 W, 1980 MHz
2026/10/08 13:57:44.490, 100 %, 45616 MiB, 297.87 W, 297.39 W, 396.44 W, 394.99 W, 1980 MHz
2026/10/08 13:57:44.690, 100 %, 45616 MiB, 297.73 W, 297.66 W, 396.45 W, 396.93 W, 1980 MHz
2026/10/08 13:57:44.890, 100 %, 45616 MiB, 297.83 W, 298.48 W, 396.55 W, 396.36 W, 1980 MHz
2026/10/08 13:57:45.090, 100 %, 45616 MiB, 297.87 W, 297.17 W, 396.41 W, 395.96 W, 1980 MHz
2026/10/08 13:57:45.291, 100 %, 45614 MiB, 297.84 W, 296.83 W, 396.37 W, 392.21 W, 1980 MHz
2026/10/08 13:57:45.491, 100 %, 45614 MiB, 297.93 W, 298.68 W, 396.61 W, 397.78 W, 1980 MHz
2026/10/08 13:57:45.691, 100 %, 45614 MiB, 298.01 W, 298.00 W, 396.37 W, 394.99 W, 1980 MHz
2026/10/08 13:57:45.891, 100 %, 45614 MiB, 297.96 W, 297.34 W, 396.28 W, 396.22 W, 1980 MHz
2026/10/08 13:57:46.091, 100 %, 45614 MiB, 298.01 W, 297.90 W, 396.43 W, 395.96 W, 1980 MHz
2026/10/08 13:57:46.292, 100 %, 45613 MiB, 297.97 W, 298.07 W, 396.25 W, 396.93 W, 1980 MHz
2026/10/08 13:57:46.492, 100 %, 45613 MiB, 297.90 W, 298.22 W, 396.11 W, 396.81 W, 1980 MHz
2026/10/08 13:57:46.692, 100 %, 45613 MiB, 297.95 W, 298.54 W, 396.31 W, 396.10 W, 1980 MHz
2026/10/08 13:57:46.892, 100 %, 45612 MiB, 298.02 W, 297.85 W, 396.43 W, 396.22 W, 1980 MHz
2026/10/08 13:57:47.093, 100 %, 45612 MiB, 297.97 W, 298.48 W, 396.43 W, 397.90 W, 1980 MHz
2026/10/08 13:57:47.293, 100 %, 45611 MiB, 297.99 W, 296.85 W, 396.49 W, 394.16 W, 1980 MHz
2026/10/08 13:57:47.493, 100 %, 45611 MiB, 297.96 W, 297.44 W, 396.54 W, 396.10 W, 1980 MHz
2026/10/08 13:57:47.693, 100 %, 45611 MiB, 298.02 W, 297.42 W, 396.62 W, 395.13 W, 1980 MHz
2026/10/08 13:57:47.894, 100 %, 45611 MiB, 297.98 W, 297.67 W, 396.55 W, 394.99 W, 1980 MHz
2026/10/08 13:57:48.094, 100 %, 45611 MiB, 297.93 W, 298.25 W, 396.24 W, 396.81 W, 1980 MHz
2026/10/08 13:57:48.294, 100 %, 45610 MiB, 297.94 W, 297.78 W, 396.30 W, 395.13 W, 1980 MHz
2026/10/08 13:57:48.494, 100 %, 45610 MiB, 298.02 W, 297.52 W, 396.27 W, 395.96 W, 1980 MHz
2026/10/08 13:57:48.694, 100 %, 45610 MiB, 298.03 W, 299.07 W, 396.23 W, 398.04 W, 1980 MHz
2026/10/08 13:57:48.895, 100 %, 45610 MiB, 297.99 W, 298.08 W, 396.15 W, 396.10 W, 1980 MHz
2026/10/08 13:57:49.095, 100 %, 45610 MiB, 298.10 W, 298.23 W, 396.44 W, 396.81 W, 1980 MHz
2026/10/08 13:57:49.295, 100 %, 45610 MiB, 298.11 W, 297.83 W, 396.42 W, 396.10 W, 1980 MHz
2026/10/08 13:57:49.495, 100 %, 45610 MiB, 298.11 W, 297.91 W, 396.40 W, 396.81 W, 1980 MHz
2026/10/08 13:57:49.695, 100 %, 45610 MiB, 298.02 W, 298.22 W, 396.25 W, 397.07 W, 1980 MHz
2026/10/08 13:57:49.896, 100 %, 45610 MiB, 298.14 W, 298.90 W, 396.51 W, 397.07 W, 1980 MHz
2026/10/08 13:57:50.096, 100 %, 45610 MiB, 298.21 W, 297.77 W, 396.39 W, 395.96 W, 1980 MHz
2026/10/08 13:57:50.296, 100 %, 45609 MiB, 298.20 W, 297.37 W, 396.35 W, 395.13 W, 1980 MHz
2026/10/08 13:57:50.496, 100 %, 45608 MiB, 298.18 W, 299.45 W, 396.36 W, 397.78 W, 1980 MHz
2026/10/08 13:57:50.697, 100 %, 45608 MiB, 298.16 W, 297.22 W, 396.07 W, 392.93 W, 1980 MHz
2026/10/08 13:57:50.897, 100 %, 45608 MiB, 298.12 W, 297.39 W, 395.52 W, 392.93 W, 1980 MHz
2026/10/08 13:57:51.097, 100 %, 45608 MiB, 297.97 W, 297.22 W, 395.12 W, 393.90 W, 1980 MHz
2026/10/08 13:57:51.297, 100 %, 45608 MiB, 297.91 W, 298.05 W, 394.71 W, 395.25 W, 1980 MHz
2026/10/08 13:57:51.498, 100 %, 45608 MiB, 297.97 W, 298.51 W, 394.46 W, 394.99 W, 1980 MHz
2026/10/08 13:57:51.698, 100 %, 45608 MiB, 298.02 W, 298.29 W, 394.38 W, 393.90 W, 1980 MHz
2026/10/08 13:57:51.898, 100 %, 45608 MiB, 298.03 W, 297.59 W, 394.45 W, 393.90 W, 1980 MHz
2026/10/08 13:57:52.098, 100 %, 45608 MiB, 298.03 W, 298.30 W, 394.55 W, 395.84 W, 1980 MHz
2026/10/08 13:57:52.299, 100 %, 45607 MiB, 298.14 W, 301.97 W, 394.72 W, 399.01 W, 1980 MHz
2026/10/08 13:57:52.499, 100 %, 45607 MiB, 298.91 W, 301.82 W, 395.45 W, 397.90 W, 1980 MHz
2026/10/08 13:57:52.699, 100 %, 45607 MiB, 299.62 W, 300.71 W, 396.17 W, 396.22 W, 1980 MHz
2026/10/08 13:57:52.900, 100 %, 45607 MiB, 300.40 W, 301.77 W, 397.05 W, 398.87 W, 1980 MHz
2026/10/08 13:57:53.100, 100 %, 45607 MiB, 301.22 W, 301.39 W, 397.95 W, 398.87 W, 1980 MHz
2026/10/08 13:57:53.300, 100 %, 45606 MiB, 302.05 W, 301.01 W, 398.67 W, 398.04 W, 1980 MHz
2026/10/08 13:57:53.501, 100 %, 45606 MiB, 302.04 W, 302.26 W, 398.71 W, 398.87 W, 1980 MHz
2026/10/08 13:57:53.701, 100 %, 45606 MiB, 302.13 W, 302.74 W, 398.92 W, 398.87 W, 1980 MHz
2026/10/08 13:57:53.901, 100 %, 45606 MiB, 302.12 W, 302.14 W, 398.89 W, 400.81 W, 1980 MHz
2026/10/08 13:57:54.101, 100 %, 45606 MiB, 302.05 W, 301.00 W, 398.76 W, 395.84 W, 1980 MHz
2026/10/08 13:57:54.301, 100 %, 45606 MiB, 302.00 W, 301.41 W, 398.78 W, 397.90 W, 1980 MHz
2026/10/08 13:57:54.502, 100 %, 45606 MiB, 302.09 W, 301.76 W, 398.89 W, 397.90 W, 1980 MHz
2026/10/08 13:57:54.702, 100 %, 45606 MiB, 302.08 W, 302.66 W, 398.73 W, 398.75 W, 1980 MHz
2026/10/08 13:57:54.902, 100 %, 45606 MiB, 302.12 W, 302.03 W, 398.77 W, 398.75 W, 1980 MHz
2026/10/08 13:57:55.102, 100 %, 45606 MiB, 302.21 W, 302.24 W, 398.83 W, 398.75 W, 1980 MHz
2026/10/08 13:57:55.303, 100 %, 45606 MiB, 302.24 W, 301.80 W, 398.80 W, 398.04 W, 1980 MHz
2026/10/08 13:57:55.503, 100 %, 45606 MiB, 302.20 W, 302.81 W, 398.67 W, 399.98 W, 1980 MHz
2026/10/08 13:57:55.703, 100 %, 45606 MiB, 302.20 W, 303.14 W, 398.70 W, 400.24 W, 1980 MHz
2026/10/08 13:57:55.903, 100 %, 45606 MiB, 302.24 W, 302.85 W, 398.83 W, 399.01 W, 1980 MHz
2026/10/08 13:57:56.104, 100 %, 45606 MiB, 302.27 W, 301.53 W, 398.93 W, 398.75 W, 1980 MHz
2026/10/08 13:57:56.304, 100 %, 45605 MiB, 302.20 W, 302.98 W, 398.86 W, 399.98 W, 1980 MHz
2026/10/08 13:57:56.504, 100 %, 45605 MiB, 302.21 W, 301.64 W, 398.95 W, 397.90 W, 1980 MHz
2026/10/08 13:57:56.705, 100 %, 45605 MiB, 302.20 W, 301.78 W, 399.01 W, 397.90 W, 1980 MHz
2026/10/08 13:57:56.905, 100 %, 45605 MiB, 302.20 W, 301.96 W, 398.95 W, 398.75 W, 1980 MHz
2026/10/08 13:57:57.106, 100 %, 45605 MiB, 302.21 W, 303.11 W, 398.97 W, 400.69 W, 1980 MHz
2026/10/08 13:57:57.307, 100 %, 45605 MiB, 302.31 W, 301.70 W, 399.13 W, 399.01 W, 1980 MHz
2026/10/08 13:57:57.507, 100 %, 45605 MiB, 302.44 W, 303.96 W, 399.36 W, 400.95 W, 1980 MHz
2026/10/08 13:57:57.707, 100 %, 45604 MiB, 302.57 W, 301.63 W, 399.65 W, 398.75 W, 1980 MHz
2026/10/08 13:57:57.908, 100 %, 45604 MiB, 302.56 W, 303.15 W, 399.65 W, 399.84 W, 1980 MHz
2026/10/08 13:57:58.108, 100 %, 45604 MiB, 302.55 W, 303.13 W, 399.57 W, 399.72 W, 1980 MHz
2026/10/08 13:57:58.308, 100 %, 45604 MiB, 302.63 W, 302.53 W, 399.61 W, 399.01 W, 1980 MHz
2026/10/08 13:57:58.509, 100 %, 45604 MiB, 302.58 W, 302.44 W, 399.39 W, 398.75 W, 1980 MHz
2026/10/08 13:57:58.709, 100 %, 45604 MiB, 302.45 W, 302.05 W, 399.23 W, 398.87 W, 1980 MHz
2026/10/08 13:57:58.909, 100 %, 45604 MiB, 302.50 W, 302.54 W, 399.23 W, 398.87 W, 1980 MHz
2026/10/08 13:57:59.109, 100 %, 45604 MiB, 302.51 W, 302.99 W, 399.11 W, 398.87 W, 1980 MHz
2026/10/08 13:57:59.310, 100 %, 45603 MiB, 302.41 W, 302.02 W, 398.93 W, 398.04 W, 1980 MHz
2026/10/08 13:57:59.510, 100 %, 45603 MiB, 302.44 W, 301.76 W, 399.05 W, 397.90 W, 1980 MHz
2026/10/08 13:57:59.710, 100 %, 45603 MiB, 302.48 W, 302.85 W, 399.00 W, 399.72 W, 1980 MHz
2026/10/08 13:57:59.910, 100 %, 45603 MiB, 302.45 W, 302.39 W, 398.97 W, 398.87 W, 1980 MHz
2026/10/08 13:58:00.110, 100 %, 45603 MiB, 302.51 W, 302.00 W, 399.04 W, 397.78 W, 1980 MHz
2026/10/08 13:58:00.311, 100 %, 45603 MiB, 302.51 W, 301.60 W, 399.18 W, 399.01 W, 1980 MHz
2026/10/08 13:58:00.511, 100 %, 45603 MiB, 302.43 W, 304.10 W, 399.00 W, 400.95 W, 1980 MHz
2026/10/08 13:58:00.711, 100 %, 45603 MiB, 302.46 W, 302.70 W, 399.01 W, 399.72 W, 1980 MHz
2026/10/08 13:58:00.911, 100 %, 45603 MiB, 302.51 W, 302.20 W, 399.13 W, 397.90 W, 1980 MHz
2026/10/08 13:58:01.112, 100 %, 45603 MiB, 302.55 W, 302.24 W, 399.18 W, 397.78 W, 1980 MHz
2026/10/08 13:58:01.312, 100 %, 45603 MiB, 302.63 W, 303.85 W, 399.20 W, 401.92 W, 1980 MHz
2026/10/08 13:58:01.512, 100 %, 45603 MiB, 302.61 W, 301.21 W, 399.23 W, 396.93 W, 1980 MHz
2026/10/08 13:58:01.712, 100 %, 45603 MiB, 302.65 W, 302.00 W, 399.35 W, 397.90 W, 1980 MHz
2026/10/08 13:58:01.913, 100 %, 45602 MiB, 302.64 W, 302.15 W, 399.47 W, 399.84 W, 1980 MHz
2026/10/08 13:58:02.113, 100 %, 45602 MiB, 302.44 W, 302.78 W, 399.32 W, 399.72 W, 1980 MHz
2026/10/08 13:58:02.314, 100 %, 45602 MiB, 302.40 W, 303.12 W, 399.22 W, 399.86 W, 1980 MHz
2026/10/08 13:58:02.514, 100 %, 45602 MiB, 302.51 W, 301.88 W, 399.32 W, 397.07 W, 1980 MHz
2026/10/08 13:58:02.714, 100 %, 45602 MiB, 302.46 W, 302.28 W, 399.11 W, 397.78 W, 1980 MHz
2026/10/08 13:58:02.914, 100 %, 45602 MiB, 302.46 W, 303.45 W, 398.86 W, 399.84 W, 1980 MHz
2026/10/08 13:58:03.114, 100 %, 45602 MiB, 302.62 W, 303.11 W, 398.96 W, 399.72 W, 1980 MHz
2026/10/08 13:58:03.315, 100 %, 45601 MiB, 302.71 W, 302.85 W, 399.06 W, 399.98 W, 1980 MHz
2026/10/08 13:58:03.515, 100 %, 45601 MiB, 302.80 W, 302.81 W, 399.26 W, 398.75 W, 1980 MHz
2026/10/08 13:58:03.715, 100 %, 45601 MiB, 302.86 W, 303.38 W, 399.30 W, 399.84 W, 1980 MHz
2026/10/08 13:58:03.916, 100 %, 45601 MiB, 302.90 W, 302.69 W, 399.21 W, 398.87 W, 1980 MHz
2026/10/08 13:58:04.116, 100 %, 45601 MiB, 302.92 W, 302.15 W, 399.22 W, 397.78 W, 1980 MHz
2026/10/08 13:58:04.316, 100 %, 45601 MiB, 302.84 W, 303.13 W, 399.11 W, 399.01 W, 1980 MHz
2026/10/08 13:58:04.517, 100 %, 45601 MiB, 302.79 W, 301.79 W, 398.92 W, 397.90 W, 1980 MHz
2026/10/08 13:58:04.717, 100 %, 45601 MiB, 302.67 W, 302.52 W, 398.85 W, 398.87 W, 1980 MHz
2026/10/08 13:58:04.917, 100 %, 45601 MiB, 302.55 W, 302.36 W, 398.82 W, 398.87 W, 1980 MHz
2026/10/08 13:58:05.118, 100 %, 45601 MiB, 302.58 W, 303.35 W, 398.95 W, 398.75 W, 1980 MHz
2026/10/08 13:58:05.318, 100 %, 45600 MiB, 302.61 W, 303.01 W, 399.07 W, 399.84 W, 1980 MHz
2026/10/08 13:58:05.518, 100 %, 45600 MiB, 302.59 W, 302.96 W, 399.15 W, 399.84 W, 1980 MHz
2026/10/08 13:58:05.719, 100 %, 45600 MiB, 302.73 W, 302.91 W, 399.36 W, 399.72 W, 1980 MHz
2026/10/08 13:58:05.919, 100 %, 45600 MiB, 302.82 W, 302.22 W, 399.51 W, 398.87 W, 1980 MHz
2026/10/08 13:58:06.119, 100 %, 45600 MiB, 302.88 W, 302.97 W, 399.48 W, 399.84 W, 1980 MHz
2026/10/08 13:58:06.319, 100 %, 45600 MiB, 302.83 W, 303.35 W, 399.38 W, 399.84 W, 1980 MHz
2026/10/08 13:58:06.520, 100 %, 45600 MiB, 302.89 W, 302.62 W, 399.32 W, 398.87 W, 1980 MHz
2026/10/08 13:58:06.720, 100 %, 45600 MiB, 302.89 W, 302.41 W, 399.34 W, 398.87 W, 1980 MHz
2026/10/08 13:58:06.920, 100 %, 45600 MiB, 302.89 W, 302.38 W, 399.34 W, 397.78 W, 1980 MHz
2026/10/08 13:58:07.120, 100 %, 45600 MiB, 302.76 W, 302.50 W, 399.25 W, 399.72 W, 1980 MHz
2026/10/08 13:58:07.321, 100 %, 45600 MiB, 302.82 W, 302.90 W, 399.24 W, 398.75 W, 1980 MHz
2026/10/08 13:58:07.521, 100 %, 45600 MiB, 302.75 W, 302.67 W, 399.24 W, 399.13 W, 1980 MHz
2026/10/08 13:58:07.721, 100 %, 45600 MiB, 302.64 W, 302.62 W, 399.09 W, 398.87 W, 1980 MHz
2026/10/08 13:58:07.922, 100 %, 45599 MiB, 302.60 W, 303.70 W, 398.99 W, 400.69 W, 1980 MHz
2026/10/08 13:58:08.122, 100 %, 45599 MiB, 302.62 W, 303.10 W, 399.10 W, 400.69 W, 1980 MHz
2026/10/08 13:58:08.322, 100 %, 45599 MiB, 302.66 W, 301.81 W, 399.29 W, 398.75 W, 1980 MHz
2026/10/08 13:58:08.522, 100 %, 45599 MiB, 302.62 W, 302.00 W, 399.33 W, 399.01 W, 1980 MHz
2026/10/08 13:58:08.723, 100 %, 45599 MiB, 302.71 W, 302.89 W, 399.35 W, 399.72 W, 1980 MHz
2026/10/08 13:58:08.923, 100 %, 45599 MiB, 302.70 W, 302.35 W, 399.36 W, 398.75 W, 1980 MHz
2026/10/08 13:58:09.123, 100 %, 45599 MiB, 302.76 W, 303.42 W, 399.38 W, 399.72 W, 1980 MHz
2026/10/08 13:58:09.323, 100 %, 45599 MiB, 302.70 W, 302.39 W, 399.31 W, 398.87 W, 1980 MHz
2026/10/08 13:58:09.524, 100 %, 45599 MiB, 302.70 W, 303.61 W, 399.21 W, 400.11 W, 1980 MHz
2026/10/08 13:58:09.724, 100 %, 45599 MiB, 302.73 W, 303.18 W, 399.27 W, 399.72 W, 1980 MHz
2026/10/08 13:58:09.924, 100 %, 45598 MiB, 302.88 W, 303.03 W, 399.36 W, 399.84 W, 1980 MHz
2026/10/08 13:58:10.124, 100 %, 45598 MiB, 303.04 W, 302.80 W, 399.79 W, 403.60 W, 1980 MHz
2026/10/08 13:58:10.324, 100 %, 45598 MiB, 303.20 W, 304.33 W, 400.21 W, 402.63 W, 1980 MHz
2026/10/08 13:58:10.525, 100 %, 45598 MiB, 303.30 W, 303.72 W, 400.58 W, 401.92 W, 1980 MHz
2026/10/08 13:58:10.725, 100 %, 45598 MiB, 303.33 W, 302.65 W, 401.01 W, 399.84 W, 1980 MHz
2026/10/08 13:58:10.925, 100 %, 45598 MiB, 303.30 W, 302.94 W, 401.38 W, 399.72 W, 1980 MHz
2026/10/08 13:58:11.125, 100 %, 45597 MiB, 303.23 W, 303.27 W, 401.39 W, 402.63 W, 1980 MHz
2026/10/08 13:58:11.325, 100 %, 45597 MiB, 303.12 W, 302.43 W, 401.20 W, 400.69 W, 1980 MHz
2026/10/08 13:58:11.526, 100 %, 45597 MiB, 303.19 W, 303.40 W, 401.41 W, 401.92 W, 1980 MHz
2026/10/08 13:58:11.726, 100 %, 45597 MiB, 303.26 W, 302.41 W, 401.60 W, 402.63 W, 1980 MHz
2026/10/08 13:58:11.926, 100 %, 45597 MiB, 303.34 W, 303.96 W, 402.01 W, 403.72 W, 1980 MHz
2026/10/08 13:58:12.126, 100 %, 45597 MiB, 303.34 W, 303.04 W, 402.16 W, 401.78 W, 1980 MHz
2026/10/08 13:58:12.326, 100 %, 45597 MiB, 303.45 W, 303.83 W, 402.40 W, 403.60 W, 1980 MHz
2026/10/08 13:58:12.526, 100 %, 45597 MiB, 303.56 W, 303.09 W, 402.56 W, 400.95 W, 1980 MHz
2026/10/08 13:58:12.727, 100 %, 45597 MiB, 303.67 W, 303.56 W, 402.76 W, 402.63 W, 1980 MHz
2026/10/08 13:58:12.927, 100 %, 45597 MiB, 303.66 W, 303.97 W, 402.63 W, 403.72 W, 1980 MHz
2026/10/08 13:58:13.127, 100 %, 45597 MiB, 303.65 W, 303.30 W, 402.59 W, 401.66 W, 1980 MHz
2026/10/08 13:58:13.328, 100 %, 45596 MiB, 303.67 W, 304.05 W, 402.64 W, 402.75 W, 1980 MHz
2026/10/08 13:58:13.528, 100 %, 45596 MiB, 303.65 W, 302.98 W, 402.69 W, 402.90 W, 1980 MHz
2026/10/08 13:58:13.728, 100 %, 45596 MiB, 303.55 W, 303.09 W, 402.55 W, 401.78 W, 1980 MHz
2026/10/08 13:58:13.928, 100 %, 45596 MiB, 303.57 W, 303.87 W, 402.67 W, 403.60 W, 1980 MHz
2026/10/08 13:58:14.129, 100 %, 45596 MiB, 303.79 W, 304.39 W, 402.89 W, 402.63 W, 1980 MHz
2026/10/08 13:58:14.329, 100 %, 45596 MiB, 303.81 W, 303.21 W, 403.00 W, 402.63 W, 1980 MHz
2026/10/08 13:58:14.529, 100 %, 45596 MiB, 303.78 W, 304.37 W, 402.81 W, 403.73 W, 1980 MHz
2026/10/08 13:58:14.729, 100 %, 45596 MiB, 303.72 W, 303.61 W, 402.57 W, 401.66 W, 1980 MHz
2026/10/08 13:58:14.930, 100 %, 45596 MiB, 303.72 W, 303.14 W, 402.43 W, 401.08 W, 1980 MHz
2026/10/08 13:58:15.130, 100 %, 45595 MiB, 303.52 W, 302.60 W, 402.24 W, 400.81 W, 1980 MHz
2026/10/08 13:58:15.330, 100 %, 45595 MiB, 303.41 W, 304.07 W, 402.14 W, 404.57 W, 1980 MHz
2026/10/08 13:58:15.531, 100 %, 45595 MiB, 303.34 W, 303.30 W, 402.22 W, 402.75 W, 1980 MHz
2026/10/08 13:58:15.733, 100 %, 45595 MiB, 303.37 W, 303.62 W, 402.34 W, 401.66 W, 1980 MHz
2026/10/08 13:58:15.934, 100 %, 45595 MiB, 303.35 W, 302.75 W, 402.33 W, 401.78 W, 1980 MHz
2026/10/08 13:58:16.134, 100 %, 45595 MiB, 303.35 W, 304.63 W, 402.18 W, 403.60 W, 1980 MHz
2026/10/08 13:58:16.336, 100 %, 45595 MiB, 303.33 W, 302.09 W, 402.10 W, 400.69 W, 1980 MHz
2026/10/08 13:58:16.536, 100 %, 45595 MiB, 303.26 W, 302.15 W, 401.98 W, 400.69 W, 1980 MHz
2026/10/08 13:58:16.737, 100 %, 45595 MiB, 303.29 W, 302.88 W, 402.02 W, 401.66 W, 1980 MHz
2026/10/08 13:58:16.937, 100 %, 45594 MiB, 303.25 W, 304.62 W, 402.02 W, 403.46 W, 1980 MHz
2026/10/08 13:58:17.137, 100 %, 45594 MiB, 303.24 W, 304.15 W, 402.10 W, 402.63 W, 1980 MHz
2026/10/08 13:58:17.337, 100 %, 45594 MiB, 303.37 W, 303.75 W, 402.17 W, 401.66 W, 1980 MHz
2026/10/08 13:58:17.537, 100 %, 45594 MiB, 303.58 W, 302.38 W, 402.40 W, 401.78 W, 1980 MHz
2026/10/08 13:58:17.738, 100 %, 45594 MiB, 303.62 W, 304.39 W, 402.74 W, 404.57 W, 1980 MHz
2026/10/08 13:58:17.938, 100 %, 45594 MiB, 303.63 W, 302.67 W, 402.62 W, 401.08 W, 1980 MHz
2026/10/08 13:58:18.138, 100 %, 45594 MiB, 303.68 W, 303.78 W, 402.75 W, 401.92 W, 1980 MHz
2026/10/08 13:58:18.338, 100 %, 45033 MiB, 301.57 W, 192.57 W, 400.81 W, 291.43 W, 1980 MHz
2026/10/08 13:58:18.547, 68 %, 45033 MiB, 273.04 W, 156.85 W, 372.38 W, 255.83 W, 1980 MHz
2026/10/08 13:58:18.747, 0 %, 45033 MiB, 242.97 W, 157.07 W, 341.91 W, 255.66 W, 1980 MHz
2026/10/08 13:58:18.948, 0 %, 45033 MiB, 213.54 W, 155.52 W, 312.54 W, 253.79 W, 1980 MHz
2026/10/08 13:58:19.148, 0 %, 45032 MiB, 186.44 W, 155.02 W, 285.14 W, 251.93 W, 1980 MHz
2026/10/08 13:58:19.348, 0 %, 45032 MiB, 157.40 W, 155.93 W, 255.78 W, 253.71 W, 1980 MHz
2026/10/08 13:58:19.548, 0 %, 45032 MiB, 156.08 W, 156.77 W, 254.17 W, 255.83 W, 1980 MHz
2026/10/08 13:58:19.748, 0 %, 45032 MiB, 155.88 W, 154.87 W, 253.76 W, 250.96 W, 1980 MHz
2026/10/08 13:58:19.949, 0 %, 45032 MiB, 155.79 W, 154.77 W, 253.37 W, 252.91 W, 1980 MHz
2026/10/08 13:58:20.149, 0 %, 45032 MiB, 151.54 W, 100.61 W, 249.21 W, 201.48 W, 555 MHz
2026/10/08 13:58:20.349, 0 %, 45032 MiB, 139.16 W, 101.15 W, 237.44 W, 201.48 W, 495 MHz
2026/10/08 13:58:20.549, 0 %, 45032 MiB, 128.62 W, 99.12 W, 227.20 W, 197.53 W, 450 MHz
2026/10/08 13:58:20.749, 0 %, 45032 MiB, 117.70 W, 99.23 W, 216.59 W, 198.51 W, 420 MHz
2026/10/08 13:58:20.949, 0 %, 45032 MiB, 106.83 W, 99.47 W, 206.40 W, 200.51 W, 375 MHz
2026/10/08 13:58:21.150, 0 %, 45032 MiB, 99.95 W, 99.63 W, 200.01 W, 199.54 W, 345 MHz
2026/10/08 13:58:21.350, 0 %, 45031 MiB, 99.90 W, 100.17 W, 200.09 W, 200.38 W, 345 MHz
2026/10/08 13:58:21.550, 0 %, 45031 MiB, 99.81 W, 98.47 W, 200.31 W, 198.56 W, 345 MHz
2026/10/08 13:58:21.750, 0 %, 45223 MiB, 100.13 W, 102.40 W, 201.17 W, 206.21 W, 345 MHz
2026/10/08 13:58:21.950, 0 %, 45223 MiB, 100.23 W, 100.89 W, 201.66 W, 202.52 W, 345 MHz
2026/10/08 13:58:22.150, 0 %, 45217 MiB, 100.26 W, 99.47 W, 201.87 W, 200.51 W, 345 MHz
2026/10/08 13:58:22.351, 0 %, 45216 MiB, 100.22 W, 99.56 W, 201.80 W, 200.59 W, 345 MHz
2026/10/08 13:58:22.551, 0 %, 45216 MiB, 100.19 W, 99.57 W, 201.67 W, 199.54 W, 345 MHz
2026/10/08 13:58:22.751, 0 %, 45216 MiB, 99.86 W, 100.57 W, 201.17 W, 202.46 W, 345 MHz
2026/10/08 13:58:22.951, 0 %, 45216 MiB, 99.70 W, 99.51 W, 200.78 W, 203.43 W, 345 MHz
2026/10/08 13:58:23.151, 0 %, 45205 MiB, 99.67 W, 99.12 W, 200.72 W, 200.64 W, 345 MHz
2026/10/08 13:58:23.352, 0 %, 45205 MiB, 99.73 W, 98.86 W, 200.84 W, 198.43 W, 345 MHz
2026/10/08 13:58:23.552, 0 %, 45205 MiB, 99.75 W, 100.23 W, 200.85 W, 201.49 W, 345 MHz
2026/10/08 13:58:23.752, 0 %, 45205 MiB, 99.71 W, 99.75 W, 200.76 W, 200.45 W, 345 MHz
2026/10/08 13:58:23.952, 0 %, 45205 MiB, 99.66 W, 100.56 W, 200.64 W, 202.53 W, 345 MHz
2026/10/08 13:58:24.152, 0 %, 45193 MiB, 99.73 W, 99.20 W, 200.66 W, 200.51 W, 345 MHz
2026/10/08 13:58:24.352, 0 %, 45192 MiB, 99.57 W, 99.89 W, 200.33 W, 200.51 W, 345 MHz
2026/10/08 13:58:24.553, 0 %, 45192 MiB, 99.40 W, 99.36 W, 200.02 W, 201.48 W, 345 MHz
2026/10/08 13:58:24.753, 0 %, 45192 MiB, 99.43 W, 99.82 W, 200.35 W, 202.40 W, 345 MHz
2026/10/08 13:58:24.953, 0 %, 45192 MiB, 99.40 W, 99.70 W, 200.52 W, 201.56 W, 345 MHz
2026/10/08 13:58:25.153, 0 %, 45181 MiB, 99.26 W, 99.48 W, 200.33 W, 199.67 W, 345 MHz
2026/10/08 13:58:25.353, 0 %, 45180 MiB, 99.23 W, 99.38 W, 200.28 W, 200.51 W, 345 MHz
2026/10/08 13:58:25.553, 0 %, 45180 MiB, 99.41 W, 98.09 W, 200.98 W, 199.54 W, 345 MHz
2026/10/08 13:58:25.754, 0 %, 45180 MiB, 99.51 W, 99.11 W, 201.27 W, 200.43 W, 345 MHz
2026/10/08 13:58:25.954, 0 %, 45180 MiB, 99.52 W, 99.03 W, 201.15 W, 199.67 W, 345 MHz
2026/10/08 13:58:26.154, 0 %, 45169 MiB, 99.53 W, 99.86 W, 200.75 W, 200.64 W, 345 MHz
2026/10/08 13:58:26.354, 0 %, 45169 MiB, 99.65 W, 99.92 W, 201.19 W, 201.35 W, 345 MHz
2026/10/08 13:58:26.554, 0 %, 45169 MiB, 99.63 W, 98.65 W, 201.18 W, 201.48 W, 345 MHz
2026/10/08 13:58:26.754, 0 %, 45169 MiB, 99.55 W, 99.74 W, 201.04 W, 202.46 W, 345 MHz
2026/10/08 13:58:26.955, 0 %, 45169 MiB, 99.46 W, 99.15 W, 200.89 W, 200.64 W, 345 MHz
2026/10/08 13:58:27.155, 0 %, 45159 MiB, 99.45 W, 99.77 W, 201.41 W, 202.59 W, 345 MHz
2026/10/08 13:58:27.355, 0 %, 45158 MiB, 99.54 W, 99.55 W, 201.87 W, 202.46 W, 345 MHz
2026/10/08 13:58:27.555, 0 %, 45158 MiB, 99.45 W, 98.85 W, 201.88 W, 200.51 W, 345 MHz
2026/10/08 13:58:27.755, 0 %, 45158 MiB, 99.42 W, 99.57 W, 201.51 W, 198.56 W, 345 MHz
2026/10/08 13:58:27.955, 0 %, 45158 MiB, 99.32 W, 98.97 W, 201.19 W, 200.58 W, 345 MHz
2026/10/08 13:58:28.156, 0 %, 45149 MiB, 99.46 W, 99.49 W, 201.51 W, 202.59 W, 345 MHz
2026/10/08 13:58:28.356, 0 %, 45148 MiB, 99.36 W, 99.53 W, 201.30 W, 201.48 W, 345 MHz
2026/10/08 13:58:28.556, 0 %, 45148 MiB, 99.38 W, 101.13 W, 201.15 W, 204.40 W, 345 MHz
2026/10/08 13:58:28.756, 0 %, 45148 MiB, 99.37 W, 99.24 W, 201.40 W, 202.32 W, 345 MHz
2026/10/08 13:58:28.956, 0 %, 45148 MiB, 99.60 W, 99.78 W, 202.18 W, 203.43 W, 345 MHz
2026/10/08 13:58:29.156, 0 %, 45139 MiB, 99.65 W, 99.35 W, 202.38 W, 202.46 W, 345 MHz
2026/10/08 13:58:29.357, 0 %, 45139 MiB, 99.67 W, 100.35 W, 202.24 W, 202.38 W, 345 MHz
2026/10/08 13:58:29.557, 0 %, 45139 MiB, 99.61 W, 99.05 W, 201.88 W, 200.51 W, 345 MHz
2026/10/08 13:58:29.757, 0 %, 45139 MiB, 99.64 W, 99.90 W, 202.01 W, 203.43 W, 345 MHz
2026/10/08 13:58:29.957, 0 %, 45139 MiB, 99.68 W, 99.61 W, 202.22 W, 202.53 W, 345 MHz
2026/10/08 13:58:30.157, 0 %, 45129 MiB, 99.51 W, 100.29 W, 201.86 W, 203.43 W, 345 MHz
2026/10/08 13:58:30.357, 0 %, 45129 MiB, 99.43 W, 100.01 W, 201.82 W, 203.37 W, 345 MHz
2026/10/08 13:58:30.558, 0 %, 45129 MiB, 99.56 W, 99.63 W, 202.43 W, 201.48 W, 345 MHz
2026/10/08 13:58:30.758, 0 %, 45129 MiB, 99.63 W, 98.90 W, 202.71 W, 201.41 W, 345 MHz
2026/10/08 13:58:30.958, 0 %, 45129 MiB, 99.52 W, 100.44 W, 202.32 W, 202.46 W, 345 MHz
2026/10/08 13:58:31.158, 0 %, 45120 MiB, 99.48 W, 99.66 W, 201.96 W, 201.49 W, 345 MHz
2026/10/08 13:58:31.358, 0 %, 45120 MiB, 99.53 W, 98.49 W, 201.78 W, 199.54 W, 345 MHz
2026/10/08 13:58:31.559, 0 %, 45120 MiB, 99.45 W, 99.26 W, 201.75 W, 202.46 W, 345 MHz
2026/10/08 13:58:31.759, 0 %, 45120 MiB, 99.46 W, 100.38 W, 201.69 W, 204.40 W, 345 MHz
2026/10/08 13:58:31.959, 0 %, 45120 MiB, 99.50 W, 100.77 W, 201.89 W, 204.35 W, 345 MHz
2026/10/08 13:58:32.159, 0 %, 45112 MiB, 99.64 W, 100.56 W, 202.68 W, 205.38 W, 345 MHz
2026/10/08 13:58:32.359, 0 %, 45112 MiB, 99.76 W, 99.88 W, 203.38 W, 204.27 W, 345 MHz
2026/10/08 13:58:32.559, 0 %, 45112 MiB, 99.93 W, 99.39 W, 203.82 W, 202.46 W, 345 MHz
2026/10/08 13:58:32.760, 0 %, 45112 MiB, 99.84 W, 100.41 W, 203.68 W, 204.40 W, 345 MHz
2026/10/08 13:58:32.960, 0 %, 45112 MiB, 99.77 W, 99.15 W, 203.44 W, 200.38 W, 345 MHz
2026/10/08 13:58:33.160, 0 %, 45104 MiB, 99.68 W, 99.96 W, 203.05 W, 203.43 W, 345 MHz
2026/10/08 13:58:33.360, 0 %, 45104 MiB, 99.65 W, 99.27 W, 203.05 W, 203.37 W, 345 MHz
2026/10/08 13:58:33.560, 0 %, 45104 MiB, 99.62 W, 101.25 W, 202.80 W, 205.32 W, 345 MHz
2026/10/08 13:58:33.761, 0 %, 45104 MiB, 99.76 W, 99.95 W, 202.97 W, 203.30 W, 345 MHz
2026/10/08 13:58:33.961, 0 %, 45103 MiB, 99.96 W, 99.84 W, 203.42 W, 203.43 W, 345 MHz
2026/10/08 13:58:34.161, 0 %, 45097 MiB, 100.32 W, 101.13 W, 204.76 W, 209.27 W, 345 MHz
2026/10/08 13:58:34.361, 0 %, 45097 MiB, 100.54 W, 102.41 W, 205.10 W, 207.33 W, 345 MHz
2026/10/08 13:58:34.561, 0 %, 45097 MiB, 100.41 W, 98.94 W, 203.92 W, 196.56 W, 345 MHz
2026/10/08 13:58:34.761, 0 %, 45097 MiB, 100.25 W, 99.20 W, 202.60 W, 198.43 W, 345 MHz
2026/10/08 13:58:34.962, 0 %, 45097 MiB, 100.14 W, 99.42 W, 201.68 W, 198.49 W, 345 MHz
2026/10/08 13:58:35.162, 0 %, 45091 MiB, 99.84 W, 99.90 W, 199.76 W, 202.59 W, 345 MHz
2026/10/08 13:58:35.362, 0 %, 45091 MiB, 99.67 W, 100.12 W, 199.17 W, 203.30 W, 345 MHz
2026/10/08 13:58:35.562, 0 %, 45091 MiB, 99.74 W, 99.75 W, 200.01 W, 202.46 W, 345 MHz
2026/10/08 13:58:35.762, 0 %, 45091 MiB, 100.00 W, 99.74 W, 201.35 W, 201.49 W, 345 MHz
2026/10/08 13:58:35.963, 0 %, 45091 MiB, 99.97 W, 100.57 W, 201.63 W, 203.43 W, 345 MHz
2026/10/08 13:58:36.163, 0 %, 45086 MiB, 99.96 W, 99.58 W, 201.94 W, 199.67 W, 345 MHz
2026/10/08 13:58:36.363, 0 %, 45085 MiB, 99.95 W, 100.07 W, 201.78 W, 202.32 W, 345 MHz
2026/10/08 13:58:36.563, 0 %, 45085 MiB, 99.96 W, 100.33 W, 201.87 W, 204.40 W, 345 MHz
2026/10/08 13:58:36.763, 0 %, 45085 MiB, 100.01 W, 101.17 W, 202.21 W, 206.29 W, 345 MHz
2026/10/08 13:58:36.963, 0 %, 45085 MiB, 100.15 W, 100.65 W, 202.70 W, 204.40 W, 345 MHz
2026/10/08 13:58:37.164, 0 %, 45081 MiB, 100.34 W, 100.68 W, 203.50 W, 204.67 W, 345 MHz
2026/10/08 13:58:37.364, 0 %, 45081 MiB, 100.48 W, 100.14 W, 204.06 W, 202.46 W, 345 MHz
2026/10/08 13:58:37.564, 0 %, 45081 MiB, 100.54 W, 101.23 W, 204.12 W, 204.40 W, 345 MHz
2026/10/08 13:58:37.764, 0 %, 45081 MiB, 100.37 W, 99.92 W, 203.54 W, 202.40 W, 345 MHz
2026/10/08 13:58:37.964, 0 %, 45081 MiB, 100.29 W, 100.46 W, 203.42 W, 205.32 W, 345 MHz
2026/10/08 13:58:38.164, 0 %, 45076 MiB, 100.31 W, 100.19 W, 203.57 W, 203.43 W, 345 MHz
2026/10/08 13:58:38.365, 0 %, 45076 MiB, 100.35 W, 100.91 W, 203.65 W, 204.35 W, 345 MHz
2026/10/08 13:58:38.566, 0 %, 45076 MiB, 100.38 W, 100.66 W, 203.77 W, 205.30 W, 345 MHz
2026/10/08 13:58:38.796, 0 %, 45096 MiB, 100.45 W, 100.10 W, 204.32 W, 204.40 W, 345 MHz
2026/10/08 13:58:38.997, 0 %, 45076 MiB, 106.50 W, 157.06 W, 210.30 W, 259.55 W, 1980 MHz
2026/10/08 13:58:39.197, 1 %, 45075 MiB, 119.81 W, 154.55 W, 223.16 W, 254.76 W, 1980 MHz
2026/10/08 13:58:39.409, 0 %, 45633 MiB, 130.70 W, 155.35 W, 233.96 W, 259.55 W, 1980 MHz
2026/10/08 13:58:39.609, 1 %, 45637 MiB, 153.13 W, 354.31 W, 256.56 W, 457.64 W, 1980 MHz
2026/10/08 13:58:39.809, 98 %, 45637 MiB, 203.20 W, 353.67 W, 306.65 W, 458.46 W, 1980 MHz
2026/10/08 13:58:40.010, 100 %, 45637 MiB, 246.30 W, 356.21 W, 350.25 W, 461.82 W, 1980 MHz
2026/10/08 13:58:40.210, 100 %, 45634 MiB, 285.55 W, 356.06 W, 390.05 W, 461.51 W, 1980 MHz
2026/10/08 13:58:40.410, 100 %, 45634 MiB, 328.37 W, 356.98 W, 433.39 W, 461.51 W, 1980 MHz
2026/10/08 13:58:40.610, 100 %, 45634 MiB, 356.28 W, 361.92 W, 461.05 W, 467.33 W, 1980 MHz
2026/10/08 13:58:40.811, 100 %, 45634 MiB, 357.50 W, 360.37 W, 462.11 W, 463.45 W, 1980 MHz
2026/10/08 13:58:41.011, 100 %, 45634 MiB, 358.99 W, 361.09 W, 463.61 W, 467.47 W, 1980 MHz
2026/10/08 13:58:41.211, 100 %, 45631 MiB, 360.10 W, 364.88 W, 464.76 W, 471.36 W, 1980 MHz
2026/10/08 13:58:41.412, 100 %, 45631 MiB, 361.57 W, 362.86 W, 466.14 W, 468.30 W, 1980 MHz
2026/10/08 13:58:41.612, 100 %, 45631 MiB, 362.83 W, 362.32 W, 467.62 W, 466.67 W, 1980 MHz
2026/10/08 13:58:41.812, 100 %, 45631 MiB, 362.84 W, 362.21 W, 468.05 W, 468.44 W, 1980 MHz
2026/10/08 13:58:42.012, 100 %, 45630 MiB, 362.75 W, 360.78 W, 467.77 W, 464.73 W, 1980 MHz
2026/10/08 13:58:42.213, 100 %, 45628 MiB, 362.98 W, 366.15 W, 467.74 W, 470.55 W, 1980 MHz
2026/10/08 13:58:42.413, 100 %, 45628 MiB, 363.00 W, 359.65 W, 467.52 W, 463.29 W, 1980 MHz
2026/10/08 13:58:42.613, 100 %, 45628 MiB, 362.94 W, 365.15 W, 467.53 W, 470.24 W, 1980 MHz
2026/10/08 13:58:42.813, 100 %, 45628 MiB, 363.34 W, 364.02 W, 467.79 W, 469.27 W, 1980 MHz
2026/10/08 13:58:43.014, 100 %, 45628 MiB, 363.59 W, 360.97 W, 468.31 W, 466.36 W, 1980 MHz
2026/10/08 13:58:43.214, 100 %, 45627 MiB, 363.88 W, 365.14 W, 468.59 W, 468.61 W, 1980 MHz
2026/10/08 13:58:43.414, 100 %, 45627 MiB, 363.91 W, 360.18 W, 468.84 W, 463.45 W, 1980 MHz
2026/10/08 13:58:43.614, 100 %, 45627 MiB, 363.92 W, 365.42 W, 468.65 W, 470.24 W, 1980 MHz
2026/10/08 13:58:43.815, 100 %, 45627 MiB, 363.88 W, 365.73 W, 468.52 W, 471.21 W, 1980 MHz
2026/10/08 13:58:44.015, 100 %, 45626 MiB, 363.62 W, 364.24 W, 468.10 W, 470.07 W, 1980 MHz
2026/10/08 13:58:44.215, 100 %, 45625 MiB, 363.97 W, 364.75 W, 468.44 W, 469.42 W, 1980 MHz
2026/10/08 13:58:44.416, 100 %, 45625 MiB, 363.92 W, 363.88 W, 468.55 W, 469.27 W, 1980 MHz
2026/10/08 13:58:44.616, 100 %, 45625 MiB, 364.35 W, 363.69 W, 469.10 W, 469.11 W, 1980 MHz
2026/10/08 13:58:44.816, 100 %, 45625 MiB, 364.17 W, 364.66 W, 468.86 W, 469.42 W, 1980 MHz
2026/10/08 13:58:45.016, 100 %, 45624 MiB, 364.51 W, 359.44 W, 469.11 W, 462.48 W, 1980 MHz
2026/10/08 13:58:45.217, 100 %, 45622 MiB, 364.30 W, 366.18 W, 468.82 W, 470.38 W, 1980 MHz
2026/10/08 13:58:45.417, 100 %, 45622 MiB, 363.77 W, 363.00 W, 467.77 W, 466.36 W, 1980 MHz
2026/10/08 13:58:45.617, 100 %, 45622 MiB, 363.85 W, 364.48 W, 467.56 W, 468.30 W, 1980 MHz
2026/10/08 13:58:45.817, 100 %, 45622 MiB, 364.15 W, 364.15 W, 467.70 W, 465.39 W, 1980 MHz
2026/10/08 13:58:46.018, 100 %, 45622 MiB, 363.70 W, 363.51 W, 467.21 W, 467.33 W, 1980 MHz
2026/10/08 13:58:46.218, 100 %, 45621 MiB, 364.17 W, 365.27 W, 467.41 W, 467.64 W, 1980 MHz
2026/10/08 13:58:46.418, 100 %, 45621 MiB, 364.74 W, 366.04 W, 468.13 W, 469.27 W, 1980 MHz
2026/10/08 13:58:46.618, 100 %, 45621 MiB, 364.39 W, 363.74 W, 467.75 W, 467.02 W, 1980 MHz
2026/10/08 13:58:46.819, 100 %, 45621 MiB, 364.46 W, 363.14 W, 467.48 W, 463.45 W, 1980 MHz
2026/10/08 13:58:47.019, 100 %, 45621 MiB, 364.43 W, 363.00 W, 466.93 W, 465.23 W, 1980 MHz
2026/10/08 13:58:47.219, 100 %, 45620 MiB, 364.23 W, 364.93 W, 466.41 W, 467.33 W, 1980 MHz
2026/10/08 13:58:47.420, 100 %, 45620 MiB, 364.06 W, 364.65 W, 465.85 W, 465.39 W, 1980 MHz
2026/10/08 13:58:47.620, 100 %, 45620 MiB, 364.27 W, 363.14 W, 465.55 W, 464.56 W, 1980 MHz
2026/10/08 13:58:47.821, 100 %, 45620 MiB, 364.26 W, 366.23 W, 465.37 W, 467.64 W, 1980 MHz
2026/10/08 13:58:48.021, 100 %, 45620 MiB, 364.51 W, 365.07 W, 465.80 W, 467.17 W, 1980 MHz
2026/10/08 13:58:48.222, 100 %, 45618 MiB, 364.36 W, 362.48 W, 465.79 W, 463.75 W, 1980 MHz
2026/10/08 13:58:48.422, 100 %, 45618 MiB, 364.25 W, 364.84 W, 465.43 W, 466.19 W, 1980 MHz
2026/10/08 13:58:48.622, 100 %, 45618 MiB, 364.16 W, 364.00 W, 465.43 W, 465.39 W, 1980 MHz
2026/10/08 13:58:48.822, 100 %, 45618 MiB, 364.34 W, 366.40 W, 465.74 W, 469.27 W, 1980 MHz
2026/10/08 13:58:49.023, 100 %, 45618 MiB, 363.90 W, 363.56 W, 465.07 W, 464.26 W, 1980 MHz
2026/10/08 13:58:49.223, 100 %, 45617 MiB, 364.14 W, 364.70 W, 465.39 W, 467.64 W, 1980 MHz
2026/10/08 13:58:49.423, 100 %, 45617 MiB, 364.44 W, 364.60 W, 466.24 W, 468.30 W, 1980 MHz
2026/10/08 13:58:49.623, 100 %, 45617 MiB, 364.25 W, 363.80 W, 465.99 W, 464.42 W, 1980 MHz
2026/10/08 13:58:49.824, 100 %, 45617 MiB, 364.25 W, 365.26 W, 465.99 W, 468.30 W, 1980 MHz
2026/10/08 13:58:50.024, 100 %, 45617 MiB, 364.38 W, 365.97 W, 466.50 W, 469.10 W, 1980 MHz
2026/10/08 13:58:50.224, 100 %, 45617 MiB, 364.56 W, 363.62 W, 466.50 W, 464.56 W, 1980 MHz
2026/10/08 13:58:50.424, 100 %, 45617 MiB, 364.59 W, 366.67 W, 466.15 W, 467.99 W, 1980 MHz
2026/10/08 13:58:50.625, 100 %, 45617 MiB, 364.42 W, 362.57 W, 466.19 W, 463.45 W, 1980 MHz
2026/10/08 13:58:50.825, 100 %, 45617 MiB, 364.64 W, 364.35 W, 466.57 W, 466.36 W, 1980 MHz
2026/10/08 13:58:51.025, 100 %, 45617 MiB, 364.64 W, 366.24 W, 466.29 W, 467.99 W, 1980 MHz
2026/10/08 13:58:51.225, 100 %, 45616 MiB, 364.52 W, 364.22 W, 466.16 W, 468.44 W, 1980 MHz
2026/10/08 13:58:51.426, 100 %, 45616 MiB, 364.60 W, 366.52 W, 466.34 W, 468.13 W, 1980 MHz
2026/10/08 13:58:51.626, 100 %, 45616 MiB, 364.43 W, 365.80 W, 465.81 W, 464.42 W, 1980 MHz
2026/10/08 13:58:51.826, 100 %, 45616 MiB, 364.50 W, 360.83 W, 465.71 W, 462.32 W, 1980 MHz
2026/10/08 13:58:52.026, 100 %, 45616 MiB, 364.68 W, 366.33 W, 466.04 W, 469.11 W, 1980 MHz
2026/10/08 13:58:52.226, 100 %, 45616 MiB, 364.52 W, 363.70 W, 465.72 W, 463.45 W, 1980 MHz
2026/10/08 13:58:52.427, 100 %, 45616 MiB, 364.48 W, 362.65 W, 465.35 W, 463.29 W, 1980 MHz
2026/10/08 13:58:52.627, 100 %, 45616 MiB, 364.79 W, 366.74 W, 465.83 W, 468.13 W, 1980 MHz
2026/10/08 13:58:52.827, 100 %, 45616 MiB, 364.42 W, 361.35 W, 465.55 W, 462.32 W, 1980 MHz
2026/10/08 13:58:53.027, 100 %, 45616 MiB, 364.62 W, 367.24 W, 465.53 W, 468.15 W, 1980 MHz
2026/10/08 13:58:53.228, 100 %, 45616 MiB, 364.30 W, 362.97 W, 465.35 W, 463.45 W, 1980 MHz
2026/10/08 13:58:53.428, 100 %, 45616 MiB, 364.67 W, 364.38 W, 465.91 W, 464.42 W, 1980 MHz
2026/10/08 13:58:53.628, 100 %, 45616 MiB, 364.89 W, 367.90 W, 466.11 W, 470.38 W, 1980 MHz
2026/10/08 13:58:53.828, 100 %, 45616 MiB, 364.60 W, 364.64 W, 465.92 W, 467.33 W, 1980 MHz
2026/10/08 13:58:54.029, 100 %, 45616 MiB, 364.79 W, 362.04 W, 466.27 W, 463.45 W, 1980 MHz
2026/10/08 13:58:54.229, 100 %, 45615 MiB, 364.85 W, 365.64 W, 466.22 W, 466.19 W, 1980 MHz
2026/10/08 13:58:54.429, 100 %, 45615 MiB, 364.57 W, 362.48 W, 465.82 W, 464.26 W, 1980 MHz
2026/10/08 13:58:54.629, 100 %, 45615 MiB, 364.43 W, 366.36 W, 465.74 W, 467.33 W, 1980 MHz
2026/10/08 13:58:54.830, 100 %, 45615 MiB, 364.64 W, 363.24 W, 465.79 W, 463.45 W, 1980 MHz
2026/10/08 13:58:55.030, 100 %, 45615 MiB, 364.87 W, 362.06 W, 465.76 W, 460.84 W, 1980 MHz
2026/10/08 13:58:55.230, 100 %, 45615 MiB, 364.97 W, 365.98 W, 465.83 W, 465.39 W, 1980 MHz
2026/10/08 13:58:55.430, 100 %, 45615 MiB, 364.93 W, 361.02 W, 465.41 W, 461.51 W, 1980 MHz
2026/10/08 13:58:55.631, 100 %, 45615 MiB, 365.03 W, 368.15 W, 465.63 W, 470.24 W, 1980 MHz
2026/10/08 13:58:55.831, 100 %, 45615 MiB, 365.05 W, 363.94 W, 465.55 W, 463.29 W, 1980 MHz
2026/10/08 13:58:56.031, 100 %, 45615 MiB, 365.14 W, 364.41 W, 465.42 W, 465.08 W, 1980 MHz
2026/10/08 13:58:56.231, 100 %, 45615 MiB, 365.39 W, 368.21 W, 465.50 W, 470.08 W, 1980 MHz
2026/10/08 13:58:56.431, 100 %, 45615 MiB, 364.96 W, 362.90 W, 465.44 W, 463.45 W, 1980 MHz
2026/10/08 13:58:56.632, 100 %, 45615 MiB, 365.38 W, 366.40 W, 465.72 W, 469.27 W, 1980 MHz
2026/10/08 13:58:56.832, 100 %, 45615 MiB, 365.33 W, 366.78 W, 465.66 W, 465.39 W, 1980 MHz
2026/10/08 13:58:57.032, 100 %, 45614 MiB, 365.08 W, 362.34 W, 465.62 W, 462.32 W, 1980 MHz
2026/10/08 13:58:57.232, 100 %, 45614 MiB, 365.01 W, 366.90 W, 465.61 W, 467.02 W, 1980 MHz
2026/10/08 13:58:57.432, 100 %, 45614 MiB, 365.39 W, 363.29 W, 465.98 W, 464.11 W, 1980 MHz
2026/10/08 13:58:57.633, 100 %, 45614 MiB, 365.18 W, 365.72 W, 465.78 W, 465.39 W, 1980 MHz
2026/10/08 13:58:57.833, 100 %, 45614 MiB, 365.11 W, 367.92 W, 465.56 W, 470.24 W, 1980 MHz
2026/10/08 13:58:58.033, 100 %, 45614 MiB, 365.14 W, 362.10 W, 465.55 W, 463.76 W, 1980 MHz
2026/10/08 13:58:58.234, 100 %, 45614 MiB, 365.07 W, 365.76 W, 465.67 W, 465.39 W, 1980 MHz
2026/10/08 13:58:58.434, 100 %, 45614 MiB, 364.51 W, 363.87 W, 465.20 W, 465.39 W, 1980 MHz
2026/10/08 13:58:58.634, 100 %, 45614 MiB, 364.92 W, 363.04 W, 465.77 W, 463.59 W, 1980 MHz
2026/10/08 13:58:58.834, 100 %, 45614 MiB, 364.67 W, 366.34 W, 465.65 W, 466.36 W, 1980 MHz
2026/10/08 13:58:59.034, 100 %, 45614 MiB, 364.44 W, 363.81 W, 465.36 W, 464.25 W, 1980 MHz
2026/10/08 13:58:59.235, 100 %, 45614 MiB, 364.61 W, 366.89 W, 465.62 W, 468.13 W, 1980 MHz
2026/10/08 13:58:59.435, 100 %, 45614 MiB, 364.99 W, 367.70 W, 465.98 W, 470.24 W, 1980 MHz
2026/10/08 13:58:59.635, 100 %, 45614 MiB, 364.97 W, 366.08 W, 465.53 W, 466.50 W, 1980 MHz
2026/10/08 13:58:59.835, 100 %, 45614 MiB, 365.07 W, 366.49 W, 465.74 W, 468.30 W, 1980 MHz
2026/10/08 13:59:00.035, 100 %, 45614 MiB, 365.02 W, 359.54 W, 465.82 W, 458.60 W, 1980 MHz
2026/10/08 13:59:00.236, 100 %, 45613 MiB, 365.26 W, 367.85 W, 465.78 W, 470.07 W, 1980 MHz
2026/10/08 13:59:00.436, 100 %, 45613 MiB, 365.34 W, 367.13 W, 465.86 W, 468.13 W, 1980 MHz
2026/10/08 13:59:00.636, 100 %, 45613 MiB, 365.28 W, 363.59 W, 466.03 W, 463.75 W, 1980 MHz
2026/10/08 13:59:00.836, 100 %, 45613 MiB, 365.18 W, 366.43 W, 465.84 W, 468.30 W, 1980 MHz
2026/10/08 13:59:01.036, 100 %, 45613 MiB, 365.15 W, 365.19 W, 466.09 W, 468.13 W, 1980 MHz
2026/10/08 13:59:01.237, 100 %, 45613 MiB, 365.12 W, 365.68 W, 466.34 W, 467.33 W, 1980 MHz
2026/10/08 13:59:01.437, 100 %, 45613 MiB, 365.04 W, 367.42 W, 466.07 W, 468.30 W, 1980 MHz
2026/10/08 13:59:01.637, 100 %, 45613 MiB, 365.09 W, 364.32 W, 466.16 W, 465.53 W, 1980 MHz
2026/10/08 13:59:01.837, 100 %, 45613 MiB, 365.56 W, 365.62 W, 466.79 W, 468.30 W, 1980 MHz
2026/10/08 13:59:02.037, 100 %, 45606 MiB, 365.66 W, 366.82 W, 466.75 W, 469.10 W, 1980 MHz
2026/10/08 13:59:02.237, 100 %, 45605 MiB, 365.72 W, 364.26 W, 466.83 W, 465.22 W, 1980 MHz
2026/10/08 13:59:02.438, 100 %, 45605 MiB, 365.81 W, 367.32 W, 467.00 W, 466.19 W, 1980 MHz
2026/10/08 13:59:02.638, 100 %, 45605 MiB, 365.61 W, 362.60 W, 466.84 W, 464.73 W, 1980 MHz
2026/10/08 13:59:02.838, 100 %, 45600 MiB, 365.63 W, 366.48 W, 466.98 W, 468.13 W, 1980 MHz
2026/10/08 13:59:03.038, 100 %, 45600 MiB, 365.68 W, 368.33 W, 467.09 W, 470.07 W, 1980 MHz
2026/10/08 13:59:03.238, 100 %, 45600 MiB, 365.71 W, 363.95 W, 466.83 W, 464.42 W, 1980 MHz
2026/10/08 13:59:03.439, 100 %, 45600 MiB, 365.88 W, 366.58 W, 467.12 W, 468.13 W, 1980 MHz
2026/10/08 13:59:03.639, 100 %, 45600 MiB, 365.85 W, 365.24 W, 467.26 W, 466.50 W, 1980 MHz
2026/10/08 13:59:03.839, 100 %, 45600 MiB, 366.08 W, 362.54 W, 467.52 W, 464.42 W, 1980 MHz
2026/10/08 13:59:04.040, 100 %, 45600 MiB, 365.94 W, 367.39 W, 467.42 W, 469.27 W, 1980 MHz
2026/10/08 13:59:04.240, 100 %, 45600 MiB, 366.17 W, 364.40 W, 467.77 W, 463.45 W, 1980 MHz
2026/10/08 13:59:04.440, 100 %, 45600 MiB, 366.03 W, 363.47 W, 467.48 W, 465.08 W, 1980 MHz
2026/10/08 13:59:04.640, 100 %, 45599 MiB, 365.61 W, 368.86 W, 467.00 W, 471.21 W, 1980 MHz
2026/10/08 13:59:04.840, 100 %, 45599 MiB, 365.55 W, 364.91 W, 466.82 W, 464.42 W, 1980 MHz
2026/10/08 13:59:05.040, 100 %, 45599 MiB, 365.71 W, 364.95 W, 466.47 W, 464.26 W, 1980 MHz
2026/10/08 13:59:05.241, 100 %, 45599 MiB, 365.17 W, 364.45 W, 465.90 W, 464.26 W, 1980 MHz
2026/10/08 13:59:05.442, 100 %, 45599 MiB, 365.22 W, 364.14 W, 466.01 W, 466.50 W, 1980 MHz
2026/10/08 13:59:05.642, 100 %, 45599 MiB, 365.42 W, 366.47 W, 466.11 W, 465.39 W, 1980 MHz
2026/10/08 13:59:05.842, 100 %, 45599 MiB, 365.24 W, 361.17 W, 465.83 W, 462.46 W, 1980 MHz
2026/10/08 13:59:06.042, 100 %, 45599 MiB, 365.21 W, 369.06 W, 466.11 W, 469.10 W, 1980 MHz
2026/10/08 13:59:06.243, 100 %, 45599 MiB, 365.42 W, 365.55 W, 466.05 W, 466.20 W, 1980 MHz
2026/10/08 13:59:06.444, 100 %, 45599 MiB, 365.24 W, 364.58 W, 465.80 W, 464.42 W, 1980 MHz
2026/10/08 13:59:06.644, 100 %, 45599 MiB, 365.59 W, 368.19 W, 466.23 W, 469.10 W, 1980 MHz
2026/10/08 13:59:06.845, 100 %, 45599 MiB, 365.67 W, 364.78 W, 466.25 W, 464.42 W, 1980 MHz
2026/10/08 13:59:07.045, 100 %, 45599 MiB, 365.48 W, 365.51 W, 465.52 W, 465.39 W, 1980 MHz
2026/10/08 13:59:07.245, 100 %, 45598 MiB, 365.33 W, 366.43 W, 465.14 W, 463.45 W, 1980 MHz
2026/10/08 13:59:07.445, 100 %, 45598 MiB, 365.52 W, 361.42 W, 464.64 W, 457.47 W, 1980 MHz
2026/10/08 13:59:07.645, 100 %, 45598 MiB, 365.25 W, 367.85 W, 463.77 W, 466.19 W, 1980 MHz
2026/10/08 13:59:07.846, 100 %, 45598 MiB, 365.07 W, 365.19 W, 463.17 W, 463.59 W, 1980 MHz
2026/10/08 13:59:08.046, 100 %, 45598 MiB, 365.59 W, 366.82 W, 463.50 W, 465.39 W, 1980 MHz
2026/10/08 13:59:08.246, 100 %, 45598 MiB, 365.32 W, 366.52 W, 463.19 W, 464.42 W, 1980 MHz
2026/10/08 13:59:08.447, 100 %, 45598 MiB, 365.33 W, 364.23 W, 463.35 W, 462.48 W, 1980 MHz
2026/10/08 13:59:08.648, 100 %, 45598 MiB, 365.57 W, 366.95 W, 463.46 W, 465.39 W, 1980 MHz
2026/10/08 13:59:08.848, 100 %, 45598 MiB, 365.00 W, 363.69 W, 462.77 W, 461.51 W, 1980 MHz
2026/10/08 13:59:09.049, 100 %, 45598 MiB, 365.05 W, 364.34 W, 462.97 W, 461.35 W, 1980 MHz
2026/10/08 13:59:09.249, 100 %, 45598 MiB, 365.41 W, 366.36 W, 463.25 W, 462.48 W, 1980 MHz
2026/10/08 13:59:09.449, 100 %, 45598 MiB, 364.96 W, 365.36 W, 462.76 W, 463.45 W, 1980 MHz
2026/10/08 13:59:09.649, 100 %, 45598 MiB, 365.26 W, 364.36 W, 463.20 W, 462.48 W, 1980 MHz
2026/10/08 13:59:09.849, 100 %, 45598 MiB, 365.40 W, 364.55 W, 463.43 W, 461.82 W, 1980 MHz
2026/10/08 13:59:10.050, 100 %, 45598 MiB, 365.16 W, 364.52 W, 463.08 W, 463.45 W, 1980 MHz
2026/10/08 13:59:10.250, 100 %, 45598 MiB, 365.36 W, 365.74 W, 463.55 W, 463.59 W, 1980 MHz
2026/10/08 13:59:10.450, 100 %, 45598 MiB, 365.52 W, 366.49 W, 463.82 W, 466.19 W, 1980 MHz
2026/10/08 13:59:10.651, 100 %, 45598 MiB, 365.23 W, 365.44 W, 463.45 W, 464.56 W, 1980 MHz
2026/10/08 13:59:10.851, 100 %, 45598 MiB, 365.39 W, 367.44 W, 463.68 W, 465.22 W, 1980 MHz
2026/10/08 13:59:11.051, 100 %, 45598 MiB, 365.73 W, 366.32 W, 464.14 W, 464.25 W, 1980 MHz
2026/10/08 13:59:11.252, 100 %, 45598 MiB, 365.73 W, 364.72 W, 463.85 W, 461.81 W, 1980 MHz
2026/10/08 13:59:11.452, 100 %, 45598 MiB, 365.70 W, 365.00 W, 463.66 W, 464.26 W, 1980 MHz
2026/10/08 13:59:11.653, 100 %, 45598 MiB, 365.76 W, 366.07 W, 464.05 W, 468.30 W, 1980 MHz
2026/10/08 13:59:11.853, 100 %, 45598 MiB, 365.57 W, 367.17 W, 464.13 W, 465.22 W, 1980 MHz
2026/10/08 13:59:12.053, 100 %, 45598 MiB, 365.60 W, 367.44 W, 464.29 W, 467.16 W, 1980 MHz
2026/10/08 13:59:12.253, 100 %, 45598 MiB, 365.49 W, 363.60 W, 464.66 W, 463.59 W, 1980 MHz
2026/10/08 13:59:12.453, 100 %, 45598 MiB, 365.44 W, 366.71 W, 465.18 W, 468.95 W, 1980 MHz
2026/10/08 13:59:12.654, 100 %, 45598 MiB, 365.37 W, 364.24 W, 465.49 W, 465.39 W, 1980 MHz
2026/10/08 13:59:12.854, 100 %, 45597 MiB, 365.85 W, 366.90 W, 466.46 W, 470.55 W, 1980 MHz
2026/10/08 13:59:13.055, 100 %, 45597 MiB, 365.64 W, 368.57 W, 466.98 W, 471.04 W, 1980 MHz
2026/10/08 13:59:13.255, 100 %, 45597 MiB, 365.60 W, 362.08 W, 467.24 W, 461.51 W, 1980 MHz
2026/10/08 13:59:13.455, 100 %, 45597 MiB, 365.80 W, 367.91 W, 467.76 W, 471.04 W, 1980 MHz
2026/10/08 13:59:13.656, 100 %, 45597 MiB, 366.24 W, 368.12 W, 468.42 W, 471.20 W, 1980 MHz
2026/10/08 13:59:13.856, 100 %, 45597 MiB, 366.42 W, 367.08 W, 468.76 W, 470.38 W, 1980 MHz
2026/10/08 13:59:14.057, 100 %, 45597 MiB, 366.66 W, 363.72 W, 468.86 W, 465.22 W, 1980 MHz
2026/10/08 13:59:14.257, 100 %, 45597 MiB, 366.38 W, 365.24 W, 468.93 W, 468.75 W, 1980 MHz
2026/10/08 13:59:14.457, 100 %, 45597 MiB, 366.79 W, 369.00 W, 469.68 W, 472.32 W, 1980 MHz
2026/10/08 13:59:14.658, 100 %, 45597 MiB, 366.80 W, 366.97 W, 469.75 W, 469.42 W, 1980 MHz
2026/10/08 13:59:14.859, 100 %, 45597 MiB, 366.23 W, 363.12 W, 468.88 W, 464.56 W, 1980 MHz
2026/10/08 13:59:15.059, 100 %, 45597 MiB, 366.23 W, 368.21 W, 468.92 W, 470.07 W, 1980 MHz
2026/10/08 13:59:15.259, 100 %, 45597 MiB, 366.44 W, 364.75 W, 469.20 W, 468.13 W, 1980 MHz
2026/10/08 13:59:15.459, 100 %, 45597 MiB, 366.60 W, 368.24 W, 469.10 W, 470.38 W, 1980 MHz
2026/10/08 13:59:15.660, 100 %, 45597 MiB, 366.61 W, 369.51 W, 469.01 W, 472.98 W, 1980 MHz
2026/10/08 13:59:15.860, 100 %, 45597 MiB, 366.76 W, 365.91 W, 469.21 W, 468.61 W, 1980 MHz
2026/10/08 13:59:16.060, 100 %, 45597 MiB, 367.06 W, 364.21 W, 469.73 W, 469.10 W, 1980 MHz
2026/10/08 13:59:16.261, 100 %, 45597 MiB, 366.83 W, 367.43 W, 469.58 W, 469.76 W, 1980 MHz
2026/10/08 13:59:16.461, 100 %, 45597 MiB, 366.21 W, 365.93 W, 469.17 W, 469.10 W, 1980 MHz
2026/10/08 13:59:16.661, 100 %, 45597 MiB, 366.39 W, 368.23 W, 469.46 W, 469.27 W, 1980 MHz
2026/10/08 13:59:16.862, 100 %, 45597 MiB, 366.16 W, 362.42 W, 469.55 W, 464.73 W, 1980 MHz
2026/10/08 13:59:17.062, 100 %, 45597 MiB, 365.93 W, 367.84 W, 469.17 W, 470.24 W, 1980 MHz
2026/10/08 13:59:17.262, 100 %, 45597 MiB, 366.20 W, 369.73 W, 469.05 W, 473.15 W, 1980 MHz
2026/10/08 13:59:17.462, 100 %, 45597 MiB, 366.37 W, 365.58 W, 469.20 W, 468.30 W, 1980 MHz
2026/10/08 13:59:17.662, 100 %, 45597 MiB, 366.43 W, 368.40 W, 469.13 W, 471.20 W, 1980 MHz
2026/10/08 13:59:17.862, 100 %, 45597 MiB, 366.54 W, 365.73 W, 468.89 W, 467.47 W, 1980 MHz
2026/10/08 13:59:18.062, 100 %, 45597 MiB, 366.83 W, 366.73 W, 469.46 W, 470.07 W, 1980 MHz
2026/10/08 13:59:18.263, 100 %, 45597 MiB, 366.50 W, 367.21 W, 469.19 W, 468.13 W, 1980 MHz
2026/10/08 13:59:18.463, 100 %, 45597 MiB, 366.80 W, 365.79 W, 469.18 W, 465.39 W, 1980 MHz
2026/10/08 13:59:18.663, 100 %, 45597 MiB, 366.72 W, 367.35 W, 468.86 W, 470.24 W, 1980 MHz
2026/10/08 13:59:18.863, 100 %, 45596 MiB, 366.64 W, 368.02 W, 469.22 W, 472.64 W, 1980 MHz
2026/10/08 13:59:19.064, 100 %, 45596 MiB, 366.52 W, 365.87 W, 469.16 W, 467.99 W, 1980 MHz
2026/10/08 13:59:19.264, 100 %, 45596 MiB, 366.92 W, 368.05 W, 469.33 W, 468.96 W, 1980 MHz
2026/10/08 13:59:19.464, 100 %, 45596 MiB, 366.28 W, 364.84 W, 468.88 W, 469.27 W, 1980 MHz
2026/10/08 13:59:19.664, 100 %, 45596 MiB, 366.44 W, 366.52 W, 469.73 W, 471.21 W, 1980 MHz
2026/10/08 13:59:19.864, 0 %, 45038 MiB, 326.27 W, 159.06 W, 429.56 W, 261.67 W, 1980 MHz
2026/10/08 13:59:20.065, 0 %, 45038 MiB, 286.31 W, 158.03 W, 389.28 W, 259.55 W, 1980 MHz
2026/10/08 13:59:20.330, 0 %, 45038 MiB, 241.51 W, 159.66 W, 344.74 W, 263.61 W, 1980 MHz
2026/10/08 13:59:20.531, 0 %, 45038 MiB, 198.02 W, 159.51 W, 301.38 W, 263.51 W, 1980 MHz
2026/10/08 13:59:20.732, 0 %, 45038 MiB, 160.30 W, 159.26 W, 263.21 W, 260.52 W, 1980 MHz
2026/10/08 13:59:20.932, 0 %, 45038 MiB, 158.84 W, 157.65 W, 261.07 W, 258.75 W, 1980 MHz
2026/10/08 13:59:21.132, 0 %, 45038 MiB, 158.76 W, 157.56 W, 261.02 W, 259.55 W, 1980 MHz
2026/10/08 13:59:21.332, 0 %, 45038 MiB, 158.64 W, 157.40 W, 260.88 W, 259.63 W, 1980 MHz
2026/10/08 13:59:21.532, 0 %, 45038 MiB, 158.41 W, 158.29 W, 260.19 W, 258.65 W, 1980 MHz
2026/10/08 13:59:21.733, 0 %, 45038 MiB, 148.66 W, 100.56 W, 250.25 W, 202.59 W, 510 MHz
2026/10/08 13:59:21.933, 0 %, 45038 MiB, 137.25 W, 100.91 W, 239.34 W, 205.44 W, 465 MHz
2026/10/08 13:59:22.133, 0 %, 45038 MiB, 125.84 W, 101.44 W, 228.32 W, 205.32 W, 435 MHz
2026/10/08 13:59:22.334, 0 %, 45038 MiB, 115.22 W, 100.92 W, 217.62 W, 202.40 W, 390 MHz
2026/10/08 13:59:22.534, 0 %, 45038 MiB, 103.91 W, 101.11 W, 206.20 W, 203.37 W, 360 MHz
2026/10/08 13:59:22.734, 0 %, 45038 MiB, 100.99 W, 100.41 W, 203.83 W, 203.43 W, 345 MHz
2026/10/08 13:59:22.934, 0 %, 45038 MiB, 100.94 W, 100.53 W, 203.81 W, 203.43 W, 345 MHz
2026/10/08 13:59:23.134, 0 %, 45038 MiB, 100.86 W, 101.39 W, 203.33 W, 203.36 W, 345 MHz
2026/10/08 13:59:23.334, 0 %, 45038 MiB, 100.69 W, 101.17 W, 202.85 W, 203.43 W, 345 MHz
2026/10/08 13:59:23.534, 0 %, 45038 MiB, 100.76 W, 100.68 W, 203.29 W, 203.43 W, 345 MHz
2026/10/08 13:59:23.735, 0 %, 45038 MiB, 100.75 W, 100.51 W, 202.98 W, 203.43 W, 345 MHz
2026/10/08 13:59:23.935, 0 %, 45038 MiB, 100.74 W, 101.72 W, 202.79 W, 204.35 W, 345 MHz
2026/10/08 13:59:24.135, 0 %, 45038 MiB, 100.73 W, 101.32 W, 202.62 W, 204.35 W, 345 MHz
2026/10/08 13:59:24.335, 0 %, 45038 MiB, 100.87 W, 101.49 W, 203.24 W, 204.40 W, 345 MHz
2026/10/08 13:59:24.536, 0 %, 45038 MiB, 100.96 W, 100.33 W, 203.57 W, 202.46 W, 345 MHz
2026/10/08 13:59:24.736, 0 %, 45038 MiB, 100.88 W, 100.62 W, 203.29 W, 201.62 W, 345 MHz
2026/10/08 13:59:24.937, 0 %, 45038 MiB, 100.84 W, 100.91 W, 203.27 W, 204.40 W, 345 MHz
2026/10/08 13:59:25.137, 0 %, 45038 MiB, 100.87 W, 100.46 W, 204.06 W, 205.38 W, 345 MHz
2026/10/08 13:59:25.337, 0 %, 45038 MiB, 100.90 W, 99.84 W, 204.26 W, 202.38 W, 345 MHz
2026/10/08 13:59:25.537, 0 %, 45038 MiB, 100.92 W, 101.47 W, 204.20 W, 205.38 W, 345 MHz
2026/10/08 13:59:25.738, 0 %, 45038 MiB, 100.95 W, 100.83 W, 204.65 W, 203.49 W, 345 MHz
2026/10/08 13:59:25.938, 0 %, 45038 MiB, 100.91 W, 100.80 W, 204.68 W, 203.43 W, 345 MHz
2026/10/08 13:59:26.139, 0 %, 45037 MiB, 100.92 W, 100.74 W, 204.48 W, 206.21 W, 345 MHz
2026/10/08 13:59:26.339, 0 %, 45037 MiB, 100.90 W, 101.76 W, 204.44 W, 207.32 W, 345 MHz
2026/10/08 13:59:26.540, 0 %, 45037 MiB, 100.78 W, 101.33 W, 204.40 W, 205.30 W, 345 MHz
2026/10/08 13:59:26.740, 0 %, 45037 MiB, 100.77 W, 100.76 W, 204.17 W, 204.48 W, 345 MHz
2026/10/08 13:59:26.940, 0 %, 45037 MiB, 100.80 W, 99.53 W, 204.40 W, 202.46 W, 345 MHz
2026/10/08 13:59:27.140, 0 %, 45037 MiB, 100.77 W, 100.82 W, 204.55 W, 205.30 W, 345 MHz
2026/10/08 13:59:27.340, 0 %, 45037 MiB, 100.70 W, 101.48 W, 204.47 W, 206.35 W, 345 MHz
2026/10/08 13:59:27.541, 0 %, 45037 MiB, 100.59 W, 100.89 W, 204.10 W, 205.24 W, 345 MHz
2026/10/08 13:59:27.741, 0 %, 45037 MiB, 100.55 W, 100.48 W, 204.15 W, 202.46 W, 345 MHz
2026/10/08 13:59:27.941, 0 %, 45125 MiB, 100.73 W, 104.55 W, 204.57 W, 213.09 W, 345 MHz
2026/10/08 13:59:28.142, 0 %, 45125 MiB, 101.06 W, 101.76 W, 205.61 W, 209.27 W, 345 MHz
2026/10/08 13:59:28.342, 0 %, 45125 MiB, 101.13 W, 101.09 W, 205.79 W, 207.32 W, 345 MHz
2026/10/08 13:59:28.542, 0 %, 45125 MiB, 101.31 W, 101.09 W, 206.17 W, 203.43 W, 345 MHz
2026/10/08 13:59:28.743, 0 %, 45125 MiB, 101.43 W, 99.80 W, 206.37 W, 201.54 W, 345 MHz
2026/10/08 13:59:28.944, 0 %, 45125 MiB, 101.26 W, 101.59 W, 205.79 W, 205.38 W, 345 MHz
2026/10/08 13:59:29.144, 0 %, 45122 MiB, 100.97 W, 100.86 W, 204.43 W, 203.43 W, 345 MHz
2026/10/08 13:59:29.344, 0 %, 45122 MiB, 100.96 W, 100.31 W, 204.35 W, 204.40 W, 345 MHz
2026/10/08 13:59:29.545, 0 %, 45122 MiB, 100.83 W, 100.89 W, 204.12 W, 203.30 W, 345 MHz
2026/10/08 13:59:29.745, 0 %, 45122 MiB, 100.72 W, 100.62 W, 203.97 W, 204.48 W, 345 MHz
2026/10/08 13:59:29.945, 0 %, 45122 MiB, 100.67 W, 101.22 W, 204.03 W, 204.40 W, 345 MHz
2026/10/08 13:59:30.145, 0 %, 45120 MiB, 100.47 W, 99.82 W, 203.40 W, 199.61 W, 345 MHz
2026/10/08 13:59:30.346, 0 %, 45119 MiB, 100.37 W, 100.51 W, 202.69 W, 202.46 W, 345 MHz
2026/10/08 13:59:30.546, 0 %, 45119 MiB, 100.36 W, 100.86 W, 202.50 W, 202.40 W, 345 MHz
2026/10/08 13:59:30.746, 0 %, 45119 MiB, 100.32 W, 101.20 W, 202.46 W, 204.40 W, 345 MHz
2026/10/08 13:59:30.947, 0 %, 45119 MiB, 100.31 W, 100.33 W, 202.19 W, 202.46 W, 345 MHz
2026/10/08 13:59:31.147, 0 %, 45117 MiB, 100.43 W, 100.76 W, 202.65 W, 202.32 W, 345 MHz
2026/10/08 13:59:31.347, 0 %, 45117 MiB, 100.38 W, 100.14 W, 202.71 W, 200.45 W, 345 MHz
2026/10/08 13:59:31.547, 0 %, 45117 MiB, 100.32 W, 100.68 W, 202.48 W, 203.37 W, 345 MHz
2026/10/08 13:59:31.748, 0 %, 45117 MiB, 100.32 W, 99.10 W, 202.33 W, 200.51 W, 345 MHz
2026/10/08 13:59:31.948, 0 %, 45117 MiB, 100.39 W, 100.22 W, 202.62 W, 203.51 W, 345 MHz
2026/10/08 13:59:32.148, 0 %, 45114 MiB, 100.33 W, 99.89 W, 202.32 W, 200.57 W, 345 MHz
2026/10/08 13:59:32.349, 0 %, 45113 MiB, 100.25 W, 100.90 W, 202.21 W, 203.43 W, 345 MHz
2026/10/08 13:59:32.549, 0 %, 45113 MiB, 100.26 W, 100.25 W, 202.22 W, 201.35 W, 345 MHz
2026/10/08 13:59:32.749, 0 %, 45113 MiB, 100.22 W, 100.33 W, 202.16 W, 203.43 W, 345 MHz
2026/10/08 13:59:32.950, 0 %, 45113 MiB, 100.17 W, 98.66 W, 201.96 W, 199.54 W, 345 MHz
2026/10/08 13:59:33.151, 0 %, 45112 MiB, 100.08 W, 99.93 W, 201.66 W, 200.44 W, 345 MHz
2026/10/08 13:59:33.351, 0 %, 45109 MiB, 100.04 W, 99.51 W, 201.31 W, 200.51 W, 345 MHz
2026/10/08 13:59:33.551, 0 %, 45109 MiB, 100.08 W, 100.06 W, 201.43 W, 201.35 W, 345 MHz
2026/10/08 13:59:33.751, 0 %, 45109 MiB, 100.09 W, 99.31 W, 201.37 W, 200.51 W, 345 MHz
2026/10/08 13:59:33.952, 0 %, 45109 MiB, 99.95 W, 99.82 W, 200.88 W, 200.64 W, 345 MHz
2026/10/08 13:59:34.152, 0 %, 45107 MiB, 99.92 W, 100.55 W, 200.91 W, 203.36 W, 345 MHz
2026/10/08 13:59:34.352, 0 %, 45105 MiB, 100.09 W, 100.86 W, 201.57 W, 202.46 W, 345 MHz
2026/10/08 13:59:34.553, 0 %, 45105 MiB, 100.00 W, 99.77 W, 201.22 W, 199.40 W, 345 MHz
2026/10/08 13:59:34.753, 0 %, 45105 MiB, 99.96 W, 100.67 W, 201.10 W, 202.38 W, 345 MHz
2026/10/08 13:59:34.953, 0 %, 45105 MiB, 100.11 W, 101.14 W, 201.58 W, 203.57 W, 345 MHz
2026/10/08 13:59:35.153, 0 %, 45103 MiB, 100.20 W, 99.72 W, 201.68 W, 199.54 W, 345 MHz
2026/10/08 13:59:35.353, 0 %, 45100 MiB, 99.97 W, 98.98 W, 200.84 W, 198.56 W, 345 MHz
2026/10/08 13:59:35.554, 0 %, 45100 MiB, 100.02 W, 99.91 W, 201.17 W, 202.32 W, 345 MHz
2026/10/08 13:59:35.754, 0 %, 45100 MiB, 100.02 W, 100.26 W, 201.41 W, 203.36 W, 345 MHz
2026/10/08 13:59:35.954, 0 %, 45100 MiB, 99.85 W, 98.33 W, 200.95 W, 196.74 W, 345 MHz
2026/10/08 13:59:36.154, 0 %, 45099 MiB, 99.67 W, 100.02 W, 200.49 W, 200.45 W, 345 MHz
2026/10/08 13:59:36.355, 0 %, 45095 MiB, 99.81 W, 100.11 W, 201.09 W, 202.40 W, 345 MHz
2026/10/08 13:59:36.555, 0 %, 45095 MiB, 99.85 W, 100.27 W, 201.11 W, 202.46 W, 345 MHz
2026/10/08 13:59:36.755, 0 %, 45095 MiB, 99.77 W, 98.76 W, 200.58 W, 198.56 W, 345 MHz
2026/10/08 13:59:36.957, 0 %, 45095 MiB, 99.68 W, 99.14 W, 200.42 W, 200.64 W, 345 MHz
2026/10/08 13:59:37.158, 0 %, 45094 MiB, 99.96 W, 100.20 W, 201.24 W, 202.46 W, 345 MHz
2026/10/08 13:59:37.358, 0 %, 45092 MiB, 99.97 W, 100.12 W, 201.15 W, 200.51 W, 345 MHz
2026/10/08 13:59:37.559, 0 %, 45092 MiB, 99.79 W, 99.59 W, 200.54 W, 199.54 W, 345 MHz
2026/10/08 13:59:37.759, 0 %, 45092 MiB, 99.76 W, 99.34 W, 200.59 W, 199.46 W, 345 MHz
2026/10/08 13:59:37.959, 0 %, 45092 MiB, 99.67 W, 98.56 W, 200.18 W, 196.74 W, 345 MHz
2026/10/08 13:59:38.160, 0 %, 45091 MiB, 99.52 W, 100.07 W, 199.70 W, 200.51 W, 345 MHz
2026/10/08 13:59:38.360, 0 %, 45089 MiB, 99.43 W, 100.44 W, 199.38 W, 201.48 W, 345 MHz
2026/10/08 13:59:38.560, 0 %, 45089 MiB, 99.52 W, 98.96 W, 199.63 W, 198.51 W, 345 MHz
2026/10/08 13:59:38.760, 0 %, 45089 MiB, 99.43 W, 98.54 W, 199.36 W, 196.56 W, 345 MHz
2026/10/08 13:59:38.961, 0 %, 45089 MiB, 99.45 W, 99.01 W, 199.39 W, 198.56 W, 345 MHz
2026/10/08 13:59:39.161, 0 %, 45088 MiB, 99.62 W, 101.58 W, 200.61 W, 210.18 W, 345 MHz
2026/10/08 13:59:39.361, 0 %, 45086 MiB, 99.88 W, 99.96 W, 202.26 W, 204.40 W, 345 MHz
2026/10/08 13:59:39.562, 0 %, 45084 MiB, 99.72 W, 97.79 W, 201.29 W, 192.77 W, 345 MHz
2026/10/08 13:59:39.762, 0 %, 45084 MiB, 99.69 W, 99.68 W, 200.35 W, 195.64 W, 345 MHz
2026/10/08 13:59:39.962, 0 %, 45084 MiB, 99.71 W, 100.54 W, 199.65 W, 197.59 W, 345 MHz
2026/10/08 13:59:40.198, 0 %, 45103 MiB, 99.61 W, 122.51 W, 196.09 W, 217.97 W, 1980 MHz
2026/10/08 13:59:40.399, 1 %, 45078 MiB, 110.51 W, 156.39 W, 205.88 W, 250.97 W, 1980 MHz
2026/10/08 13:59:40.600, 0 %, 45078 MiB, 118.25 W, 154.29 W, 213.61 W, 249.83 W, 1980 MHz
2026/10/08 13:59:40.809, 0 %, 45638 MiB, 129.65 W, 153.35 W, 225.33 W, 249.02 W, 1980 MHz
2026/10/08 13:59:41.009, 7 %, 45640 MiB, 147.37 W, 267.50 W, 243.20 W, 363.33 W, 1980 MHz
2026/10/08 13:59:41.210, 100 %, 45639 MiB, 180.43 W, 268.06 W, 275.96 W, 362.23 W, 1980 MHz
2026/10/08 13:59:41.410, 100 %, 45638 MiB, 206.56 W, 268.08 W, 302.56 W, 365.03 W, 1980 MHz
2026/10/08 13:59:41.610, 100 %, 45638 MiB, 228.84 W, 267.94 W, 325.39 W, 364.90 W, 1980 MHz
2026/10/08 13:59:41.810, 100 %, 45638 MiB, 251.19 W, 269.01 W, 347.95 W, 366.00 W, 1980 MHz
2026/10/08 13:59:42.010, 100 %, 45638 MiB, 268.29 W, 269.02 W, 364.85 W, 365.03 W, 1980 MHz
2026/10/08 13:59:42.211, 100 %, 45638 MiB, 268.51 W, 268.46 W, 365.62 W, 366.00 W, 1980 MHz
2026/10/08 13:59:42.411, 100 %, 45638 MiB, 268.63 W, 269.56 W, 365.86 W, 366.97 W, 1980 MHz
2026/10/08 13:59:42.611, 100 %, 45637 MiB, 268.72 W, 268.34 W, 365.75 W, 363.09 W, 1980 MHz
2026/10/08 13:59:42.811, 100 %, 45637 MiB, 268.83 W, 270.42 W, 365.65 W, 367.22 W, 1980 MHz
2026/10/08 13:59:43.011, 100 %, 45637 MiB, 268.81 W, 268.36 W, 365.40 W, 363.09 W, 1980 MHz
2026/10/08 13:59:43.212, 100 %, 45637 MiB, 268.82 W, 268.98 W, 365.07 W, 364.90 W, 1980 MHz
2026/10/08 13:59:43.412, 100 %, 45637 MiB, 268.88 W, 268.89 W, 364.76 W, 363.33 W, 1980 MHz
2026/10/08 13:59:43.612, 100 %, 45637 MiB, 268.85 W, 269.15 W, 364.64 W, 365.03 W, 1980 MHz
2026/10/08 13:59:43.812, 100 %, 45637 MiB, 268.88 W, 268.21 W, 364.36 W, 362.36 W, 1980 MHz
2026/10/08 13:59:44.013, 100 %, 45637 MiB, 269.05 W, 269.03 W, 364.54 W, 364.06 W, 1980 MHz
2026/10/08 13:59:44.213, 100 %, 45637 MiB, 269.03 W, 267.95 W, 364.50 W, 363.09 W, 1980 MHz
2026/10/08 13:59:44.413, 100 %, 45637 MiB, 269.05 W, 270.30 W, 364.38 W, 366.11 W, 1980 MHz
2026/10/08 13:59:44.613, 100 %, 45637 MiB, 269.01 W, 269.46 W, 364.02 W, 363.09 W, 1980 MHz
2026/10/08 13:59:44.814, 100 %, 45637 MiB, 269.12 W, 270.17 W, 364.33 W, 366.97 W, 1980 MHz
2026/10/08 13:59:45.014, 100 %, 45637 MiB, 269.06 W, 268.34 W, 364.35 W, 362.12 W, 1980 MHz
2026/10/08 13:59:45.214, 100 %, 45636 MiB, 269.14 W, 269.70 W, 364.38 W, 365.03 W, 1980 MHz
2026/10/08 13:59:45.414, 100 %, 45636 MiB, 269.21 W, 270.40 W, 364.51 W, 366.00 W, 1980 MHz
2026/10/08 13:59:45.615, 100 %, 45636 MiB, 269.18 W, 268.03 W, 364.57 W, 363.09 W, 1980 MHz
2026/10/08 13:59:45.815, 100 %, 45636 MiB, 269.14 W, 268.70 W, 364.59 W, 366.11 W, 1980 MHz
2026/10/08 13:59:46.015, 100 %, 45635 MiB, 269.25 W, 269.82 W, 365.34 W, 368.91 W, 1980 MHz
2026/10/08 13:59:46.215, 100 %, 45635 MiB, 269.34 W, 270.03 W, 366.04 W, 368.92 W, 1980 MHz
2026/10/08 13:59:46.415, 100 %, 45635 MiB, 269.29 W, 269.83 W, 366.70 W, 369.02 W, 1980 MHz
2026/10/08 13:59:46.615, 100 %, 45635 MiB, 269.50 W, 268.93 W, 367.63 W, 366.97 W, 1980 MHz
2026/10/08 13:59:46.816, 100 %, 45635 MiB, 269.64 W, 269.39 W, 368.48 W, 367.21 W, 1980 MHz
2026/10/08 13:59:47.016, 100 %, 45635 MiB, 269.66 W, 270.60 W, 368.42 W, 370.86 W, 1980 MHz
2026/10/08 13:59:47.216, 100 %, 45634 MiB, 269.77 W, 270.17 W, 368.52 W, 367.94 W, 1980 MHz
2026/10/08 13:59:47.416, 100 %, 45634 MiB, 269.86 W, 268.60 W, 368.51 W, 366.97 W, 1980 MHz
2026/10/08 13:59:47.616, 100 %, 45634 MiB, 269.92 W, 270.37 W, 368.57 W, 367.94 W, 1980 MHz
2026/10/08 13:59:47.816, 100 %, 45634 MiB, 269.90 W, 270.36 W, 368.38 W, 369.16 W, 1980 MHz
2026/10/08 13:59:48.016, 100 %, 45634 MiB, 269.88 W, 269.95 W, 368.41 W, 369.02 W, 1980 MHz
2026/10/08 13:59:48.216, 100 %, 45634 MiB, 269.84 W, 269.07 W, 368.45 W, 367.94 W, 1980 MHz
2026/10/08 13:59:48.417, 100 %, 45634 MiB, 269.87 W, 269.56 W, 368.57 W, 367.46 W, 1980 MHz
2026/10/08 13:59:48.617, 100 %, 45634 MiB, 269.89 W, 270.51 W, 368.46 W, 369.89 W, 1980 MHz
2026/10/08 13:59:48.817, 100 %, 45625 MiB, 269.89 W, 269.99 W, 368.42 W, 368.05 W, 1980 MHz
2026/10/08 13:59:49.017, 100 %, 45625 MiB, 269.89 W, 269.81 W, 368.52 W, 369.05 W, 1980 MHz
2026/10/08 13:59:49.217, 100 %, 45625 MiB, 269.95 W, 269.03 W, 368.45 W, 366.97 W, 1980 MHz
2026/10/08 13:59:49.417, 100 %, 45625 MiB, 269.90 W, 270.03 W, 368.59 W, 369.89 W, 1980 MHz
2026/10/08 13:59:49.618, 100 %, 45625 MiB, 269.89 W, 270.52 W, 368.84 W, 370.86 W, 1980 MHz
2026/10/08 13:59:49.818, 100 %, 45625 MiB, 269.98 W, 270.48 W, 369.21 W, 368.92 W, 1980 MHz
2026/10/08 13:59:50.018, 100 %, 45625 MiB, 270.07 W, 269.90 W, 369.48 W, 369.02 W, 1980 MHz
2026/10/08 13:59:50.218, 100 %, 45624 MiB, 270.13 W, 270.07 W, 369.75 W, 369.75 W, 1980 MHz
2026/10/08 13:59:50.418, 100 %, 45624 MiB, 270.16 W, 270.87 W, 369.75 W, 370.86 W, 1980 MHz
2026/10/08 13:59:50.618, 100 %, 45624 MiB, 270.22 W, 270.80 W, 369.88 W, 370.61 W, 1980 MHz
2026/10/08 13:59:50.818, 100 %, 45624 MiB, 270.24 W, 270.25 W, 369.96 W, 369.89 W, 1980 MHz
2026/10/08 13:59:51.019, 100 %, 45624 MiB, 270.31 W, 269.91 W, 370.05 W, 369.16 W, 1980 MHz
2026/10/08 13:59:51.219, 100 %, 45624 MiB, 270.15 W, 270.47 W, 369.86 W, 370.73 W, 1980 MHz
2026/10/08 13:59:51.419, 100 %, 45624 MiB, 270.17 W, 270.26 W, 369.97 W, 370.13 W, 1980 MHz
2026/10/08 13:59:51.619, 100 %, 45624 MiB, 270.12 W, 269.55 W, 369.95 W, 368.91 W, 1980 MHz
2026/10/08 13:59:51.820, 100 %, 45624 MiB, 270.19 W, 270.73 W, 370.00 W, 370.86 W, 1980 MHz
2026/10/08 13:59:52.020, 100 %, 45624 MiB, 270.10 W, 269.85 W, 369.87 W, 370.13 W, 1980 MHz
2026/10/08 13:59:52.220, 100 %, 45624 MiB, 270.11 W, 270.10 W, 369.96 W, 369.89 W, 1980 MHz
2026/10/08 13:59:52.421, 100 %, 45624 MiB, 270.20 W, 269.80 W, 370.12 W, 369.89 W, 1980 MHz
2026/10/08 13:59:52.622, 100 %, 45624 MiB, 270.20 W, 269.56 W, 370.10 W, 368.91 W, 1980 MHz
2026/10/08 13:59:52.822, 100 %, 45623 MiB, 270.20 W, 270.71 W, 370.31 W, 372.80 W, 1980 MHz
2026/10/08 13:59:53.022, 100 %, 45623 MiB, 270.17 W, 269.77 W, 370.41 W, 370.13 W, 1980 MHz
2026/10/08 13:59:53.222, 100 %, 45623 MiB, 270.36 W, 270.61 W, 370.69 W, 370.61 W, 1980 MHz
2026/10/08 13:59:53.423, 100 %, 45622 MiB, 270.38 W, 270.03 W, 370.83 W, 369.89 W, 1980 MHz
2026/10/08 13:59:53.623, 100 %, 45622 MiB, 270.45 W, 270.42 W, 370.99 W, 370.86 W, 1980 MHz
2026/10/08 13:59:53.823, 100 %, 45622 MiB, 270.42 W, 270.92 W, 370.90 W, 371.71 W, 1980 MHz
2026/10/08 13:59:54.023, 100 %, 45622 MiB, 270.52 W, 270.89 W, 370.93 W, 372.07 W, 1980 MHz
2026/10/08 13:59:54.224, 100 %, 45622 MiB, 270.59 W, 270.01 W, 371.14 W, 369.75 W, 1980 MHz
2026/10/08 13:59:54.424, 100 %, 45622 MiB, 270.71 W, 270.51 W, 371.30 W, 371.83 W, 1980 MHz
2026/10/08 13:59:54.624, 100 %, 45622 MiB, 270.70 W, 270.79 W, 371.29 W, 371.83 W, 1980 MHz
2026/10/08 13:59:54.825, 100 %, 45622 MiB, 270.73 W, 269.95 W, 371.45 W, 369.89 W, 1980 MHz
2026/10/08 13:59:55.028, 100 %, 45622 MiB, 270.70 W, 270.22 W, 371.51 W, 370.13 W, 1980 MHz
2026/10/08 13:59:55.229, 100 %, 45622 MiB, 270.59 W, 270.24 W, 371.32 W, 370.86 W, 1980 MHz
2026/10/08 13:59:55.429, 100 %, 45622 MiB, 270.46 W, 270.82 W, 371.13 W, 371.83 W, 1980 MHz
2026/10/08 13:59:55.629, 100 %, 45622 MiB, 270.42 W, 270.07 W, 371.08 W, 370.86 W, 1980 MHz
2026/10/08 13:59:55.829, 100 %, 45621 MiB, 270.49 W, 270.78 W, 371.06 W, 370.86 W, 1980 MHz
2026/10/08 13:59:56.029, 100 %, 45621 MiB, 270.69 W, 270.84 W, 371.38 W, 371.94 W, 1980 MHz
2026/10/08 13:59:56.230, 100 %, 45621 MiB, 270.82 W, 271.53 W, 371.55 W, 373.64 W, 1980 MHz
2026/10/08 13:59:56.430, 100 %, 45621 MiB, 270.85 W, 270.24 W, 371.58 W, 370.86 W, 1980 MHz
2026/10/08 13:59:56.630, 100 %, 45621 MiB, 270.82 W, 269.74 W, 371.54 W, 369.75 W, 1980 MHz
2026/10/08 13:59:56.830, 100 %, 45621 MiB, 270.79 W, 270.58 W, 371.59 W, 371.83 W, 1980 MHz
2026/10/08 13:59:57.031, 100 %, 45621 MiB, 270.70 W, 271.23 W, 371.42 W, 372.80 W, 1980 MHz
2026/10/08 13:59:57.231, 100 %, 45620 MiB, 270.66 W, 271.22 W, 371.36 W, 372.67 W, 1980 MHz
2026/10/08 13:59:57.431, 100 %, 45620 MiB, 270.71 W, 271.28 W, 371.47 W, 371.83 W, 1980 MHz
2026/10/08 13:59:57.631, 100 %, 45620 MiB, 270.81 W, 270.61 W, 371.70 W, 371.83 W, 1980 MHz
2026/10/08 13:59:57.831, 100 %, 45620 MiB, 270.72 W, 271.32 W, 371.60 W, 373.64 W, 1980 MHz
2026/10/08 13:59:58.031, 100 %, 45620 MiB, 270.65 W, 270.90 W, 371.46 W, 371.83 W, 1980 MHz
2026/10/08 13:59:58.232, 100 %, 45620 MiB, 270.58 W, 270.09 W, 371.42 W, 370.86 W, 1980 MHz
2026/10/08 13:59:58.432, 100 %, 45620 MiB, 270.62 W, 270.71 W, 371.56 W, 371.83 W, 1980 MHz
2026/10/08 13:59:58.632, 100 %, 45620 MiB, 270.54 W, 271.30 W, 371.49 W, 372.80 W, 1980 MHz
2026/10/08 13:59:58.832, 100 %, 45620 MiB, 270.52 W, 270.63 W, 371.52 W, 372.07 W, 1980 MHz
2026/10/08 13:59:59.033, 100 %, 45620 MiB, 270.62 W, 271.01 W, 371.73 W, 371.94 W, 1980 MHz
2026/10/08 13:59:59.233, 100 %, 45619 MiB, 270.67 W, 271.61 W, 371.80 W, 372.55 W, 1980 MHz
2026/10/08 13:59:59.433, 100 %, 45619 MiB, 270.58 W, 270.63 W, 371.54 W, 371.83 W, 1980 MHz
2026/10/08 13:59:59.633, 100 %, 45619 MiB, 270.67 W, 270.91 W, 371.52 W, 371.83 W, 1980 MHz
2026/10/08 13:59:59.834, 100 %, 45619 MiB, 270.70 W, 270.16 W, 371.55 W, 370.86 W, 1980 MHz
2026/10/08 14:00:00.034, 100 %, 45619 MiB, 270.60 W, 270.23 W, 371.33 W, 369.89 W, 1980 MHz
2026/10/08 14:00:00.234, 100 %, 45619 MiB, 270.68 W, 271.21 W, 371.45 W, 371.70 W, 1980 MHz
2026/10/08 14:00:00.434, 100 %, 45618 MiB, 270.70 W, 271.52 W, 371.58 W, 373.89 W, 1980 MHz
2026/10/08 14:00:00.634, 100 %, 45618 MiB, 270.55 W, 269.87 W, 371.54 W, 370.86 W, 1980 MHz
2026/10/08 14:00:00.835, 100 %, 45618 MiB, 270.57 W, 270.76 W, 371.56 W, 370.72 W, 1980 MHz
2026/10/08 14:00:01.035, 100 %, 45618 MiB, 270.56 W, 269.63 W, 371.48 W, 369.89 W, 1980 MHz
2026/10/08 14:00:01.235, 100 %, 45618 MiB, 270.45 W, 271.54 W, 371.35 W, 372.67 W, 1980 MHz
2026/10/08 14:00:01.435, 100 %, 45618 MiB, 270.49 W, 271.66 W, 371.38 W, 372.80 W, 1980 MHz
2026/10/08 14:00:01.636, 100 %, 45618 MiB, 270.55 W, 270.78 W, 371.40 W, 371.83 W, 1980 MHz
2026/10/08 14:00:01.836, 100 %, 45618 MiB, 270.59 W, 269.73 W, 371.46 W, 370.00 W, 1980 MHz
2026/10/08 14:00:02.036, 100 %, 45618 MiB, 270.64 W, 271.13 W, 371.73 W, 371.94 W, 1980 MHz
2026/10/08 14:00:02.237, 100 %, 45617 MiB, 270.70 W, 270.47 W, 371.77 W, 370.61 W, 1980 MHz
2026/10/08 14:00:02.438, 100 %, 45617 MiB, 270.69 W, 270.11 W, 371.74 W, 370.86 W, 1980 MHz
2026/10/08 14:00:02.638, 100 %, 45617 MiB, 270.72 W, 269.73 W, 371.74 W, 370.72 W, 1980 MHz
2026/10/08 14:00:02.838, 100 %, 45617 MiB, 270.68 W, 270.79 W, 371.76 W, 371.83 W, 1980 MHz
2026/10/08 14:00:03.038, 100 %, 45617 MiB, 270.58 W, 270.99 W, 371.56 W, 372.80 W, 1980 MHz
2026/10/08 14:00:03.239, 100 %, 45608 MiB, 270.50 W, 270.25 W, 371.45 W, 370.86 W, 1980 MHz
2026/10/08 14:00:03.440, 100 %, 45607 MiB, 270.41 W, 270.59 W, 371.32 W, 371.10 W, 1980 MHz
2026/10/08 14:00:03.640, 100 %, 45607 MiB, 270.31 W, 270.26 W, 371.17 W, 370.86 W, 1980 MHz
2026/10/08 14:00:03.840, 100 %, 45607 MiB, 270.15 W, 270.51 W, 370.78 W, 371.70 W, 1980 MHz
2026/10/08 14:00:04.040, 100 %, 45607 MiB, 270.09 W, 269.64 W, 370.68 W, 370.86 W, 1980 MHz
2026/10/08 14:00:04.241, 100 %, 45607 MiB, 270.04 W, 269.94 W, 370.71 W, 370.73 W, 1980 MHz
2026/10/08 14:00:04.441, 100 %, 45607 MiB, 270.07 W, 270.06 W, 370.71 W, 369.16 W, 1980 MHz
2026/10/08 14:00:04.641, 100 %, 45607 MiB, 270.07 W, 270.59 W, 370.61 W, 371.83 W, 1980 MHz
2026/10/08 14:00:04.842, 100 %, 45607 MiB, 270.16 W, 270.91 W, 370.73 W, 371.83 W, 1980 MHz
2026/10/08 14:00:05.043, 100 %, 45607 MiB, 270.35 W, 270.23 W, 370.86 W, 369.89 W, 1980 MHz
2026/10/08 14:00:05.243, 100 %, 45607 MiB, 270.36 W, 270.10 W, 370.73 W, 370.61 W, 1980 MHz
2026/10/08 14:00:05.443, 100 %, 45607 MiB, 270.29 W, 270.40 W, 370.74 W, 372.07 W, 1980 MHz
2026/10/08 14:00:05.643, 100 %, 45606 MiB, 270.30 W, 270.97 W, 370.90 W, 370.86 W, 1980 MHz
2026/10/08 14:00:05.844, 100 %, 45606 MiB, 270.42 W, 270.15 W, 371.04 W, 369.89 W, 1980 MHz
2026/10/08 14:00:06.044, 100 %, 45606 MiB, 270.37 W, 269.45 W, 370.94 W, 368.92 W, 1980 MHz
2026/10/08 14:00:06.245, 100 %, 45606 MiB, 270.31 W, 270.71 W, 370.90 W, 371.94 W, 1980 MHz
2026/10/08 14:00:06.445, 100 %, 45606 MiB, 270.46 W, 270.35 W, 370.96 W, 371.10 W, 1980 MHz
2026/10/08 14:00:06.646, 100 %, 45606 MiB, 270.53 W, 270.78 W, 371.04 W, 371.83 W, 1980 MHz
2026/10/08 14:00:06.846, 100 %, 45606 MiB, 270.45 W, 269.67 W, 370.88 W, 368.92 W, 1980 MHz
2026/10/08 14:00:07.046, 100 %, 45606 MiB, 270.42 W, 271.03 W, 371.08 W, 373.77 W, 1980 MHz
2026/10/08 14:00:07.246, 100 %, 45606 MiB, 270.63 W, 271.98 W, 371.74 W, 375.83 W, 1980 MHz
2026/10/08 14:00:07.447, 100 %, 45606 MiB, 270.62 W, 269.93 W, 372.19 W, 371.94 W, 1980 MHz
2026/10/08 14:00:07.647, 100 %, 45606 MiB, 270.63 W, 270.47 W, 372.45 W, 370.86 W, 1980 MHz
2026/10/08 14:00:07.847, 100 %, 45606 MiB, 270.64 W, 270.17 W, 372.73 W, 370.86 W, 1980 MHz
2026/10/08 14:00:08.048, 100 %, 45605 MiB, 270.66 W, 270.82 W, 372.97 W, 372.80 W, 1980 MHz
2026/10/08 14:00:08.248, 100 %, 45605 MiB, 270.52 W, 270.30 W, 372.72 W, 371.58 W, 1980 MHz
2026/10/08 14:00:08.448, 100 %, 45605 MiB, 270.44 W, 270.05 W, 372.45 W, 372.07 W, 1980 MHz
2026/10/08 14:00:08.648, 100 %, 45605 MiB, 270.41 W, 271.05 W, 372.51 W, 372.80 W, 1980 MHz
2026/10/08 14:00:08.849, 100 %, 45605 MiB, 270.49 W, 272.06 W, 372.98 W, 376.68 W, 1980 MHz
2026/10/08 14:00:09.049, 100 %, 45605 MiB, 270.54 W, 269.67 W, 373.46 W, 374.74 W, 1980 MHz
2026/10/08 14:00:09.249, 100 %, 45605 MiB, 270.64 W, 270.13 W, 373.95 W, 374.85 W, 1980 MHz
2026/10/08 14:00:09.449, 100 %, 45605 MiB, 270.76 W, 270.59 W, 374.33 W, 372.07 W, 1980 MHz
2026/10/08 14:00:09.651, 100 %, 45605 MiB, 270.75 W, 270.49 W, 374.22 W, 371.70 W, 1980 MHz
2026/10/08 14:00:09.851, 100 %, 45605 MiB, 270.69 W, 270.24 W, 373.77 W, 372.80 W, 1980 MHz
2026/10/08 14:00:10.052, 100 %, 45605 MiB, 270.69 W, 271.31 W, 373.47 W, 375.71 W, 1980 MHz
2026/10/08 14:00:10.253, 100 %, 45605 MiB, 270.79 W, 270.43 W, 373.75 W, 374.63 W, 1980 MHz
2026/10/08 14:00:10.453, 100 %, 45605 MiB, 270.76 W, 269.12 W, 373.82 W, 370.86 W, 1980 MHz
2026/10/08 14:00:10.653, 100 %, 45604 MiB, 270.78 W, 271.41 W, 374.02 W, 376.68 W, 1980 MHz
2026/10/08 14:00:10.853, 100 %, 45604 MiB, 270.67 W, 271.26 W, 374.13 W, 375.71 W, 1980 MHz
2026/10/08 14:00:11.054, 100 %, 45604 MiB, 270.74 W, 270.73 W, 374.34 W, 373.77 W, 1980 MHz
2026/10/08 14:00:11.254, 100 %, 45604 MiB, 270.60 W, 270.00 W, 373.95 W, 372.67 W, 1980 MHz
2026/10/08 14:00:11.455, 100 %, 45604 MiB, 270.64 W, 269.94 W, 374.02 W, 372.80 W, 1980 MHz
2026/10/08 14:00:11.655, 100 %, 45604 MiB, 270.70 W, 271.17 W, 374.12 W, 375.71 W, 1980 MHz
2026/10/08 14:00:11.855, 100 %, 45603 MiB, 270.33 W, 269.89 W, 373.92 W, 369.89 W, 1980 MHz
2026/10/08 14:00:12.055, 99 %, 45603 MiB, 270.23 W, 269.93 W, 373.15 W, 372.07 W, 1980 MHz
2026/10/08 14:00:12.255, 100 %, 45603 MiB, 270.33 W, 270.40 W, 372.89 W, 372.80 W, 1980 MHz
2026/10/08 14:00:12.456, 100 %, 45603 MiB, 270.35 W, 269.89 W, 372.83 W, 371.83 W, 1980 MHz
2026/10/08 14:00:12.656, 100 %, 45603 MiB, 270.29 W, 271.50 W, 372.76 W, 374.49 W, 1980 MHz
2026/10/08 14:00:12.856, 100 %, 45603 MiB, 270.78 W, 271.08 W, 373.04 W, 373.77 W, 1980 MHz
2026/10/08 14:00:13.056, 100 %, 45603 MiB, 270.91 W, 270.92 W, 373.69 W, 374.99 W, 1980 MHz
2026/10/08 14:00:13.256, 100 %, 45603 MiB, 270.89 W, 271.34 W, 373.86 W, 373.77 W, 1980 MHz
2026/10/08 14:00:13.457, 100 %, 45603 MiB, 270.86 W, 270.86 W, 373.86 W, 373.88 W, 1980 MHz
2026/10/08 14:00:13.657, 100 %, 45603 MiB, 270.98 W, 270.99 W, 374.06 W, 376.68 W, 1980 MHz
2026/10/08 14:00:13.857, 100 %, 45603 MiB, 270.92 W, 269.90 W, 374.07 W, 371.70 W, 1980 MHz
2026/10/08 14:00:14.057, 100 %, 45603 MiB, 270.79 W, 271.51 W, 373.76 W, 373.77 W, 1980 MHz
2026/10/08 14:00:14.257, 100 %, 45603 MiB, 270.83 W, 271.91 W, 373.82 W, 374.61 W, 1980 MHz
2026/10/08 14:00:14.458, 100 %, 45603 MiB, 270.85 W, 271.22 W, 374.06 W, 373.77 W, 1980 MHz
2026/10/08 14:00:14.658, 100 %, 45603 MiB, 270.84 W, 270.16 W, 373.93 W, 372.80 W, 1980 MHz
2026/10/08 14:00:14.858, 100 %, 45603 MiB, 270.83 W, 270.04 W, 373.88 W, 372.80 W, 1980 MHz
2026/10/08 14:00:15.058, 100 %, 45603 MiB, 270.81 W, 270.82 W, 374.08 W, 375.24 W, 1980 MHz
2026/10/08 14:00:15.258, 100 %, 45602 MiB, 270.66 W, 270.46 W, 374.07 W, 374.74 W, 1980 MHz
2026/10/08 14:00:15.458, 100 %, 45602 MiB, 270.68 W, 270.31 W, 374.11 W, 374.02 W, 1980 MHz
2026/10/08 14:00:15.659, 100 %, 45602 MiB, 270.66 W, 270.84 W, 374.13 W, 373.52 W, 1980 MHz
2026/10/08 14:00:15.859, 100 %, 45602 MiB, 270.77 W, 271.66 W, 374.35 W, 375.71 W, 1980 MHz
2026/10/08 14:00:16.059, 100 %, 45602 MiB, 270.86 W, 272.10 W, 374.67 W, 378.74 W, 1980 MHz
2026/10/08 14:00:16.259, 100 %, 45602 MiB, 270.94 W, 269.97 W, 374.92 W, 372.80 W, 1980 MHz
2026/10/08 14:00:16.459, 100 %, 45602 MiB, 270.86 W, 270.40 W, 374.85 W, 372.91 W, 1980 MHz
2026/10/08 14:00:16.659, 100 %, 45602 MiB, 270.70 W, 271.60 W, 374.62 W, 375.71 W, 1980 MHz
2026/10/08 14:00:16.860, 100 %, 45601 MiB, 270.65 W, 270.91 W, 374.42 W, 373.77 W, 1980 MHz
2026/10/08 14:00:17.060, 100 %, 45601 MiB, 270.59 W, 270.65 W, 374.23 W, 374.74 W, 1980 MHz
2026/10/08 14:00:17.260, 100 %, 45601 MiB, 270.56 W, 269.93 W, 373.89 W, 372.80 W, 1980 MHz
2026/10/08 14:00:17.460, 100 %, 45601 MiB, 270.58 W, 271.68 W, 373.77 W, 374.99 W, 1980 MHz
2026/10/08 14:00:17.660, 100 %, 45601 MiB, 270.67 W, 271.22 W, 373.92 W, 373.77 W, 1980 MHz
2026/10/08 14:00:17.860, 100 %, 45601 MiB, 270.74 W, 270.92 W, 374.18 W, 374.74 W, 1980 MHz
2026/10/08 14:00:18.061, 100 %, 45601 MiB, 270.91 W, 271.44 W, 374.68 W, 375.71 W, 1980 MHz
2026/10/08 14:00:18.261, 100 %, 45600 MiB, 270.98 W, 271.27 W, 374.95 W, 375.71 W, 1980 MHz
2026/10/08 14:00:18.461, 100 %, 45600 MiB, 271.12 W, 271.78 W, 375.26 W, 375.96 W, 1980 MHz
2026/10/08 14:00:18.661, 100 %, 45600 MiB, 271.19 W, 270.83 W, 375.27 W, 373.64 W, 1980 MHz
2026/10/08 14:00:18.861, 100 %, 45600 MiB, 271.14 W, 270.77 W, 375.13 W, 374.61 W, 1980 MHz
2026/10/08 14:00:19.062, 100 %, 45600 MiB, 271.26 W, 271.34 W, 375.53 W, 377.65 W, 1980 MHz
2026/10/08 14:00:19.262, 100 %, 45600 MiB, 271.24 W, 271.12 W, 375.74 W, 377.65 W, 1980 MHz
2026/10/08 14:00:19.462, 100 %, 45600 MiB, 271.30 W, 271.18 W, 376.00 W, 374.74 W, 1980 MHz
2026/10/08 14:00:19.662, 100 %, 45600 MiB, 271.39 W, 272.20 W, 376.67 W, 379.46 W, 1980 MHz
2026/10/08 14:00:19.862, 100 %, 45600 MiB, 271.52 W, 270.90 W, 377.18 W, 375.71 W, 1980 MHz
2026/10/08 14:00:20.062, 100 %, 45600 MiB, 271.45 W, 272.70 W, 377.16 W, 380.57 W, 1980 MHz
2026/10/08 14:00:20.265, 100 %, 45600 MiB, 271.53 W, 271.51 W, 377.44 W, 377.40 W, 1980 MHz
2026/10/08 14:00:20.465, 100 %, 45600 MiB, 271.50 W, 271.77 W, 377.77 W, 378.62 W, 1980 MHz
2026/10/08 14:00:20.665, 100 %, 45600 MiB, 271.51 W, 270.04 W, 377.83 W, 374.61 W, 1980 MHz
2026/10/08 14:00:20.865, 100 %, 45599 MiB, 268.99 W, 172.74 W, 375.33 W, 278.89 W, 1980 MHz
2026/10/08 14:00:21.069, 0 %, 45043 MiB, 246.56 W, 156.11 W, 352.77 W, 260.94 W, 1980 MHz
2026/10/08 14:00:21.270, 0 %, 45043 MiB, 223.95 W, 155.57 W, 329.95 W, 260.52 W, 1980 MHz
2026/10/08 14:00:21.470, 0 %, 45043 MiB, 201.31 W, 155.18 W, 307.02 W, 259.72 W, 1980 MHz
2026/10/08 14:00:21.670, 0 %, 45043 MiB, 176.88 W, 156.46 W, 282.31 W, 260.52 W, 1980 MHz
2026/10/08 14:00:21.870, 0 %, 45043 MiB, 156.63 W, 155.88 W, 261.88 W, 258.67 W, 1980 MHz
2026/10/08 14:00:22.070, 0 %, 45043 MiB, 156.08 W, 155.15 W, 260.93 W, 259.72 W, 1980 MHz
2026/10/08 14:00:22.271, 0 %, 45042 MiB, 156.04 W, 155.79 W, 261.05 W, 262.46 W, 1980 MHz
2026/10/08 14:00:22.471, 0 %, 45042 MiB, 156.06 W, 156.93 W, 261.32 W, 264.41 W, 1980 MHz
2026/10/08 14:00:22.671, 0 %, 45042 MiB, 151.55 W, 101.41 W, 257.21 W, 209.27 W, 525 MHz
2026/10/08 14:00:22.871, 0 %, 45042 MiB, 140.59 W, 99.83 W, 246.52 W, 204.40 W, 480 MHz
2026/10/08 14:00:23.071, 0 %, 45042 MiB, 129.77 W, 101.71 W, 236.09 W, 207.25 W, 435 MHz
2026/10/08 14:00:23.272, 0 %, 45042 MiB, 119.60 W, 101.55 W, 225.92 W, 208.22 W, 405 MHz
2026/10/08 14:00:23.472, 0 %, 45042 MiB, 107.88 W, 101.20 W, 214.05 W, 208.30 W, 360 MHz
2026/10/08 14:00:23.672, 0 %, 45042 MiB, 101.21 W, 100.34 W, 206.91 W, 204.35 W, 345 MHz
2026/10/08 14:00:23.873, 0 %, 45042 MiB, 101.11 W, 100.17 W, 206.60 W, 205.24 W, 345 MHz
2026/10/08 14:00:24.073, 0 %, 45042 MiB, 101.12 W, 101.56 W, 206.98 W, 210.25 W, 345 MHz
2026/10/08 14:00:24.273, 0 %, 45042 MiB, 101.10 W, 103.04 W, 207.24 W, 211.22 W, 345 MHz
2026/10/08 14:00:24.473, 0 %, 45042 MiB, 101.11 W, 100.58 W, 207.33 W, 206.29 W, 345 MHz
2026/10/08 14:00:24.674, 0 %, 45042 MiB, 101.19 W, 101.63 W, 207.66 W, 208.30 W, 345 MHz
2026/10/08 14:00:24.874, 0 %, 45042 MiB, 101.38 W, 101.66 W, 208.29 W, 208.30 W, 345 MHz
2026/10/08 14:00:25.074, 0 %, 45042 MiB, 101.42 W, 102.56 W, 208.28 W, 212.13 W, 345 MHz
2026/10/08 14:00:25.274, 0 %, 45041 MiB, 101.31 W, 100.91 W, 207.81 W, 208.24 W, 345 MHz
2026/10/08 14:00:25.475, 0 %, 45041 MiB, 101.27 W, 100.71 W, 207.77 W, 208.30 W, 345 MHz
2026/10/08 14:00:25.675, 0 %, 45041 MiB, 101.35 W, 100.57 W, 208.27 W, 207.32 W, 345 MHz
2026/10/08 14:00:25.876, 0 %, 45041 MiB, 101.32 W, 101.47 W, 208.55 W, 210.25 W, 345 MHz
2026/10/08 14:00:26.076, 0 %, 45143 MiB, 101.47 W, 102.35 W, 208.77 W, 211.02 W, 345 MHz
2026/10/08 14:00:26.276, 0 %, 45146 MiB, 101.65 W, 101.67 W, 209.28 W, 208.24 W, 345 MHz
2026/10/08 14:00:26.476, 0 %, 45146 MiB, 101.72 W, 101.84 W, 209.24 W, 207.32 W, 345 MHz
2026/10/08 14:00:26.677, 0 %, 45145 MiB, 101.63 W, 101.38 W, 208.72 W, 207.19 W, 345 MHz
2026/10/08 14:00:26.878, 0 %, 45145 MiB, 101.53 W, 101.78 W, 208.02 W, 208.30 W, 345 MHz
2026/10/08 14:00:27.079, 0 %, 45145 MiB, 101.31 W, 100.78 W, 207.43 W, 208.30 W, 345 MHz
2026/10/08 14:00:27.279, 0 %, 45139 MiB, 101.18 W, 100.02 W, 206.87 W, 203.37 W, 345 MHz
2026/10/08 14:00:27.479, 0 %, 45139 MiB, 101.02 W, 100.51 W, 206.49 W, 205.38 W, 345 MHz
2026/10/08 14:00:27.679, 0 %, 45139 MiB, 101.02 W, 101.76 W, 206.62 W, 209.27 W, 345 MHz
2026/10/08 14:00:27.880, 0 %, 45139 MiB, 100.98 W, 100.68 W, 206.76 W, 207.25 W, 345 MHz
2026/10/08 14:00:28.080, 0 %, 45139 MiB, 100.86 W, 100.23 W, 206.11 W, 204.33 W, 345 MHz
2026/10/08 14:00:28.280, 0 %, 45133 MiB, 100.67 W, 100.51 W, 205.46 W, 203.37 W, 345 MHz
2026/10/08 14:00:28.481, 0 %, 45133 MiB, 100.61 W, 101.60 W, 205.10 W, 206.49 W, 345 MHz
2026/10/08 14:00:28.681, 0 %, 45133 MiB, 100.61 W, 101.10 W, 204.86 W, 206.35 W, 345 MHz
2026/10/08 14:00:28.881, 0 %, 45133 MiB, 100.72 W, 101.24 W, 204.79 W, 207.19 W, 345 MHz
2026/10/08 14:00:29.081, 0 %, 45133 MiB, 100.70 W, 99.77 W, 204.98 W, 202.32 W, 345 MHz
2026/10/08 14:00:29.282, 0 %, 45126 MiB, 100.76 W, 101.48 W, 204.91 W, 205.24 W, 345 MHz
2026/10/08 14:00:29.482, 0 %, 45126 MiB, 100.76 W, 100.73 W, 205.28 W, 206.41 W, 345 MHz
2026/10/08 14:00:29.682, 0 %, 45126 MiB, 100.67 W, 100.34 W, 205.31 W, 205.38 W, 345 MHz
2026/10/08 14:00:29.882, 0 %, 45126 MiB, 100.58 W, 99.76 W, 205.18 W, 203.37 W, 345 MHz
2026/10/08 14:00:30.083, 0 %, 45126 MiB, 100.57 W, 101.34 W, 205.10 W, 205.38 W, 345 MHz
2026/10/08 14:00:30.294, 0 %, 45119 MiB, 100.59 W, 101.37 W, 205.43 W, 207.32 W, 345 MHz
2026/10/08 14:00:30.495, 0 %, 45119 MiB, 100.67 W, 100.46 W, 205.64 W, 206.35 W, 345 MHz
2026/10/08 14:00:30.696, 0 %, 45119 MiB, 100.62 W, 99.22 W, 205.36 W, 202.46 W, 345 MHz
2026/10/08 14:00:30.896, 0 %, 45119 MiB, 100.57 W, 100.96 W, 205.09 W, 204.35 W, 345 MHz
2026/10/08 14:00:31.096, 0 %, 45119 MiB, 100.50 W, 100.76 W, 204.82 W, 205.30 W, 345 MHz
2026/10/08 14:00:31.296, 0 %, 45113 MiB, 100.36 W, 99.91 W, 204.45 W, 203.35 W, 345 MHz
2026/10/08 14:00:31.496, 0 %, 45113 MiB, 100.31 W, 100.36 W, 204.03 W, 203.51 W, 345 MHz
2026/10/08 14:00:31.697, 0 %, 45113 MiB, 100.33 W, 100.16 W, 203.86 W, 203.43 W, 345 MHz
2026/10/08 14:00:31.897, 0 %, 45113 MiB, 100.24 W, 101.05 W, 203.58 W, 204.33 W, 345 MHz
2026/10/08 14:00:32.098, 0 %, 45113 MiB, 100.28 W, 99.90 W, 203.99 W, 204.40 W, 345 MHz
2026/10/08 14:00:32.298, 0 %, 45107 MiB, 100.34 W, 99.87 W, 204.05 W, 203.30 W, 345 MHz
2026/10/08 14:00:32.498, 0 %, 45107 MiB, 100.31 W, 99.91 W, 203.94 W, 202.53 W, 345 MHz
2026/10/08 14:00:32.698, 0 %, 45107 MiB, 100.20 W, 100.79 W, 203.64 W, 203.43 W, 345 MHz
2026/10/08 14:00:32.899, 0 %, 45107 MiB, 100.18 W, 100.05 W, 203.48 W, 202.40 W, 345 MHz
2026/10/08 14:00:33.099, 0 %, 45107 MiB, 100.12 W, 99.59 W, 202.97 W, 201.48 W, 345 MHz
2026/10/08 14:00:33.299, 0 %, 45101 MiB, 100.00 W, 99.16 W, 202.54 W, 200.51 W, 345 MHz
2026/10/08 14:00:33.500, 0 %, 45101 MiB, 99.89 W, 100.51 W, 202.18 W, 202.51 W, 345 MHz
2026/10/08 14:00:33.700, 0 %, 45101 MiB, 99.86 W, 100.01 W, 201.96 W, 202.46 W, 345 MHz
2026/10/08 14:00:33.900, 0 %, 45101 MiB, 99.89 W, 99.72 W, 201.96 W, 201.35 W, 345 MHz
2026/10/08 14:00:34.101, 0 %, 45101 MiB, 99.89 W, 100.25 W, 201.94 W, 202.46 W, 345 MHz
2026/10/08 14:00:34.301, 0 %, 45097 MiB, 100.00 W, 100.13 W, 202.11 W, 202.32 W, 345 MHz
2026/10/08 14:00:34.501, 0 %, 45097 MiB, 100.07 W, 101.37 W, 202.23 W, 205.38 W, 345 MHz
2026/10/08 14:00:34.702, 0 %, 45097 MiB, 100.18 W, 100.21 W, 202.40 W, 202.53 W, 345 MHz
2026/10/08 14:00:34.903, 0 %, 45097 MiB, 100.20 W, 99.72 W, 202.50 W, 202.32 W, 345 MHz
2026/10/08 14:00:35.103, 0 %, 45096 MiB, 100.25 W, 100.10 W, 202.63 W, 202.40 W, 345 MHz
2026/10/08 14:00:35.303, 0 %, 45092 MiB, 100.18 W, 100.30 W, 202.54 W, 203.36 W, 345 MHz
2026/10/08 14:00:35.503, 0 %, 45092 MiB, 100.17 W, 99.83 W, 202.63 W, 202.46 W, 345 MHz
2026/10/08 14:00:35.703, 0 %, 45092 MiB, 100.11 W, 99.54 W, 202.69 W, 201.49 W, 345 MHz
2026/10/08 14:00:35.904, 0 %, 45092 MiB, 100.06 W, 99.37 W, 202.63 W, 201.48 W, 345 MHz
2026/10/08 14:00:36.104, 0 %, 45092 MiB, 99.95 W, 100.04 W, 202.51 W, 203.43 W, 345 MHz
2026/10/08 14:00:36.304, 0 %, 45088 MiB, 99.91 W, 99.40 W, 202.50 W, 201.35 W, 345 MHz
2026/10/08 14:00:36.504, 0 %, 45076 MiB, 99.94 W, 99.96 W, 202.57 W, 202.46 W, 345 MHz
2026/10/08 14:00:36.705, 0 %, 45076 MiB, 99.94 W, 99.78 W, 202.52 W, 201.48 W, 345 MHz
2026/10/08 14:00:36.905, 0 %, 45076 MiB, 99.95 W, 101.03 W, 202.69 W, 203.36 W, 345 MHz
2026/10/08 14:00:37.105, 0 %, 45076 MiB, 99.98 W, 101.15 W, 202.60 W, 203.43 W, 345 MHz
2026/10/08 14:00:37.305, 0 %, 45076 MiB, 100.01 W, 99.65 W, 202.58 W, 201.43 W, 345 MHz
2026/10/08 14:00:37.506, 0 %, 45076 MiB, 99.93 W, 99.43 W, 202.38 W, 201.48 W, 345 MHz
2026/10/08 14:00:37.706, 0 %, 45076 MiB, 99.91 W, 100.22 W, 202.17 W, 202.59 W, 345 MHz
2026/10/08 14:00:37.906, 0 %, 45076 MiB, 99.85 W, 99.91 W, 201.80 W, 202.32 W, 345 MHz
2026/10/08 14:00:38.106, 0 %, 45076 MiB, 99.88 W, 99.89 W, 201.84 W, 201.43 W, 345 MHz
2026/10/08 14:00:38.307, 0 %, 45073 MiB, 99.90 W, 100.05 W, 201.87 W, 203.36 W, 345 MHz
2026/10/08 14:00:38.507, 0 %, 45073 MiB, 99.95 W, 99.50 W, 201.96 W, 200.51 W, 345 MHz
2026/10/08 14:00:38.707, 0 %, 45073 MiB, 99.85 W, 100.31 W, 201.67 W, 201.54 W, 345 MHz
2026/10/08 14:00:38.907, 0 %, 45073 MiB, 99.85 W, 99.68 W, 201.57 W, 200.64 W, 345 MHz
2026/10/08 14:00:39.107, 0 %, 45073 MiB, 99.77 W, 99.42 W, 201.34 W, 200.51 W, 345 MHz
2026/10/08 14:00:39.308, 0 %, 45070 MiB, 99.76 W, 100.13 W, 201.24 W, 201.43 W, 345 MHz
2026/10/08 14:00:39.508, 0 %, 45070 MiB, 99.71 W, 100.20 W, 200.94 W, 202.46 W, 345 MHz
2026/10/08 14:00:39.708, 0 %, 45070 MiB, 99.81 W, 99.51 W, 201.20 W, 200.64 W, 345 MHz
2026/10/08 14:00:39.908, 0 %, 45070 MiB, 99.84 W, 99.24 W, 201.21 W, 200.51 W, 345 MHz
2026/10/08 14:00:40.109, 0 %, 45070 MiB, 99.85 W, 99.30 W, 201.21 W, 199.54 W, 345 MHz
2026/10/08 14:00:40.309, 0 %, 45068 MiB, 99.81 W, 99.80 W, 201.10 W, 201.48 W, 345 MHz
2026/10/08 14:00:40.509, 0 %, 45068 MiB, 99.71 W, 99.79 W, 200.89 W, 200.51 W, 345 MHz
2026/10/08 14:00:40.709, 0 %, 45068 MiB, 99.64 W, 99.47 W, 200.71 W, 200.64 W, 345 MHz
2026/10/08 14:00:40.910, 0 %, 45068 MiB, 99.57 W, 98.76 W, 200.67 W, 198.43 W, 345 MHz
2026/10/08 14:00:41.110, 0 %, 45068 MiB, 99.57 W, 100.43 W, 200.67 W, 203.30 W, 345 MHz
2026/10/08 14:00:41.391, 0 %, 45084 MiB, 99.69 W, 99.70 W, 200.90 W, 200.45 W, 1980 MHz
2026/10/08 14:00:41.593, 1 %, 45061 MiB, 110.41 W, 156.39 W, 211.45 W, 256.80 W, 1980 MHz
2026/10/08 14:00:41.796, 1 %, 45061 MiB, 118.99 W, 155.33 W, 219.82 W, 255.83 W, 1980 MHz
2026/10/08 14:00:42.005, 0 %, 45622 MiB, 129.95 W, 155.53 W, 230.74 W, 257.77 W, 1980 MHz
2026/10/08 14:00:42.205, 2 %, 45625 MiB, 153.22 W, 344.62 W, 254.21 W, 444.20 W, 1980 MHz
2026/10/08 14:00:42.405, 100 %, 45624 MiB, 203.42 W, 348.01 W, 304.46 W, 449.58 W, 1980 MHz
2026/10/08 14:00:42.605, 100 %, 45624 MiB, 243.77 W, 345.89 W, 345.09 W, 448.90 W, 1980 MHz
2026/10/08 14:00:42.805, 100 %, 45624 MiB, 281.64 W, 344.90 W, 383.23 W, 445.03 W, 1980 MHz
2026/10/08 14:00:43.006, 100 %, 45624 MiB, 316.48 W, 346.77 W, 418.41 W, 448.90 W, 1980 MHz
2026/10/08 14:00:43.207, 100 %, 45622 MiB, 345.08 W, 347.55 W, 446.89 W, 450.98 W, 1980 MHz
2026/10/08 14:00:43.408, 100 %, 45622 MiB, 345.47 W, 348.34 W, 447.29 W, 450.98 W, 1980 MHz
2026/10/08 14:00:43.608, 100 %, 45622 MiB, 345.97 W, 346.41 W, 447.95 W, 447.26 W, 1980 MHz
2026/10/08 14:00:43.808, 100 %, 45622 MiB, 346.48 W, 349.48 W, 448.70 W, 453.75 W, 1980 MHz
2026/10/08 14:00:44.008, 100 %, 45622 MiB, 347.25 W, 352.58 W, 449.52 W, 453.90 W, 1980 MHz
2026/10/08 14:00:44.209, 100 %, 45619 MiB, 348.69 W, 355.69 W, 452.22 W, 466.36 W, 1980 MHz
2026/10/08 14:00:44.410, 100 %, 45619 MiB, 350.18 W, 352.47 W, 454.77 W, 453.61 W, 1980 MHz
2026/10/08 14:00:44.610, 100 %, 45619 MiB, 351.25 W, 352.49 W, 456.04 W, 453.90 W, 1980 MHz
2026/10/08 14:00:44.811, 100 %, 45619 MiB, 352.40 W, 355.68 W, 457.07 W, 458.60 W, 1980 MHz
2026/10/08 14:00:45.011, 100 %, 45619 MiB, 353.05 W, 354.08 W, 457.62 W, 456.66 W, 1980 MHz
2026/10/08 14:00:45.211, 100 %, 45618 MiB, 353.06 W, 353.88 W, 456.32 W, 454.87 W, 1980 MHz
2026/10/08 14:00:45.411, 100 %, 45617 MiB, 352.91 W, 352.90 W, 455.17 W, 454.72 W, 1980 MHz
2026/10/08 14:00:45.612, 100 %, 45617 MiB, 353.16 W, 354.46 W, 455.36 W, 455.69 W, 1980 MHz
2026/10/08 14:00:45.812, 100 %, 45617 MiB, 353.21 W, 356.42 W, 455.51 W, 460.54 W, 1980 MHz
2026/10/08 14:00:46.012, 100 %, 45617 MiB, 353.31 W, 355.28 W, 455.52 W, 457.63 W, 1980 MHz
2026/10/08 14:00:46.212, 100 %, 45616 MiB, 353.44 W, 356.04 W, 455.73 W, 456.66 W, 1980 MHz
2026/10/08 14:00:46.413, 100 %, 45616 MiB, 353.53 W, 356.22 W, 455.90 W, 458.60 W, 1980 MHz
2026/10/08 14:00:46.613, 100 %, 45616 MiB, 353.57 W, 356.03 W, 455.52 W, 457.63 W, 1980 MHz
2026/10/08 14:00:46.813, 100 %, 45616 MiB, 353.68 W, 354.05 W, 455.54 W, 454.72 W, 1980 MHz
2026/10/08 14:00:47.013, 100 %, 45616 MiB, 353.84 W, 354.38 W, 455.80 W, 456.80 W, 1980 MHz
2026/10/08 14:00:47.213, 100 %, 45615 MiB, 353.90 W, 354.39 W, 455.90 W, 454.56 W, 1980 MHz
2026/10/08 14:00:47.413, 100 %, 45615 MiB, 354.00 W, 356.53 W, 456.05 W, 460.38 W, 1980 MHz
2026/10/08 14:00:47.614, 100 %, 45615 MiB, 353.91 W, 354.62 W, 456.27 W, 456.66 W, 1980 MHz
2026/10/08 14:00:47.814, 100 %, 45615 MiB, 354.00 W, 356.89 W, 456.42 W, 458.60 W, 1980 MHz
2026/10/08 14:00:48.014, 100 %, 45614 MiB, 353.99 W, 356.62 W, 456.45 W, 461.51 W, 1980 MHz
2026/10/08 14:00:48.214, 100 %, 45614 MiB, 353.97 W, 355.69 W, 456.31 W, 457.77 W, 1980 MHz
2026/10/08 14:00:48.416, 100 %, 45614 MiB, 353.96 W, 356.78 W, 456.12 W, 458.44 W, 1980 MHz
2026/10/08 14:00:48.617, 100 %, 45614 MiB, 354.10 W, 357.31 W, 456.26 W, 463.59 W, 1980 MHz
2026/10/08 14:00:48.817, 100 %, 45613 MiB, 354.09 W, 354.43 W, 456.39 W, 455.69 W, 1980 MHz
2026/10/08 14:00:49.017, 100 %, 45613 MiB, 354.34 W, 354.33 W, 456.78 W, 455.69 W, 1980 MHz
2026/10/08 14:00:49.217, 100 %, 45613 MiB, 354.34 W, 355.72 W, 456.72 W, 460.54 W, 1980 MHz
2026/10/08 14:00:49.418, 100 %, 45613 MiB, 354.39 W, 355.06 W, 456.91 W, 457.63 W, 1980 MHz
2026/10/08 14:00:49.618, 100 %, 45613 MiB, 354.37 W, 355.68 W, 456.94 W, 457.94 W, 1980 MHz
2026/10/08 14:00:49.818, 100 %, 45613 MiB, 354.40 W, 356.43 W, 456.81 W, 460.54 W, 1980 MHz
2026/10/08 14:00:50.018, 100 %, 45613 MiB, 354.17 W, 355.36 W, 456.79 W, 459.41 W, 1980 MHz
2026/10/08 14:00:50.219, 100 %, 45613 MiB, 354.25 W, 357.11 W, 457.07 W, 461.51 W, 1980 MHz
2026/10/08 14:00:50.419, 100 %, 45613 MiB, 354.23 W, 353.76 W, 457.01 W, 454.56 W, 1980 MHz
2026/10/08 14:00:50.619, 100 %, 45613 MiB, 354.31 W, 355.49 W, 457.04 W, 457.93 W, 1980 MHz
2026/10/08 14:00:50.819, 100 %, 45613 MiB, 354.09 W, 355.61 W, 456.82 W, 460.02 W, 1980 MHz
2026/10/08 14:00:51.020, 100 %, 45613 MiB, 354.11 W, 354.90 W, 456.51 W, 455.69 W, 1980 MHz
2026/10/08 14:00:51.220, 100 %, 45612 MiB, 354.19 W, 356.65 W, 456.57 W, 460.68 W, 1980 MHz
2026/10/08 14:00:51.420, 100 %, 45612 MiB, 354.11 W, 354.75 W, 456.50 W, 455.55 W, 1980 MHz
2026/10/08 14:00:51.620, 100 %, 45612 MiB, 354.16 W, 358.10 W, 456.57 W, 461.65 W, 1980 MHz
2026/10/08 14:00:51.821, 100 %, 45612 MiB, 354.19 W, 355.48 W, 456.34 W, 456.66 W, 1980 MHz
2026/10/08 14:00:52.021, 100 %, 45612 MiB, 354.28 W, 355.84 W, 456.36 W, 459.41 W, 1980 MHz
2026/10/08 14:00:52.221, 100 %, 45612 MiB, 354.13 W, 355.04 W, 456.01 W, 456.66 W, 1980 MHz
2026/10/08 14:00:52.421, 100 %, 45612 MiB, 354.16 W, 355.32 W, 455.88 W, 455.53 W, 1980 MHz
2026/10/08 14:00:52.621, 100 %, 45612 MiB, 353.99 W, 357.39 W, 455.58 W, 460.68 W, 1980 MHz
2026/10/08 14:00:52.822, 100 %, 45611 MiB, 354.11 W, 354.97 W, 455.78 W, 458.60 W, 1980 MHz
2026/10/08 14:00:53.022, 100 %, 45611 MiB, 354.00 W, 353.88 W, 455.88 W, 453.75 W, 1980 MHz
2026/10/08 14:00:53.222, 100 %, 45611 MiB, 354.24 W, 356.20 W, 456.14 W, 458.60 W, 1980 MHz
2026/10/08 14:00:53.422, 100 %, 45611 MiB, 354.34 W, 355.68 W, 456.22 W, 458.44 W, 1980 MHz
2026/10/08 14:00:53.622, 100 %, 45611 MiB, 354.49 W, 355.42 W, 456.28 W, 455.69 W, 1980 MHz
2026/10/08 14:00:53.823, 100 %, 45611 MiB, 354.56 W, 355.90 W, 456.12 W, 458.07 W, 1980 MHz
2026/10/08 14:00:54.023, 100 %, 45611 MiB, 354.50 W, 355.13 W, 455.51 W, 454.72 W, 1980 MHz
2026/10/08 14:00:54.223, 100 %, 45610 MiB, 354.52 W, 357.44 W, 455.29 W, 458.60 W, 1980 MHz
2026/10/08 14:00:54.423, 100 %, 45610 MiB, 354.29 W, 356.70 W, 454.88 W, 459.57 W, 1980 MHz
2026/10/08 14:00:54.624, 100 %, 45610 MiB, 354.19 W, 355.32 W, 454.47 W, 455.53 W, 1980 MHz
2026/10/08 14:00:54.824, 100 %, 45610 MiB, 354.11 W, 353.92 W, 454.45 W, 452.92 W, 1980 MHz
2026/10/08 14:00:55.024, 100 %, 45610 MiB, 354.09 W, 357.45 W, 454.18 W, 458.60 W, 1980 MHz
2026/10/08 14:00:55.224, 100 %, 45610 MiB, 353.93 W, 355.04 W, 453.88 W, 453.75 W, 1980 MHz
2026/10/08 14:00:55.425, 100 %, 45610 MiB, 354.05 W, 354.91 W, 454.03 W, 455.69 W, 1980 MHz
2026/10/08 14:00:55.625, 100 %, 45610 MiB, 354.10 W, 356.63 W, 454.16 W, 458.60 W, 1980 MHz
2026/10/08 14:00:55.825, 100 %, 45610 MiB, 354.09 W, 355.65 W, 453.93 W, 455.99 W, 1980 MHz
2026/10/08 14:00:56.025, 100 %, 45610 MiB, 354.33 W, 357.59 W, 454.63 W, 463.45 W, 1980 MHz
2026/10/08 14:00:56.226, 100 %, 45610 MiB, 354.34 W, 355.13 W, 454.90 W, 456.66 W, 1980 MHz
2026/10/08 14:00:56.426, 100 %, 45610 MiB, 354.38 W, 354.42 W, 454.86 W, 453.75 W, 1980 MHz
2026/10/08 14:00:56.626, 100 %, 45610 MiB, 354.40 W, 355.66 W, 455.00 W, 455.69 W, 1980 MHz
2026/10/08 14:00:56.826, 100 %, 45610 MiB, 354.31 W, 356.69 W, 455.05 W, 457.93 W, 1980 MHz
2026/10/08 14:00:57.026, 100 %, 45610 MiB, 354.20 W, 354.62 W, 454.57 W, 452.78 W, 1980 MHz
2026/10/08 14:00:57.227, 100 %, 45609 MiB, 354.20 W, 354.82 W, 454.47 W, 456.50 W, 1980 MHz
2026/10/08 14:00:57.427, 100 %, 45609 MiB, 354.19 W, 356.77 W, 454.48 W, 458.60 W, 1980 MHz
2026/10/08 14:00:57.627, 100 %, 45609 MiB, 354.15 W, 354.92 W, 454.26 W, 454.56 W, 1980 MHz
2026/10/08 14:00:57.827, 100 %, 45609 MiB, 354.35 W, 355.69 W, 454.42 W, 455.02 W, 1980 MHz
2026/10/08 14:00:58.028, 100 %, 45609 MiB, 354.45 W, 356.71 W, 454.58 W, 458.60 W, 1980 MHz
2026/10/08 14:00:58.228, 100 %, 45609 MiB, 354.45 W, 355.84 W, 454.49 W, 454.72 W, 1980 MHz
2026/10/08 14:00:58.428, 100 %, 45609 MiB, 354.60 W, 357.65 W, 454.65 W, 459.57 W, 1980 MHz
2026/10/08 14:00:58.628, 100 %, 45609 MiB, 354.61 W, 356.30 W, 454.79 W, 456.66 W, 1980 MHz
2026/10/08 14:00:58.829, 100 %, 45609 MiB, 354.73 W, 355.36 W, 454.95 W, 453.89 W, 1980 MHz
2026/10/08 14:00:59.029, 100 %, 45609 MiB, 354.66 W, 354.49 W, 455.19 W, 453.74 W, 1980 MHz
2026/10/08 14:00:59.229, 100 %, 45608 MiB, 354.70 W, 356.70 W, 455.23 W, 457.63 W, 1980 MHz
2026/10/08 14:00:59.429, 100 %, 45608 MiB, 354.66 W, 354.47 W, 455.24 W, 455.69 W, 1980 MHz
2026/10/08 14:00:59.630, 100 %, 45608 MiB, 354.76 W, 356.40 W, 455.36 W, 456.50 W, 1980 MHz
2026/10/08 14:00:59.830, 100 %, 45608 MiB, 354.61 W, 356.66 W, 455.23 W, 457.93 W, 1980 MHz
2026/10/08 14:01:00.030, 100 %, 45608 MiB, 354.54 W, 356.37 W, 454.94 W, 458.60 W, 1980 MHz
2026/10/08 14:01:00.230, 100 %, 45608 MiB, 354.56 W, 356.00 W, 454.94 W, 455.69 W, 1980 MHz
2026/10/08 14:01:00.431, 100 %, 45608 MiB, 354.50 W, 356.38 W, 455.02 W, 458.74 W, 1980 MHz
2026/10/08 14:01:00.631, 100 %, 45608 MiB, 354.48 W, 355.29 W, 454.74 W, 454.56 W, 1980 MHz
2026/10/08 14:01:00.831, 100 %, 45608 MiB, 354.68 W, 355.39 W, 454.99 W, 454.86 W, 1980 MHz
2026/10/08 14:01:01.031, 100 %, 45608 MiB, 354.70 W, 356.33 W, 455.05 W, 456.66 W, 1980 MHz
2026/10/08 14:01:01.232, 100 %, 45608 MiB, 354.76 W, 355.65 W, 455.23 W, 458.90 W, 1980 MHz
2026/10/08 14:01:01.432, 100 %, 45608 MiB, 354.68 W, 355.91 W, 455.19 W, 456.50 W, 1980 MHz
2026/10/08 14:01:01.632, 100 %, 45608 MiB, 354.68 W, 356.15 W, 455.31 W, 455.53 W, 1980 MHz
2026/10/08 14:01:01.832, 100 %, 45608 MiB, 354.53 W, 355.19 W, 455.07 W, 455.83 W, 1980 MHz
2026/10/08 14:01:02.033, 100 %, 45608 MiB, 354.75 W, 357.83 W, 455.29 W, 458.44 W, 1980 MHz
2026/10/08 14:01:02.233, 100 %, 45607 MiB, 354.87 W, 357.99 W, 455.34 W, 459.57 W, 1980 MHz
2026/10/08 14:01:02.433, 100 %, 45607 MiB, 355.06 W, 355.89 W, 455.44 W, 455.69 W, 1980 MHz
2026/10/08 14:01:02.634, 100 %, 45607 MiB, 355.18 W, 356.60 W, 455.61 W, 456.66 W, 1980 MHz
2026/10/08 14:01:02.834, 100 %, 45607 MiB, 355.14 W, 356.08 W, 455.66 W, 456.66 W, 1980 MHz
2026/10/08 14:01:03.034, 100 %, 45607 MiB, 355.13 W, 356.75 W, 455.55 W, 457.63 W, 1980 MHz
2026/10/08 14:01:03.234, 100 %, 45607 MiB, 355.03 W, 355.40 W, 455.53 W, 454.56 W, 1980 MHz
2026/10/08 14:01:03.435, 100 %, 45607 MiB, 355.00 W, 357.06 W, 455.60 W, 460.54 W, 1980 MHz
2026/10/08 14:01:03.635, 100 %, 45607 MiB, 354.89 W, 354.21 W, 455.45 W, 452.48 W, 1980 MHz
2026/10/08 14:01:03.835, 100 %, 45607 MiB, 355.17 W, 355.34 W, 455.71 W, 455.69 W, 1980 MHz
2026/10/08 14:01:04.035, 100 %, 45607 MiB, 355.14 W, 355.23 W, 455.84 W, 455.69 W, 1980 MHz
2026/10/08 14:01:04.236, 100 %, 45607 MiB, 355.15 W, 357.79 W, 455.95 W, 459.05 W, 1980 MHz
2026/10/08 14:01:04.436, 100 %, 45607 MiB, 355.08 W, 356.93 W, 455.85 W, 458.60 W, 1980 MHz
2026/10/08 14:01:04.636, 100 %, 45607 MiB, 355.12 W, 357.11 W, 456.01 W, 457.63 W, 1980 MHz
2026/10/08 14:01:04.837, 100 %, 45606 MiB, 355.03 W, 358.00 W, 456.12 W, 460.54 W, 1980 MHz
2026/10/08 14:01:05.037, 100 %, 45606 MiB, 354.90 W, 357.17 W, 456.01 W, 459.41 W, 1980 MHz
2026/10/08 14:01:05.237, 100 %, 45606 MiB, 354.95 W, 356.48 W, 455.97 W, 456.50 W, 1980 MHz
2026/10/08 14:01:05.438, 100 %, 45606 MiB, 354.98 W, 357.05 W, 456.04 W, 459.57 W, 1980 MHz
2026/10/08 14:01:05.638, 100 %, 45606 MiB, 355.10 W, 356.90 W, 455.97 W, 456.50 W, 1980 MHz
2026/10/08 14:01:05.839, 100 %, 45606 MiB, 355.12 W, 358.23 W, 456.09 W, 460.68 W, 1980 MHz
2026/10/08 14:01:06.039, 100 %, 45606 MiB, 355.17 W, 356.33 W, 456.05 W, 457.63 W, 1980 MHz
2026/10/08 14:01:06.239, 100 %, 45606 MiB, 355.21 W, 357.91 W, 456.39 W, 459.41 W, 1980 MHz
2026/10/08 14:01:06.439, 100 %, 45606 MiB, 355.25 W, 357.36 W, 456.42 W, 459.41 W, 1980 MHz
2026/10/08 14:01:06.640, 100 %, 45606 MiB, 355.16 W, 355.19 W, 456.37 W, 454.72 W, 1980 MHz
2026/10/08 14:01:06.840, 100 %, 45606 MiB, 355.03 W, 357.46 W, 456.19 W, 459.71 W, 1980 MHz
2026/10/08 14:01:07.040, 100 %, 45606 MiB, 355.02 W, 355.49 W, 456.08 W, 454.72 W, 1980 MHz
2026/10/08 14:01:07.241, 100 %, 45606 MiB, 354.91 W, 356.33 W, 455.74 W, 456.44 W, 1980 MHz
2026/10/08 14:01:07.441, 100 %, 45606 MiB, 355.00 W, 356.97 W, 455.78 W, 457.93 W, 1980 MHz
2026/10/08 14:01:07.641, 100 %, 45606 MiB, 354.86 W, 356.71 W, 455.52 W, 458.60 W, 1980 MHz
2026/10/08 14:01:07.841, 100 %, 45605 MiB, 355.03 W, 355.82 W, 455.66 W, 455.69 W, 1980 MHz
2026/10/08 14:01:08.042, 100 %, 45605 MiB, 355.02 W, 356.57 W, 455.69 W, 457.63 W, 1980 MHz
2026/10/08 14:01:08.242, 100 %, 45605 MiB, 355.08 W, 355.55 W, 455.68 W, 455.02 W, 1980 MHz
2026/10/08 14:01:08.442, 100 %, 45605 MiB, 355.09 W, 359.36 W, 455.74 W, 462.62 W, 1980 MHz
2026/10/08 14:01:08.643, 100 %, 45605 MiB, 355.08 W, 356.99 W, 455.72 W, 457.63 W, 1980 MHz
2026/10/08 14:01:08.843, 100 %, 45605 MiB, 355.07 W, 355.20 W, 455.64 W, 453.89 W, 1980 MHz
2026/10/08 14:01:09.043, 100 %, 45605 MiB, 355.09 W, 357.33 W, 455.69 W, 458.60 W, 1980 MHz
2026/10/08 14:01:09.243, 100 %, 45605 MiB, 355.16 W, 356.78 W, 455.64 W, 456.96 W, 1980 MHz
2026/10/08 14:01:09.444, 100 %, 45605 MiB, 355.07 W, 355.31 W, 455.53 W, 454.87 W, 1980 MHz
2026/10/08 14:01:09.644, 100 %, 45605 MiB, 355.18 W, 357.31 W, 455.62 W, 458.60 W, 1980 MHz
2026/10/08 14:01:09.844, 100 %, 45604 MiB, 355.13 W, 353.77 W, 455.61 W, 451.81 W, 1980 MHz
2026/10/08 14:01:10.044, 100 %, 45604 MiB, 355.26 W, 357.15 W, 455.74 W, 458.44 W, 1980 MHz
2026/10/08 14:01:10.245, 100 %, 45604 MiB, 355.24 W, 356.11 W, 455.71 W, 456.96 W, 1980 MHz
2026/10/08 14:01:10.445, 100 %, 45604 MiB, 355.27 W, 354.09 W, 455.70 W, 453.76 W, 1980 MHz
2026/10/08 14:01:10.647, 100 %, 45604 MiB, 355.27 W, 353.51 W, 455.70 W, 453.89 W, 1980 MHz
2026/10/08 14:01:10.847, 100 %, 45604 MiB, 355.42 W, 354.76 W, 455.84 W, 454.73 W, 1980 MHz
2026/10/08 14:01:11.047, 100 %, 45604 MiB, 355.35 W, 354.14 W, 455.87 W, 455.53 W, 1980 MHz
2026/10/08 14:01:11.247, 100 %, 45604 MiB, 355.30 W, 354.62 W, 455.76 W, 455.70 W, 1980 MHz
2026/10/08 14:01:11.448, 100 %, 45604 MiB, 355.17 W, 354.19 W, 455.70 W, 455.53 W, 1980 MHz
2026/10/08 14:01:11.648, 100 %, 45604 MiB, 355.16 W, 354.28 W, 455.76 W, 455.02 W, 1980 MHz
2026/10/08 14:01:11.848, 100 %, 45604 MiB, 355.20 W, 354.14 W, 455.83 W, 453.75 W, 1980 MHz
2026/10/08 14:01:12.048, 100 %, 45604 MiB, 355.11 W, 355.32 W, 455.74 W, 457.47 W, 1980 MHz
2026/10/08 14:01:12.249, 100 %, 45604 MiB, 355.12 W, 353.47 W, 455.67 W, 452.62 W, 1980 MHz
2026/10/08 14:01:12.449, 100 %, 45604 MiB, 355.20 W, 354.43 W, 455.80 W, 456.66 W, 1980 MHz
2026/10/08 14:01:12.649, 100 %, 45604 MiB, 355.26 W, 353.51 W, 455.86 W, 453.08 W, 1980 MHz
2026/10/08 14:01:12.849, 100 %, 45604 MiB, 355.26 W, 353.22 W, 455.96 W, 452.92 W, 1980 MHz
2026/10/08 14:01:13.050, 100 %, 45604 MiB, 355.30 W, 354.08 W, 455.93 W, 455.02 W, 1980 MHz
2026/10/08 14:01:13.250, 100 %, 45604 MiB, 355.32 W, 350.58 W, 456.05 W, 447.93 W, 1980 MHz
2026/10/08 14:01:13.450, 100 %, 45604 MiB, 355.36 W, 353.14 W, 456.01 W, 452.92 W, 1980 MHz
2026/10/08 14:01:13.650, 100 %, 45604 MiB, 355.28 W, 352.58 W, 455.72 W, 450.84 W, 1980 MHz
2026/10/08 14:01:13.851, 100 %, 45603 MiB, 355.16 W, 354.01 W, 455.49 W, 455.01 W, 1980 MHz
2026/10/08 14:01:14.051, 100 %, 45603 MiB, 355.31 W, 352.39 W, 455.58 W, 450.84 W, 1980 MHz
2026/10/08 14:01:14.251, 100 %, 45603 MiB, 355.31 W, 354.47 W, 455.49 W, 455.83 W, 1980 MHz
2026/10/08 14:01:14.451, 100 %, 45603 MiB, 355.34 W, 353.32 W, 455.58 W, 453.59 W, 1980 MHz
2026/10/08 14:01:14.652, 100 %, 45603 MiB, 355.23 W, 353.93 W, 455.39 W, 452.93 W, 1980 MHz
2026/10/08 14:01:14.852, 100 %, 45603 MiB, 355.39 W, 353.58 W, 455.42 W, 453.08 W, 1980 MHz
2026/10/08 14:01:15.052, 100 %, 45603 MiB, 355.29 W, 353.24 W, 455.34 W, 452.63 W, 1980 MHz
2026/10/08 14:01:15.252, 100 %, 45603 MiB, 355.35 W, 353.61 W, 455.28 W, 452.92 W, 1980 MHz
2026/10/08 14:01:15.453, 100 %, 45603 MiB, 355.37 W, 355.60 W, 455.21 W, 455.54 W, 1980 MHz
2026/10/08 14:01:15.653, 100 %, 45603 MiB, 355.59 W, 354.66 W, 455.33 W, 453.76 W, 1980 MHz
2026/10/08 14:01:15.853, 100 %, 45603 MiB, 355.58 W, 353.13 W, 455.29 W, 453.08 W, 1980 MHz
2026/10/08 14:01:16.053, 100 %, 45603 MiB, 355.64 W, 354.95 W, 455.40 W, 454.87 W, 1980 MHz
2026/10/08 14:01:16.254, 100 %, 45603 MiB, 355.64 W, 354.72 W, 455.46 W, 456.80 W, 1980 MHz
2026/10/08 14:01:16.454, 100 %, 45603 MiB, 355.70 W, 355.86 W, 455.46 W, 455.53 W, 1980 MHz
2026/10/08 14:01:16.654, 100 %, 45603 MiB, 355.62 W, 354.54 W, 455.34 W, 455.69 W, 1980 MHz
2026/10/08 14:01:16.854, 100 %, 45602 MiB, 355.65 W, 353.71 W, 455.46 W, 452.25 W, 1980 MHz
2026/10/08 14:01:17.054, 100 %, 45602 MiB, 355.59 W, 355.05 W, 455.28 W, 455.69 W, 1980 MHz
2026/10/08 14:01:17.255, 100 %, 45602 MiB, 355.56 W, 354.57 W, 455.26 W, 454.72 W, 1980 MHz
2026/10/08 14:01:17.455, 100 %, 45602 MiB, 355.53 W, 353.33 W, 455.29 W, 451.81 W, 1980 MHz
2026/10/08 14:01:17.655, 100 %, 45602 MiB, 355.54 W, 354.15 W, 455.52 W, 454.72 W, 1980 MHz
2026/10/08 14:01:17.855, 100 %, 45602 MiB, 355.43 W, 354.33 W, 455.26 W, 454.05 W, 1980 MHz
2026/10/08 14:01:18.056, 100 %, 45602 MiB, 355.47 W, 352.48 W, 455.37 W, 452.63 W, 1980 MHz
2026/10/08 14:01:18.256, 100 %, 45602 MiB, 355.57 W, 354.68 W, 455.57 W, 454.86 W, 1980 MHz
2026/10/08 14:01:18.456, 100 %, 45602 MiB, 355.72 W, 352.88 W, 455.68 W, 450.84 W, 1980 MHz
2026/10/08 14:01:18.656, 100 %, 45602 MiB, 355.74 W, 353.81 W, 455.61 W, 454.72 W, 1980 MHz
2026/10/08 14:01:18.857, 100 %, 45602 MiB, 355.77 W, 353.79 W, 455.68 W, 453.08 W, 1980 MHz
2026/10/08 14:01:19.057, 100 %, 45602 MiB, 355.76 W, 354.05 W, 455.62 W, 454.72 W, 1980 MHz
2026/10/08 14:01:19.257, 100 %, 45602 MiB, 355.75 W, 352.87 W, 455.47 W, 452.78 W, 1980 MHz
2026/10/08 14:01:19.457, 100 %, 45602 MiB, 355.63 W, 354.38 W, 455.30 W, 453.75 W, 1980 MHz
2026/10/08 14:01:19.658, 100 %, 45602 MiB, 355.59 W, 354.95 W, 455.26 W, 455.69 W, 1980 MHz
2026/10/08 14:01:19.858, 100 %, 45601 MiB, 355.68 W, 354.25 W, 455.30 W, 454.05 W, 1980 MHz
2026/10/08 14:01:20.058, 100 %, 45601 MiB, 355.86 W, 353.69 W, 455.44 W, 453.59 W, 1980 MHz
2026/10/08 14:01:20.258, 100 %, 45601 MiB, 355.90 W, 354.85 W, 455.56 W, 453.60 W, 1980 MHz
2026/10/08 14:01:20.459, 100 %, 45601 MiB, 355.99 W, 355.21 W, 455.47 W, 455.83 W, 1980 MHz
2026/10/08 14:01:20.659, 100 %, 45601 MiB, 355.94 W, 353.10 W, 455.43 W, 451.81 W, 1980 MHz
2026/10/08 14:01:20.859, 100 %, 45601 MiB, 355.97 W, 354.17 W, 455.42 W, 454.05 W, 1980 MHz
2026/10/08 14:01:21.059, 100 %, 45601 MiB, 355.86 W, 353.79 W, 455.46 W, 454.72 W, 1980 MHz
2026/10/08 14:01:21.260, 100 %, 45601 MiB, 355.74 W, 355.85 W, 455.31 W, 456.66 W, 1980 MHz
2026/10/08 14:01:21.460, 100 %, 45601 MiB, 355.73 W, 355.18 W, 455.89 W, 458.60 W, 1980 MHz
2026/10/08 14:01:21.660, 100 %, 45601 MiB, 355.82 W, 355.28 W, 456.49 W, 457.63 W, 1980 MHz
2026/10/08 14:01:21.861, 100 %, 45601 MiB, 355.79 W, 355.17 W, 456.75 W, 457.77 W, 1980 MHz
2026/10/08 14:01:22.061, 100 %, 45601 MiB, 355.74 W, 354.91 W, 456.80 W, 453.59 W, 1980 MHz
2026/10/08 14:01:22.261, 100 %, 45043 MiB, 323.32 W, 160.10 W, 424.49 W, 263.44 W, 1980 MHz
2026/10/08 14:01:22.461, 0 %, 45043 MiB, 283.96 W, 157.95 W, 384.89 W, 256.63 W, 1980 MHz
2026/10/08 14:01:22.661, 0 %, 45043 MiB, 246.61 W, 158.30 W, 347.18 W, 259.55 W, 1980 MHz
2026/10/08 14:01:22.862, 0 %, 45043 MiB, 205.04 W, 159.80 W, 305.58 W, 262.64 W, 1980 MHz
2026/10/08 14:01:23.062, 0 %, 45043 MiB, 165.51 W, 157.96 W, 265.79 W, 257.60 W, 1980 MHz
2026/10/08 14:01:23.262, 0 %, 45043 MiB, 158.27 W, 157.84 W, 258.56 W, 258.75 W, 1980 MHz
2026/10/08 14:01:23.462, 0 %, 45043 MiB, 158.04 W, 156.50 W, 257.98 W, 255.02 W, 1980 MHz
2026/10/08 14:01:23.662, 0 %, 45043 MiB, 157.74 W, 155.76 W, 257.84 W, 256.80 W, 1980 MHz
2026/10/08 14:01:23.863, 0 %, 45043 MiB, 157.07 W, 156.76 W, 256.80 W, 257.77 W, 1980 MHz
2026/10/08 14:01:24.063, 0 %, 45043 MiB, 153.58 W, 99.80 W, 253.50 W, 201.41 W, 405 MHz
2026/10/08 14:01:24.263, 0 %, 45042 MiB, 141.85 W, 98.84 W, 242.04 W, 199.54 W, 375 MHz
2026/10/08 14:01:24.463, 0 %, 45042 MiB, 130.24 W, 99.39 W, 230.74 W, 199.54 W, 345 MHz
2026/10/08 14:01:24.663, 0 %, 45042 MiB, 118.87 W, 101.12 W, 219.43 W, 203.36 W, 345 MHz
2026/10/08 14:01:24.863, 0 %, 45042 MiB, 108.75 W, 99.11 W, 209.59 W, 197.59 W, 345 MHz
2026/10/08 14:01:25.063, 0 %, 45042 MiB, 99.78 W, 99.55 W, 200.58 W, 198.56 W, 345 MHz
2026/10/08 14:01:25.264, 0 %, 45042 MiB, 99.88 W, 99.21 W, 200.44 W, 197.59 W, 345 MHz
2026/10/08 14:01:25.464, 0 %, 45042 MiB, 99.96 W, 100.62 W, 200.27 W, 201.35 W, 345 MHz
2026/10/08 14:01:25.664, 0 %, 45042 MiB, 99.96 W, 99.81 W, 200.01 W, 198.49 W, 345 MHz
2026/10/08 14:01:25.864, 0 %, 45042 MiB, 99.97 W, 100.35 W, 199.82 W, 200.51 W, 345 MHz
2026/10/08 14:01:26.064, 0 %, 45042 MiB, 100.01 W, 98.65 W, 199.77 W, 198.51 W, 345 MHz
2026/10/08 14:01:26.265, 0 %, 45042 MiB, 99.96 W, 100.55 W, 199.65 W, 200.64 W, 345 MHz
2026/10/08 14:01:26.465, 0 %, 45042 MiB, 99.99 W, 100.63 W, 199.65 W, 201.48 W, 345 MHz
2026/10/08 14:01:26.665, 0 %, 45042 MiB, 100.10 W, 100.59 W, 199.96 W, 201.41 W, 345 MHz
2026/10/08 14:01:26.865, 0 %, 45042 MiB, 100.11 W, 99.84 W, 199.90 W, 199.41 W, 345 MHz
2026/10/08 14:01:27.066, 0 %, 45042 MiB, 100.09 W, 100.71 W, 199.91 W, 201.43 W, 345 MHz
2026/10/08 14:01:27.266, 0 %, 45042 MiB, 100.13 W, 100.46 W, 200.01 W, 199.54 W, 345 MHz
2026/10/08 14:01:27.466, 0 %, 45042 MiB, 100.16 W, 100.00 W, 200.12 W, 199.54 W, 345 MHz
2026/10/08 14:01:27.666, 0 %, 45042 MiB, 100.16 W, 99.68 W, 200.02 W, 199.46 W, 345 MHz
2026/10/08 14:01:27.866, 0 %, 45042 MiB, 100.08 W, 100.22 W, 199.85 W, 199.54 W, 345 MHz
2026/10/08 14:01:28.066, 0 %, 45042 MiB, 100.03 W, 100.09 W, 199.71 W, 199.54 W, 345 MHz
2026/10/08 14:01:28.267, 0 %, 45042 MiB, 100.00 W, 100.04 W, 199.67 W, 199.54 W, 345 MHz
2026/10/08 14:01:28.467, 0 %, 45042 MiB, 99.95 W, 98.74 W, 199.71 W, 198.43 W, 345 MHz
2026/10/08 14:01:28.667, 0 %, 45042 MiB, 99.91 W, 99.58 W, 199.72 W, 199.41 W, 345 MHz
2026/10/08 14:01:28.867, 0 %, 45042 MiB, 99.90 W, 100.76 W, 199.69 W, 201.48 W, 345 MHz
2026/10/08 14:01:29.067, 0 %, 45042 MiB, 99.96 W, 100.15 W, 199.90 W, 200.45 W, 345 MHz
2026/10/08 14:01:29.268, 0 %, 45042 MiB, 100.04 W, 99.87 W, 200.26 W, 200.59 W, 345 MHz
2026/10/08 14:01:29.468, 0 %, 45042 MiB, 99.99 W, 99.16 W, 200.27 W, 199.61 W, 345 MHz
2026/10/08 14:01:29.668, 0 %, 45042 MiB, 99.96 W, 100.46 W, 200.41 W, 201.49 W, 345 MHz
2026/10/08 14:01:29.868, 0 %, 45042 MiB, 99.97 W, 99.24 W, 200.53 W, 198.51 W, 345 MHz
2026/10/08 14:01:30.069, 0 %, 45042 MiB, 99.96 W, 99.32 W, 200.63 W, 198.62 W, 345 MHz
2026/10/08 14:01:30.270, 0 %, 45042 MiB, 99.91 W, 99.43 W, 200.39 W, 200.51 W, 345 MHz
2026/10/08 14:01:30.470, 0 %, 45042 MiB, 99.95 W, 100.15 W, 200.48 W, 201.49 W, 345 MHz
2026/10/08 14:01:30.670, 0 %, 45042 MiB, 99.89 W, 100.59 W, 200.28 W, 201.43 W, 345 MHz
2026/10/08 14:01:30.871, 0 %, 45042 MiB, 99.95 W, 99.20 W, 200.34 W, 199.48 W, 345 MHz
2026/10/08 14:01:31.071, 0 %, 45042 MiB, 99.92 W, 99.12 W, 200.41 W, 199.59 W, 345 MHz
2026/10/08 14:01:31.271, 0 %, 45042 MiB, 99.84 W, 99.47 W, 200.32 W, 199.67 W, 345 MHz
2026/10/08 14:01:31.471, 0 %, 45042 MiB, 99.78 W, 99.52 W, 200.20 W, 199.54 W, 345 MHz
2026/10/08 14:01:31.671, 0 %, 45042 MiB, 99.78 W, 98.68 W, 200.18 W, 198.43 W, 345 MHz
2026/10/08 14:01:31.872, 0 %, 45042 MiB, 99.76 W, 99.37 W, 200.74 W, 202.40 W, 345 MHz
2026/10/08 14:01:32.072, 0 %, 45041 MiB, 99.79 W, 100.05 W, 201.25 W, 203.43 W, 345 MHz
2026/10/08 14:01:32.272, 0 %, 45041 MiB, 99.78 W, 99.22 W, 201.55 W, 201.56 W, 345 MHz
2026/10/08 14:01:32.472, 0 %, 45041 MiB, 99.97 W, 100.38 W, 203.28 W, 209.27 W, 345 MHz
2026/10/08 14:01:32.672, 0 %, 45041 MiB, 100.19 W, 100.70 W, 205.26 W, 210.11 W, 345 MHz
2026/10/08 14:01:32.873, 0 %, 45041 MiB, 100.30 W, 100.37 W, 206.71 W, 209.27 W, 345 MHz
2026/10/08 14:01:33.073, 0 %, 45041 MiB, 100.32 W, 100.82 W, 207.68 W, 210.38 W, 345 MHz
2026/10/08 14:01:33.273, 0 %, 45041 MiB, 100.46 W, 100.91 W, 209.30 W, 211.22 W, 345 MHz
2026/10/08 14:01:33.473, 0 %, 45041 MiB, 100.44 W, 99.82 W, 209.69 W, 212.19 W, 345 MHz
2026/10/08 14:01:33.673, 0 %, 45041 MiB, 100.40 W, 100.32 W, 209.80 W, 210.18 W, 345 MHz
2026/10/08 14:01:33.873, 0 %, 45041 MiB, 100.31 W, 100.50 W, 209.66 W, 211.16 W, 345 MHz
2026/10/08 14:01:34.074, 0 %, 45041 MiB, 100.29 W, 99.88 W, 209.80 W, 210.38 W, 345 MHz
2026/10/08 14:01:34.274, 0 %, 45041 MiB, 100.23 W, 99.49 W, 209.70 W, 208.30 W, 345 MHz
2026/10/08 14:01:34.474, 0 %, 45041 MiB, 100.24 W, 100.04 W, 209.68 W, 209.27 W, 345 MHz
2026/10/08 14:01:34.674, 0 %, 45041 MiB, 100.20 W, 100.54 W, 209.65 W, 213.02 W, 345 MHz
2026/10/08 14:01:34.874, 0 %, 45041 MiB, 100.11 W, 100.39 W, 210.22 W, 212.13 W, 345 MHz
2026/10/08 14:01:35.075, 0 %, 45041 MiB, 100.16 W, 99.59 W, 211.02 W, 213.16 W, 345 MHz
2026/10/08 14:01:35.275, 0 %, 45041 MiB, 100.19 W, 99.73 W, 211.76 W, 212.19 W, 345 MHz
2026/10/08 14:01:35.475, 0 %, 45041 MiB, 100.22 W, 100.79 W, 212.81 W, 217.06 W, 345 MHz
2026/10/08 14:01:35.675, 0 %, 45041 MiB, 100.27 W, 101.76 W, 215.27 W, 232.48 W, 345 MHz
2026/10/08 14:01:35.875, 0 %, 45041 MiB, 100.70 W, 101.58 W, 219.68 W, 233.45 W, 345 MHz
2026/10/08 14:01:36.076, 0 %, 45041 MiB, 100.96 W, 101.90 W, 223.29 W, 231.59 W, 345 MHz
2026/10/08 14:01:36.276, 0 %, 45040 MiB, 101.11 W, 101.68 W, 226.80 W, 231.57 W, 345 MHz
2026/10/08 14:01:36.476, 0 %, 45040 MiB, 101.28 W, 101.85 W, 230.13 W, 232.48 W, 345 MHz
2026/10/08 14:01:36.676, 0 %, 45040 MiB, 101.45 W, 101.43 W, 232.25 W, 231.51 W, 345 MHz
2026/10/08 14:01:36.876, 0 %, 45040 MiB, 101.40 W, 101.27 W, 231.73 W, 231.51 W, 345 MHz
2026/10/08 14:01:37.076, 0 %, 45040 MiB, 101.35 W, 100.46 W, 231.83 W, 230.68 W, 345 MHz
2026/10/08 14:01:37.277, 0 %, 45040 MiB, 101.35 W, 102.03 W, 231.89 W, 233.45 W, 345 MHz
2026/10/08 14:01:37.477, 0 %, 45040 MiB, 101.33 W, 100.38 W, 231.97 W, 231.66 W, 345 MHz
2026/10/08 14:01:37.677, 0 %, 45040 MiB, 101.30 W, 100.71 W, 231.81 W, 229.56 W, 345 MHz
2026/10/08 14:01:37.877, 0 %, 45040 MiB, 101.23 W, 99.81 W, 231.68 W, 229.56 W, 345 MHz
2026/10/08 14:01:38.078, 0 %, 45040 MiB, 101.18 W, 101.37 W, 231.46 W, 232.57 W, 345 MHz
2026/10/08 14:01:38.278, 0 %, 45040 MiB, 101.18 W, 100.19 W, 231.29 W, 229.56 W, 345 MHz
2026/10/08 14:01:38.478, 0 %, 45040 MiB, 101.13 W, 100.54 W, 231.04 W, 229.71 W, 345 MHz
2026/10/08 14:01:38.678, 0 %, 45040 MiB, 101.17 W, 101.56 W, 230.93 W, 230.53 W, 345 MHz
2026/10/08 14:01:38.878, 0 %, 45040 MiB, 101.12 W, 102.22 W, 230.67 W, 232.48 W, 345 MHz
2026/10/08 14:01:39.079, 0 %, 45040 MiB, 100.98 W, 100.75 W, 230.35 W, 229.71 W, 345 MHz
2026/10/08 14:01:39.279, 0 %, 45040 MiB, 101.00 W, 100.91 W, 230.35 W, 230.53 W, 345 MHz
2026/10/08 14:01:39.479, 0 %, 45040 MiB, 100.98 W, 100.05 W, 230.24 W, 228.74 W, 345 MHz
2026/10/08 14:01:39.679, 0 %, 45040 MiB, 100.92 W, 101.72 W, 230.20 W, 231.51 W, 345 MHz
2026/10/08 14:01:39.879, 0 %, 45039 MiB, 100.86 W, 100.76 W, 230.15 W, 229.71 W, 345 MHz
2026/10/08 14:01:40.080, 0 %, 45039 MiB, 100.92 W, 100.75 W, 230.10 W, 227.76 W, 345 MHz
2026/10/08 14:01:40.280, 0 %, 45039 MiB, 100.91 W, 101.78 W, 229.96 W, 231.44 W, 345 MHz
2026/10/08 14:01:40.480, 0 %, 45039 MiB, 100.96 W, 101.55 W, 230.05 W, 230.68 W, 345 MHz
2026/10/08 14:01:40.680, 0 %, 45039 MiB, 100.95 W, 101.34 W, 230.08 W, 230.53 W, 345 MHz
2026/10/08 14:01:40.880, 0 %, 45055 MiB, 101.05 W, 100.81 W, 230.37 W, 231.51 W, 345 MHz
2026/10/08 14:01:41.081, 0 %, 45060 MiB, 101.08 W, 100.66 W, 230.65 W, 229.71 W, 345 MHz
2026/10/08 14:01:41.281, 0 %, 45060 MiB, 101.09 W, 100.19 W, 230.71 W, 228.67 W, 345 MHz
2026/10/08 14:01:41.481, 0 %, 45060 MiB, 101.05 W, 101.72 W, 230.54 W, 231.73 W, 345 MHz
2026/10/08 14:01:41.681, 0 %, 45060 MiB, 101.01 W, 100.52 W, 230.33 W, 229.49 W, 345 MHz
2026/10/08 14:01:41.881, 0 %, 45060 MiB, 100.92 W, 100.66 W, 229.94 W, 229.56 W, 345 MHz
2026/10/08 14:01:42.081, 0 %, 45060 MiB, 100.97 W, 101.17 W, 229.68 W, 229.71 W, 345 MHz
2026/10/08 14:01:42.282, 0 %, 45060 MiB, 100.97 W, 102.61 W, 229.69 W, 233.45 W, 345 MHz
2026/10/08 14:01:42.484, 0 %, 45062 MiB, 100.96 W, 100.64 W, 229.90 W, 230.68 W, 345 MHz
2026/10/08 14:01:42.691, 0 %, 45103 MiB, 101.54 W, 129.26 W, 230.67 W, 257.70 W, 1980 MHz
2026/10/08 14:01:42.892, 2 %, 45058 MiB, 112.62 W, 157.07 W, 241.76 W, 285.80 W, 1980 MHz
2026/10/08 14:01:43.112, 0 %, 45061 MiB, 125.73 W, 155.59 W, 254.88 W, 283.85 W, 1980 MHz
2026/10/08 14:01:43.326, 2 %, 45616 MiB, 136.46 W, 156.06 W, 265.78 W, 287.93 W, 1980 MHz
2026/10/08 14:01:43.527, 100 %, 45616 MiB, 177.32 W, 348.90 W, 306.57 W, 477.83 W, 1980 MHz
2026/10/08 14:01:43.727, 100 %, 45616 MiB, 223.94 W, 349.30 W, 353.37 W, 476.71 W, 1980 MHz
2026/10/08 14:01:43.927, 100 %, 45616 MiB, 260.66 W, 349.36 W, 390.48 W, 478.79 W, 1980 MHz
2026/10/08 14:01:44.127, 100 %, 45616 MiB, 301.93 W, 350.63 W, 432.13 W, 480.73 W, 1980 MHz
2026/10/08 14:01:44.327, 100 %, 45616 MiB, 341.41 W, 351.09 W, 471.80 W, 481.87 W, 1980 MHz
2026/10/08 14:01:44.527, 100 %, 45616 MiB, 352.57 W, 352.37 W, 483.03 W, 483.16 W, 1980 MHz
2026/10/08 14:01:44.727, 100 %, 45616 MiB, 353.01 W, 351.18 W, 483.61 W, 480.41 W, 1980 MHz
2026/10/08 14:01:44.928, 100 %, 45616 MiB, 353.81 W, 355.66 W, 484.40 W, 488.51 W, 1980 MHz
2026/10/08 14:01:45.128, 100 %, 45616 MiB, 354.75 W, 357.99 W, 485.54 W, 486.55 W, 1980 MHz
2026/10/08 14:01:45.328, 100 %, 45616 MiB, 356.57 W, 360.71 W, 486.88 W, 490.42 W, 1980 MHz
2026/10/08 14:01:45.528, 100 %, 45616 MiB, 357.86 W, 356.90 W, 488.45 W, 489.62 W, 1980 MHz
2026/10/08 14:01:45.728, 100 %, 45616 MiB, 358.58 W, 360.05 W, 489.48 W, 488.66 W, 1980 MHz
2026/10/08 14:01:45.929, 100 %, 45615 MiB, 360.15 W, 359.96 W, 490.32 W, 486.55 W, 1980 MHz
2026/10/08 14:01:46.129, 100 %, 45615 MiB, 360.55 W, 355.20 W, 490.45 W, 484.60 W, 1980 MHz
2026/10/08 14:01:46.329, 100 %, 45614 MiB, 359.99 W, 358.69 W, 490.86 W, 490.42 W, 1980 MHz
2026/10/08 14:01:46.529, 100 %, 45614 MiB, 360.01 W, 361.69 W, 491.08 W, 493.50 W, 1980 MHz
2026/10/08 14:01:46.730, 100 %, 45614 MiB, 361.06 W, 360.87 W, 491.54 W, 494.15 W, 1980 MHz
2026/10/08 14:01:46.930, 100 %, 45614 MiB, 360.46 W, 359.19 W, 491.81 W, 491.39 W, 1980 MHz
2026/10/08 14:01:47.130, 100 %, 45614 MiB, 360.24 W, 355.82 W, 491.85 W, 487.54 W, 1980 MHz
2026/10/08 14:01:47.330, 100 %, 45613 MiB, 360.22 W, 359.94 W, 492.01 W, 491.57 W, 1980 MHz
2026/10/08 14:01:47.530, 100 %, 45613 MiB, 360.77 W, 359.60 W, 491.88 W, 487.84 W, 1980 MHz
2026/10/08 14:01:47.731, 100 %, 45613 MiB, 360.13 W, 355.67 W, 491.73 W, 487.51 W, 1980 MHz
2026/10/08 14:01:47.931, 100 %, 45613 MiB, 359.72 W, 357.35 W, 491.56 W, 490.42 W, 1980 MHz
2026/10/08 14:01:48.131, 100 %, 45613 MiB, 360.41 W, 359.90 W, 491.91 W, 490.42 W, 1980 MHz
2026/10/08 14:01:48.331, 100 %, 45613 MiB, 360.82 W, 358.52 W, 491.89 W, 491.39 W, 1980 MHz
2026/10/08 14:01:48.532, 100 %, 45613 MiB, 360.11 W, 356.50 W, 492.05 W, 488.83 W, 1980 MHz
2026/10/08 14:01:48.732, 100 %, 45613 MiB, 359.51 W, 354.74 W, 491.95 W, 491.39 W, 1980 MHz
2026/10/08 14:01:48.932, 100 %, 45612 MiB, 359.42 W, 356.01 W, 492.47 W, 491.39 W, 1980 MHz
2026/10/08 14:01:49.132, 100 %, 45612 MiB, 358.74 W, 360.85 W, 493.36 W, 500.14 W, 1980 MHz
2026/10/08 14:01:49.332, 100 %, 45612 MiB, 359.48 W, 364.86 W, 494.87 W, 498.99 W, 1980 MHz
2026/10/08 14:01:49.533, 100 %, 45612 MiB, 359.69 W, 356.81 W, 494.23 W, 484.78 W, 1980 MHz
2026/10/08 14:01:49.733, 100 %, 45612 MiB, 360.73 W, 358.67 W, 493.90 W, 486.57 W, 1980 MHz
2026/10/08 14:01:49.933, 100 %, 45612 MiB, 361.15 W, 357.69 W, 492.95 W, 484.61 W, 1980 MHz
2026/10/08 14:01:50.133, 100 %, 45611 MiB, 361.58 W, 359.33 W, 492.30 W, 493.51 W, 1980 MHz
2026/10/08 14:01:50.333, 100 %, 45611 MiB, 360.54 W, 359.33 W, 490.73 W, 496.24 W, 1980 MHz
2026/10/08 14:01:50.533, 100 %, 45611 MiB, 360.35 W, 357.21 W, 491.69 W, 488.80 W, 1980 MHz
2026/10/08 14:01:50.734, 100 %, 45611 MiB, 360.17 W, 359.90 W, 492.50 W, 491.40 W, 1980 MHz
2026/10/08 14:01:50.934, 100 %, 45611 MiB, 360.66 W, 359.95 W, 493.77 W, 493.18 W, 1980 MHz
2026/10/08 14:01:51.134, 100 %, 45609 MiB, 360.53 W, 359.73 W, 493.84 W, 493.34 W, 1980 MHz
2026/10/08 14:01:51.334, 100 %, 45609 MiB, 360.51 W, 359.67 W, 493.70 W, 491.07 W, 1980 MHz
2026/10/08 14:01:51.535, 100 %, 45609 MiB, 361.90 W, 362.88 W, 493.90 W, 492.36 W, 1980 MHz
2026/10/08 14:01:51.735, 100 %, 45609 MiB, 362.07 W, 359.42 W, 493.90 W, 493.33 W, 1980 MHz
2026/10/08 14:01:51.935, 100 %, 45608 MiB, 361.90 W, 359.74 W, 493.88 W, 490.42 W, 1980 MHz
2026/10/08 14:01:52.135, 100 %, 45608 MiB, 362.80 W, 364.57 W, 494.05 W, 493.18 W, 1980 MHz
2026/10/08 14:01:52.335, 100 %, 45608 MiB, 364.09 W, 362.30 W, 494.23 W, 491.39 W, 1980 MHz
2026/10/08 14:01:52.535, 100 %, 45608 MiB, 363.50 W, 361.27 W, 493.68 W, 488.48 W, 1980 MHz
2026/10/08 14:01:52.736, 100 %, 45608 MiB, 363.69 W, 361.11 W, 493.60 W, 494.30 W, 1980 MHz
2026/10/08 14:01:52.936, 100 %, 45608 MiB, 363.90 W, 360.29 W, 494.00 W, 492.36 W, 1980 MHz
2026/10/08 14:01:53.136, 100 %, 45607 MiB, 362.98 W, 355.85 W, 493.76 W, 488.81 W, 1980 MHz
2026/10/08 14:01:53.336, 100 %, 45607 MiB, 361.93 W, 361.44 W, 493.66 W, 492.36 W, 1980 MHz
2026/10/08 14:01:53.536, 100 %, 45607 MiB, 361.60 W, 358.90 W, 493.46 W, 489.45 W, 1980 MHz
2026/10/08 14:01:53.737, 100 %, 45607 MiB, 361.47 W, 362.92 W, 493.42 W, 492.39 W, 1980 MHz
2026/10/08 14:01:53.937, 100 %, 45607 MiB, 361.86 W, 361.24 W, 492.71 W, 483.81 W, 1980 MHz
2026/10/08 14:01:54.137, 100 %, 45607 MiB, 362.57 W, 361.82 W, 492.52 W, 488.66 W, 1980 MHz
2026/10/08 14:01:54.337, 100 %, 45606 MiB, 362.94 W, 359.81 W, 492.43 W, 490.27 W, 1980 MHz
2026/10/08 14:01:54.537, 100 %, 45606 MiB, 362.71 W, 358.57 W, 492.38 W, 491.24 W, 1980 MHz
2026/10/08 14:01:54.738, 100 %, 45606 MiB, 362.10 W, 358.98 W, 491.94 W, 490.60 W, 1980 MHz
2026/10/08 14:01:54.938, 100 %, 45606 MiB, 361.55 W, 361.29 W, 491.98 W, 493.48 W, 1980 MHz
2026/10/08 14:01:55.138, 100 %, 45606 MiB, 361.02 W, 359.08 W, 492.12 W, 487.36 W, 1980 MHz
2026/10/08 14:01:55.338, 100 %, 45606 MiB, 361.06 W, 364.47 W, 492.17 W, 493.33 W, 1980 MHz
2026/10/08 14:01:55.538, 100 %, 45606 MiB, 361.42 W, 359.81 W, 492.13 W, 488.48 W, 1980 MHz
2026/10/08 14:01:55.738, 100 %, 45606 MiB, 362.07 W, 364.22 W, 492.75 W, 493.34 W, 1980 MHz
2026/10/08 14:01:55.939, 100 %, 45605 MiB, 362.44 W, 358.86 W, 492.76 W, 489.46 W, 1980 MHz
2026/10/08 14:01:56.139, 100 %, 45605 MiB, 362.46 W, 359.16 W, 492.77 W, 490.92 W, 1980 MHz
2026/10/08 14:01:56.339, 100 %, 45605 MiB, 362.36 W, 362.04 W, 493.13 W, 494.30 W, 1980 MHz
2026/10/08 14:01:56.539, 100 %, 45604 MiB, 362.26 W, 359.79 W, 493.46 W, 491.57 W, 1980 MHz
2026/10/08 14:01:56.739, 100 %, 45604 MiB, 362.17 W, 359.95 W, 493.49 W, 492.21 W, 1980 MHz
2026/10/08 14:01:56.939, 100 %, 45604 MiB, 361.87 W, 362.26 W, 493.55 W, 492.36 W, 1980 MHz
2026/10/08 14:01:57.140, 100 %, 45604 MiB, 361.99 W, 361.02 W, 493.59 W, 494.48 W, 1980 MHz
2026/10/08 14:01:57.340, 100 %, 45604 MiB, 361.80 W, 356.91 W, 493.52 W, 487.51 W, 1980 MHz
2026/10/08 14:01:57.540, 100 %, 45604 MiB, 361.69 W, 359.15 W, 493.43 W, 492.21 W, 1980 MHz
2026/10/08 14:01:57.740, 100 %, 45604 MiB, 361.94 W, 364.79 W, 493.58 W, 493.33 W, 1980 MHz
2026/10/08 14:01:57.940, 100 %, 45603 MiB, 362.32 W, 362.00 W, 493.61 W, 494.31 W, 1980 MHz
2026/10/08 14:01:58.140, 100 %, 45603 MiB, 362.20 W, 362.82 W, 493.63 W, 494.48 W, 1980 MHz
2026/10/08 14:01:58.341, 100 %, 45603 MiB, 362.54 W, 361.41 W, 493.64 W, 493.33 W, 1980 MHz
2026/10/08 14:01:58.541, 100 %, 45603 MiB, 362.54 W, 359.40 W, 493.30 W, 488.48 W, 1980 MHz
2026/10/08 14:01:58.741, 100 %, 45603 MiB, 362.13 W, 358.21 W, 492.89 W, 493.18 W, 1980 MHz
2026/10/08 14:01:58.941, 100 %, 45603 MiB, 361.40 W, 358.12 W, 492.85 W, 492.36 W, 1980 MHz
2026/10/08 14:01:59.141, 100 %, 45603 MiB, 361.42 W, 361.85 W, 492.71 W, 490.60 W, 1980 MHz
2026/10/08 14:01:59.341, 100 %, 45602 MiB, 361.58 W, 360.11 W, 492.83 W, 488.48 W, 1980 MHz
2026/10/08 14:01:59.541, 100 %, 45602 MiB, 362.13 W, 363.01 W, 493.36 W, 493.33 W, 1980 MHz
2026/10/08 14:01:59.741, 100 %, 45602 MiB, 362.45 W, 360.70 W, 493.31 W, 489.45 W, 1980 MHz
2026/10/08 14:01:59.942, 100 %, 45602 MiB, 362.83 W, 360.67 W, 493.67 W, 496.41 W, 1980 MHz
2026/10/08 14:02:00.142, 100 %, 45602 MiB, 362.63 W, 359.52 W, 493.92 W, 494.48 W, 1980 MHz
2026/10/08 14:02:00.342, 100 %, 45602 MiB, 362.35 W, 361.97 W, 494.05 W, 492.36 W, 1980 MHz
2026/10/08 14:02:00.542, 100 %, 45602 MiB, 362.07 W, 363.48 W, 493.89 W, 491.39 W, 1980 MHz
2026/10/08 14:02:00.742, 100 %, 45602 MiB, 362.15 W, 359.69 W, 493.91 W, 490.42 W, 1980 MHz
2026/10/08 14:02:00.942, 100 %, 45602 MiB, 361.96 W, 359.02 W, 493.37 W, 490.42 W, 1980 MHz
2026/10/08 14:02:01.143, 100 %, 45601 MiB, 361.98 W, 359.05 W, 493.46 W, 492.71 W, 1980 MHz
2026/10/08 14:02:01.343, 100 %, 45601 MiB, 361.71 W, 359.88 W, 493.34 W, 491.39 W, 1980 MHz
2026/10/08 14:02:01.543, 100 %, 45601 MiB, 361.54 W, 360.60 W, 493.25 W, 491.39 W, 1980 MHz
2026/10/08 14:02:01.743, 100 %, 45601 MiB, 361.38 W, 358.60 W, 493.46 W, 491.39 W, 1980 MHz
2026/10/08 14:02:01.943, 100 %, 45601 MiB, 361.51 W, 359.95 W, 493.77 W, 491.39 W, 1980 MHz
2026/10/08 14:02:02.144, 100 %, 45601 MiB, 361.65 W, 359.72 W, 493.58 W, 490.75 W, 1980 MHz
2026/10/08 14:02:02.344, 100 %, 45600 MiB, 361.47 W, 357.89 W, 493.18 W, 489.45 W, 1980 MHz
2026/10/08 14:02:02.544, 100 %, 45600 MiB, 361.26 W, 359.72 W, 493.38 W, 493.18 W, 1980 MHz
2026/10/08 14:02:02.744, 100 %, 45600 MiB, 361.11 W, 359.62 W, 493.30 W, 491.24 W, 1980 MHz
2026/10/08 14:02:02.945, 100 %, 45600 MiB, 361.02 W, 358.40 W, 493.58 W, 490.60 W, 1980 MHz
2026/10/08 14:02:03.145, 100 %, 45600 MiB, 361.22 W, 362.05 W, 494.21 W, 495.77 W, 1980 MHz
2026/10/08 14:02:03.345, 100 %, 45600 MiB, 361.40 W, 358.11 W, 494.94 W, 493.33 W, 1980 MHz
2026/10/08 14:02:03.545, 100 %, 45600 MiB, 361.46 W, 359.13 W, 495.59 W, 493.33 W, 1980 MHz
2026/10/08 14:02:03.745, 100 %, 45600 MiB, 361.57 W, 360.71 W, 496.09 W, 496.24 W, 1980 MHz
2026/10/08 14:02:03.946, 100 %, 45600 MiB, 361.71 W, 360.64 W, 496.73 W, 499.32 W, 1980 MHz
2026/10/08 14:02:04.146, 100 %, 45600 MiB, 361.43 W, 359.28 W, 496.82 W, 495.44 W, 1980 MHz
2026/10/08 14:02:04.346, 100 %, 45600 MiB, 361.56 W, 361.73 W, 497.61 W, 500.29 W, 1980 MHz
2026/10/08 14:02:04.546, 100 %, 45600 MiB, 361.54 W, 357.58 W, 497.86 W, 493.16 W, 1980 MHz
2026/10/08 14:02:04.746, 100 %, 45600 MiB, 361.47 W, 359.90 W, 498.65 W, 498.18 W, 1980 MHz
2026/10/08 14:02:04.947, 100 %, 45600 MiB, 361.26 W, 360.39 W, 498.89 W, 500.12 W, 1980 MHz
2026/10/08 14:02:05.147, 100 %, 45599 MiB, 361.18 W, 359.43 W, 498.93 W, 494.47 W, 1980 MHz
2026/10/08 14:02:05.347, 100 %, 45599 MiB, 361.11 W, 359.90 W, 498.56 W, 495.12 W, 1980 MHz
2026/10/08 14:02:05.547, 100 %, 45599 MiB, 361.12 W, 360.51 W, 498.36 W, 498.18 W, 1980 MHz
2026/10/08 14:02:05.747, 100 %, 45599 MiB, 361.28 W, 360.97 W, 498.91 W, 500.12 W, 1980 MHz
2026/10/08 14:02:05.948, 100 %, 45599 MiB, 361.63 W, 360.44 W, 499.38 W, 498.51 W, 1980 MHz
2026/10/08 14:02:06.148, 100 %, 45598 MiB, 361.85 W, 359.82 W, 499.97 W, 500.44 W, 1980 MHz
2026/10/08 14:02:06.348, 100 %, 45598 MiB, 361.96 W, 358.75 W, 500.89 W, 496.24 W, 1980 MHz
2026/10/08 14:02:06.548, 100 %, 45598 MiB, 361.93 W, 359.07 W, 501.18 W, 497.21 W, 1980 MHz
2026/10/08 14:02:06.748, 100 %, 45598 MiB, 361.88 W, 357.86 W, 500.82 W, 495.12 W, 1980 MHz
2026/10/08 14:02:06.949, 100 %, 45598 MiB, 361.90 W, 359.27 W, 501.12 W, 500.11 W, 1980 MHz
2026/10/08 14:02:07.149, 100 %, 45598 MiB, 362.05 W, 360.15 W, 501.21 W, 498.50 W, 1980 MHz
2026/10/08 14:02:07.349, 100 %, 45598 MiB, 362.10 W, 360.34 W, 501.10 W, 498.02 W, 1980 MHz
2026/10/08 14:02:07.549, 100 %, 45598 MiB, 362.26 W, 361.38 W, 501.32 W, 498.99 W, 1980 MHz
2026/10/08 14:02:07.749, 100 %, 45598 MiB, 362.31 W, 361.51 W, 501.29 W, 502.69 W, 1980 MHz
2026/10/08 14:02:07.950, 100 %, 45598 MiB, 362.26 W, 360.11 W, 501.05 W, 499.48 W, 1980 MHz
2026/10/08 14:02:08.150, 100 %, 45597 MiB, 362.26 W, 361.63 W, 501.09 W, 501.42 W, 1980 MHz
2026/10/08 14:02:08.350, 100 %, 45597 MiB, 362.20 W, 360.96 W, 500.88 W, 499.96 W, 1980 MHz
2026/10/08 14:02:08.550, 100 %, 45597 MiB, 362.21 W, 360.85 W, 500.67 W, 500.14 W, 1980 MHz
2026/10/08 14:02:08.750, 100 %, 45597 MiB, 362.11 W, 359.56 W, 500.62 W, 498.01 W, 1980 MHz
2026/10/08 14:02:08.950, 100 %, 45597 MiB, 362.12 W, 360.25 W, 500.77 W, 498.18 W, 1980 MHz
2026/10/08 14:02:09.150, 100 %, 45597 MiB, 362.08 W, 359.84 W, 500.56 W, 497.54 W, 1980 MHz
2026/10/08 14:02:09.350, 100 %, 45597 MiB, 361.99 W, 360.12 W, 500.53 W, 499.96 W, 1980 MHz
2026/10/08 14:02:09.550, 100 %, 45597 MiB, 361.70 W, 358.29 W, 500.52 W, 495.27 W, 1980 MHz
2026/10/08 14:02:09.751, 100 %, 45597 MiB, 361.64 W, 359.78 W, 500.60 W, 498.17 W, 1980 MHz
2026/10/08 14:02:09.951, 100 %, 45596 MiB, 361.39 W, 360.72 W, 500.06 W, 499.32 W, 1980 MHz
2026/10/08 14:02:10.151, 100 %, 45596 MiB, 361.12 W, 357.59 W, 499.87 W, 494.62 W, 1980 MHz
2026/10/08 14:02:10.351, 100 %, 45596 MiB, 360.95 W, 358.82 W, 499.69 W, 498.02 W, 1980 MHz
2026/10/08 14:02:10.551, 100 %, 45596 MiB, 360.88 W, 359.85 W, 499.52 W, 498.18 W, 1980 MHz
2026/10/08 14:02:10.752, 100 %, 45595 MiB, 360.81 W, 360.12 W, 499.32 W, 497.85 W, 1980 MHz
2026/10/08 14:02:10.952, 100 %, 48850 MiB, 363.88 W, 368.83 W, 510.31 W, 544.34 W, 1980 MHz
2026/10/08 14:02:11.153, 100 %, 48760 MiB, 365.97 W, 377.34 W, 519.74 W, 553.42 W, 1980 MHz
2026/10/08 14:02:11.353, 100 %, 48285 MiB, 368.90 W, 359.35 W, 529.51 W, 507.56 W, 1980 MHz
2026/10/08 14:02:11.553, 100 %, 48285 MiB, 369.38 W, 362.84 W, 536.06 W, 547.08 W, 1980 MHz
2026/10/08 14:02:11.753, 100 %, 48285 MiB, 369.80 W, 360.99 W, 545.00 W, 540.11 W, 1980 MHz
2026/10/08 14:02:11.954, 100 %, 48267 MiB, 367.43 W, 361.56 W, 544.29 W, 540.30 W, 1980 MHz
2026/10/08 14:02:12.154, 100 %, 48187 MiB, 365.97 W, 361.30 W, 543.44 W, 540.63 W, 1980 MHz
2026/10/08 14:02:12.354, 100 %, 48158 MiB, 363.23 W, 360.44 W, 541.36 W, 537.39 W, 1980 MHz
2026/10/08 14:02:12.555, 100 %, 48158 MiB, 362.84 W, 359.38 W, 536.80 W, 504.00 W, 1980 MHz
2026/10/08 14:02:12.755, 100 %, 48074 MiB, 362.17 W, 356.13 W, 528.46 W, 496.23 W, 1980 MHz
2026/10/08 14:02:12.955, 100 %, 48074 MiB, 361.63 W, 360.59 W, 519.45 W, 502.69 W, 1980 MHz
2026/10/08 14:02:13.155, 100 %, 48044 MiB, 361.22 W, 358.13 W, 512.11 W, 497.38 W, 1980 MHz
2026/10/08 14:02:13.355, 100 %, 47986 MiB, 360.71 W, 358.14 W, 503.71 W, 500.93 W, 1980 MHz
2026/10/08 14:02:13.556, 100 %, 47978 MiB, 360.44 W, 357.62 W, 502.61 W, 498.02 W, 1980 MHz
2026/10/08 14:02:13.756, 100 %, 47966 MiB, 360.55 W, 359.01 W, 502.52 W, 499.96 W, 1980 MHz
2026/10/08 14:02:13.956, 100 %, 47965 MiB, 360.54 W, 360.38 W, 502.45 W, 501.08 W, 1980 MHz
2026/10/08 14:02:14.156, 100 %, 47940 MiB, 360.69 W, 360.16 W, 502.75 W, 503.36 W, 1980 MHz
2026/10/08 14:02:14.356, 100 %, 47922 MiB, 360.77 W, 360.50 W, 502.74 W, 503.99 W, 1980 MHz
2026/10/08 14:02:14.556, 100 %, 47898 MiB, 360.90 W, 360.96 W, 502.29 W, 502.87 W, 1980 MHz
2026/10/08 14:02:14.756, 100 %, 47898 MiB, 361.11 W, 359.09 W, 502.61 W, 501.92 W, 1980 MHz
2026/10/08 14:02:14.956, 100 %, 47892 MiB, 361.24 W, 360.67 W, 502.97 W, 504.96 W, 1980 MHz
2026/10/08 14:02:15.157, 100 %, 47850 MiB, 360.99 W, 359.19 W, 502.51 W, 499.47 W, 1980 MHz
2026/10/08 14:02:15.357, 100 %, 47831 MiB, 361.12 W, 359.41 W, 502.55 W, 501.60 W, 1980 MHz
2026/10/08 14:02:15.557, 100 %, 47831 MiB, 361.14 W, 360.04 W, 502.60 W, 502.85 W, 1980 MHz
2026/10/08 14:02:15.757, 100 %, 47805 MiB, 360.97 W, 357.23 W, 502.45 W, 497.05 W, 1980 MHz
2026/10/08 14:02:15.957, 100 %, 47805 MiB, 360.80 W, 360.16 W, 502.30 W, 506.56 W, 1980 MHz
2026/10/08 14:02:16.157, 100 %, 47769 MiB, 360.80 W, 361.05 W, 502.70 W, 506.90 W, 1980 MHz
2026/10/08 14:02:16.357, 100 %, 47743 MiB, 360.54 W, 357.82 W, 502.28 W, 496.08 W, 1980 MHz
2026/10/08 14:02:16.557, 100 %, 47737 MiB, 360.65 W, 359.15 W, 503.12 W, 502.87 W, 1980 MHz
2026/10/08 14:02:16.758, 100 %, 47737 MiB, 360.70 W, 359.56 W, 503.33 W, 503.84 W, 1980 MHz
2026/10/08 14:02:16.958, 100 %, 47706 MiB, 360.94 W, 361.78 W, 503.63 W, 505.75 W, 1980 MHz
2026/10/08 14:02:17.158, 100 %, 47676 MiB, 360.86 W, 359.77 W, 503.39 W, 503.35 W, 1980 MHz
2026/10/08 14:02:17.358, 100 %, 47651 MiB, 360.91 W, 359.34 W, 503.96 W, 501.90 W, 1980 MHz
2026/10/08 14:02:17.558, 100 %, 47645 MiB, 360.84 W, 359.34 W, 503.76 W, 503.68 W, 1980 MHz
2026/10/08 14:02:17.758, 100 %, 47645 MiB, 360.70 W, 359.84 W, 503.55 W, 504.79 W, 1980 MHz
2026/10/08 14:02:17.959, 100 %, 47639 MiB, 360.63 W, 360.43 W, 503.71 W, 504.63 W, 1980 MHz
2026/10/08 14:02:18.159, 100 %, 47591 MiB, 360.75 W, 359.14 W, 504.18 W, 502.85 W, 1980 MHz
2026/10/08 14:02:18.359, 100 %, 47578 MiB, 360.41 W, 355.49 W, 503.32 W, 493.65 W, 1980 MHz
2026/10/08 14:02:18.559, 100 %, 47572 MiB, 360.43 W, 360.87 W, 503.29 W, 505.92 W, 1980 MHz
2026/10/08 14:02:18.760, 100 %, 47570 MiB, 360.52 W, 360.17 W, 503.43 W, 503.99 W, 1980 MHz
2026/10/08 14:02:18.960, 100 %, 47564 MiB, 360.60 W, 358.77 W, 503.53 W, 501.73 W, 1980 MHz
2026/10/08 14:02:19.160, 100 %, 47522 MiB, 360.74 W, 358.48 W, 503.75 W, 502.06 W, 1980 MHz
2026/10/08 14:02:19.360, 100 %, 47510 MiB, 360.94 W, 358.94 W, 504.10 W, 500.78 W, 1980 MHz
2026/10/08 14:02:19.560, 100 %, 47504 MiB, 361.08 W, 362.40 W, 504.69 W, 509.80 W, 1980 MHz
2026/10/08 14:02:19.761, 100 %, 47486 MiB, 361.24 W, 359.14 W, 505.36 W, 504.98 W, 1980 MHz
2026/10/08 14:02:19.961, 100 %, 47485 MiB, 361.17 W, 358.31 W, 505.42 W, 502.06 W, 1980 MHz
2026/10/08 14:02:20.161, 100 %, 47441 MiB, 361.08 W, 361.34 W, 505.44 W, 507.25 W, 1980 MHz
2026/10/08 14:02:20.362, 100 %, 47420 MiB, 361.23 W, 362.49 W, 506.03 W, 510.44 W, 1980 MHz
2026/10/08 14:02:20.562, 100 %, 47420 MiB, 361.20 W, 362.71 W, 506.28 W, 511.59 W, 1980 MHz
2026/10/08 14:02:20.762, 100 %, 47419 MiB, 361.49 W, 361.22 W, 506.88 W, 509.48 W, 1980 MHz
2026/10/08 14:02:20.963, 100 %, 47419 MiB, 361.68 W, 362.71 W, 507.64 W, 511.42 W, 1980 MHz
2026/10/08 14:02:21.163, 100 %, 47390 MiB, 361.78 W, 361.46 W, 508.60 W, 508.86 W, 1980 MHz
2026/10/08 14:02:21.363, 100 %, 47376 MiB, 361.85 W, 363.89 W, 509.05 W, 512.38 W, 1980 MHz
2026/10/08 14:02:21.563, 100 %, 47360 MiB, 361.55 W, 358.93 W, 508.55 W, 504.01 W, 1980 MHz
2026/10/08 14:02:21.763, 100 %, 47348 MiB, 361.57 W, 363.42 W, 508.57 W, 512.53 W, 1980 MHz
2026/10/08 14:02:21.963, 100 %, 47330 MiB, 361.70 W, 364.08 W, 509.33 W, 514.65 W, 1980 MHz
2026/10/08 14:02:22.163, 100 %, 47290 MiB, 361.90 W, 363.77 W, 509.69 W, 517.39 W, 1980 MHz
2026/10/08 14:02:22.363, 100 %, 47284 MiB, 361.94 W, 360.87 W, 509.86 W, 506.59 W, 1980 MHz
2026/10/08 14:02:22.564, 100 %, 47284 MiB, 362.30 W, 360.19 W, 510.48 W, 505.95 W, 1980 MHz
2026/10/08 14:02:22.764, 100 %, 47284 MiB, 361.86 W, 360.26 W, 509.80 W, 506.75 W, 1980 MHz
2026/10/08 14:02:22.964, 100 %, 47283 MiB, 361.66 W, 363.15 W, 508.52 W, 509.80 W, 1980 MHz
2026/10/08 14:02:23.164, 100 %, 47241 MiB, 361.30 W, 362.72 W, 507.55 W, 512.72 W, 1980 MHz
2026/10/08 14:02:23.364, 100 %, 47199 MiB, 360.88 W, 360.15 W, 506.91 W, 504.65 W, 1980 MHz
2026/10/08 14:02:23.565, 0 %, 46611 MiB, 326.12 W, 161.76 W, 472.19 W, 307.07 W, 1980 MHz
2026/10/08 14:02:23.765, 0 %, 46611 MiB, 287.77 W, 161.98 W, 433.34 W, 305.04 W, 1980 MHz
2026/10/08 14:02:23.965, 0 %, 46604 MiB, 246.14 W, 163.03 W, 391.36 W, 308.15 W, 1980 MHz
2026/10/08 14:02:24.165, 0 %, 46579 MiB, 209.61 W, 161.23 W, 354.93 W, 306.21 W, 1980 MHz
2026/10/08 14:02:24.365, 0 %, 46553 MiB, 166.79 W, 160.53 W, 311.41 W, 303.29 W, 1980 MHz
2026/10/08 14:02:24.566, 0 %, 46553 MiB, 161.35 W, 159.17 W, 305.20 W, 301.35 W, 1980 MHz
2026/10/08 14:02:24.766, 0 %, 46553 MiB, 161.07 W, 161.33 W, 305.05 W, 306.98 W, 1980 MHz
2026/10/08 14:02:24.966, 0 %, 46553 MiB, 160.88 W, 159.46 W, 305.08 W, 305.04 W, 1980 MHz
2026/10/08 14:02:25.166, 0 %, 46542 MiB, 160.47 W, 159.32 W, 304.24 W, 301.35 W, 1980 MHz
2026/10/08 14:02:25.366, 0 %, 46532 MiB, 152.21 W, 101.83 W, 295.87 W, 246.10 W, 405 MHz
2026/10/08 14:02:25.566, 0 %, 46487 MiB, 140.72 W, 103.55 W, 284.95 W, 249.02 W, 375 MHz
2026/10/08 14:02:25.767, 0 %, 46487 MiB, 129.89 W, 103.48 W, 274.14 W, 247.07 W, 345 MHz
2026/10/08 14:02:25.967, 0 %, 46486 MiB, 118.68 W, 102.85 W, 262.46 W, 245.12 W, 345 MHz
2026/10/08 14:02:26.167, 0 %, 46470 MiB, 106.53 W, 103.55 W, 250.22 W, 245.12 W, 345 MHz
2026/10/08 14:02:26.367, 0 %, 46463 MiB, 103.11 W, 102.78 W, 246.57 W, 244.06 W, 345 MHz
2026/10/08 14:02:26.567, 0 %, 46463 MiB, 103.12 W, 103.81 W, 245.87 W, 246.10 W, 345 MHz
2026/10/08 14:02:26.767, 0 %, 46463 MiB, 103.12 W, 103.73 W, 245.53 W, 246.10 W, 345 MHz
2026/10/08 14:02:26.968, 0 %, 46463 MiB, 103.06 W, 103.10 W, 245.43 W, 245.12 W, 345 MHz
2026/10/08 14:02:27.168, 0 %, 46442 MiB, 103.04 W, 103.25 W, 245.24 W, 245.12 W, 345 MHz
2026/10/08 14:02:27.368, 0 %, 46395 MiB, 103.01 W, 103.52 W, 245.19 W, 247.07 W, 345 MHz
2026/10/08 14:02:27.568, 0 %, 46395 MiB, 102.96 W, 103.68 W, 245.28 W, 247.07 W, 345 MHz
2026/10/08 14:02:27.768, 0 %, 46395 MiB, 102.94 W, 102.62 W, 245.34 W, 245.12 W, 345 MHz
2026/10/08 14:02:27.968, 0 %, 46395 MiB, 102.92 W, 102.80 W, 245.43 W, 246.10 W, 345 MHz
2026/10/08 14:02:28.168, 0 %, 46367 MiB, 102.92 W, 103.56 W, 245.56 W, 246.26 W, 345 MHz
2026/10/08 14:02:28.369, 0 %, 46363 MiB, 102.87 W, 103.46 W, 245.55 W, 246.10 W, 345 MHz
2026/10/08 14:02:28.569, 0 %, 46360 MiB, 102.92 W, 102.81 W, 245.62 W, 245.12 W, 345 MHz
2026/10/08 14:02:28.769, 0 %, 46360 MiB, 102.94 W, 101.86 W, 245.68 W, 245.12 W, 345 MHz
2026/10/08 14:02:28.969, 0 %, 46356 MiB, 102.91 W, 103.08 W, 245.71 W, 246.10 W, 345 MHz
2026/10/08 14:02:29.169, 0 %, 46335 MiB, 102.83 W, 102.34 W, 245.59 W, 244.15 W, 345 MHz
2026/10/08 14:02:29.369, 0 %, 46323 MiB, 102.81 W, 103.14 W, 245.48 W, 245.05 W, 345 MHz
2026/10/08 14:02:29.569, 0 %, 46318 MiB, 102.73 W, 101.75 W, 245.28 W, 243.25 W, 345 MHz
2026/10/08 14:02:29.770, 0 %, 46318 MiB, 102.65 W, 102.06 W, 245.05 W, 243.25 W, 345 MHz
2026/10/08 14:02:29.970, 0 %, 46310 MiB, 102.65 W, 102.75 W, 244.78 W, 245.12 W, 345 MHz
2026/10/08 14:02:30.170, 0 %, 46279 MiB, 102.54 W, 103.07 W, 244.48 W, 245.38 W, 345 MHz
2026/10/08 14:02:30.370, 0 %, 46277 MiB, 102.57 W, 102.51 W, 244.55 W, 245.12 W, 345 MHz
2026/10/08 14:02:30.570, 0 %, 46277 MiB, 102.41 W, 100.96 W, 244.44 W, 241.39 W, 345 MHz
2026/10/08 14:02:30.770, 0 %, 46277 MiB, 102.38 W, 102.13 W, 244.36 W, 244.15 W, 345 MHz
2026/10/08 14:02:30.971, 0 %, 46274 MiB, 102.41 W, 103.03 W, 244.36 W, 244.22 W, 345 MHz
2026/10/08 14:02:31.171, 0 %, 46261 MiB, 102.43 W, 102.20 W, 244.34 W, 244.24 W, 345 MHz
2026/10/08 14:02:31.371, 0 %, 46254 MiB, 102.39 W, 101.47 W, 244.25 W, 242.21 W, 345 MHz
2026/10/08 14:02:31.571, 0 %, 46251 MiB, 102.53 W, 102.28 W, 244.19 W, 243.34 W, 345 MHz
2026/10/08 14:02:31.771, 0 %, 46245 MiB, 102.51 W, 103.25 W, 244.07 W, 244.15 W, 345 MHz
2026/10/08 14:02:31.971, 0 %, 46236 MiB, 102.39 W, 102.23 W, 243.78 W, 243.18 W, 345 MHz
2026/10/08 14:02:32.171, 0 %, 46217 MiB, 102.33 W, 101.90 W, 243.66 W, 242.12 W, 345 MHz
2026/10/08 14:02:32.371, 0 %, 46213 MiB, 102.29 W, 101.05 W, 243.50 W, 242.21 W, 345 MHz
2026/10/08 14:02:32.571, 0 %, 46207 MiB, 102.24 W, 102.61 W, 243.50 W, 244.31 W, 345 MHz
2026/10/08 14:02:32.772, 0 %, 46207 MiB, 102.28 W, 103.29 W, 243.47 W, 244.15 W, 345 MHz
2026/10/08 14:02:32.972, 0 %, 46207 MiB, 102.31 W, 103.01 W, 243.46 W, 242.21 W, 345 MHz
2026/10/08 14:02:33.172, 0 %, 46189 MiB, 102.27 W, 100.88 W, 243.36 W, 241.39 W, 345 MHz
2026/10/08 14:02:33.372, 0 %, 46179 MiB, 102.20 W, 101.02 W, 243.14 W, 241.23 W, 345 MHz
2026/10/08 14:02:33.572, 0 %, 46179 MiB, 102.18 W, 103.28 W, 243.04 W, 244.24 W, 345 MHz
2026/10/08 14:02:33.772, 0 %, 46179 MiB, 102.04 W, 102.53 W, 242.99 W, 247.07 W, 345 MHz
2026/10/08 14:02:33.973, 0 %, 46179 MiB, 102.06 W, 102.11 W, 243.04 W, 242.21 W, 345 MHz
2026/10/08 14:02:34.173, 0 %, 46156 MiB, 102.18 W, 101.54 W, 243.11 W, 242.21 W, 345 MHz
2026/10/08 14:02:34.373, 0 %, 46153 MiB, 102.33 W, 102.58 W, 243.49 W, 246.10 W, 345 MHz
2026/10/08 14:02:34.573, 0 %, 46151 MiB, 102.31 W, 103.79 W, 243.41 W, 246.26 W, 345 MHz
2026/10/08 14:02:34.773, 0 %, 46151 MiB, 102.36 W, 102.34 W, 243.30 W, 242.21 W, 345 MHz
2026/10/08 14:02:34.973, 0 %, 46150 MiB, 102.35 W, 101.08 W, 243.29 W, 241.23 W, 345 MHz
2026/10/08 14:02:35.173, 0 %, 46131 MiB, 102.34 W, 102.57 W, 243.30 W, 243.25 W, 345 MHz
2026/10/08 14:02:35.373, 0 %, 46126 MiB, 102.35 W, 103.63 W, 243.20 W, 245.12 W, 345 MHz
2026/10/08 14:02:35.573, 0 %, 46125 MiB, 102.35 W, 102.25 W, 243.16 W, 244.31 W, 345 MHz
2026/10/08 14:02:35.773, 0 %, 46125 MiB, 102.37 W, 101.56 W, 243.32 W, 243.18 W, 345 MHz
2026/10/08 14:02:35.974, 0 %, 46125 MiB, 102.49 W, 102.01 W, 243.57 W, 243.09 W, 345 MHz
2026/10/08 14:02:36.174, 0 %, 46118 MiB, 102.35 W, 100.81 W, 243.54 W, 242.37 W, 345 MHz
2026/10/08 14:02:36.374, 0 %, 46099 MiB, 102.22 W, 101.90 W, 243.48 W, 243.18 W, 345 MHz
2026/10/08 14:02:36.574, 0 %, 46099 MiB, 102.23 W, 103.58 W, 243.49 W, 244.24 W, 345 MHz
2026/10/08 14:02:36.774, 0 %, 46099 MiB, 102.28 W, 102.23 W, 243.51 W, 245.12 W, 345 MHz
2026/10/08 14:02:36.974, 0 %, 46099 MiB, 102.18 W, 102.59 W, 243.23 W, 242.21 W, 345 MHz
2026/10/08 14:02:37.174, 0 %, 46090 MiB, 102.24 W, 102.49 W, 243.06 W, 243.18 W, 345 MHz
2026/10/08 14:02:37.374, 0 %, 46089 MiB, 102.29 W, 102.75 W, 242.79 W, 242.21 W, 345 MHz
2026/10/08 14:02:37.575, 0 %, 46085 MiB, 102.32 W, 102.03 W, 243.00 W, 244.47 W, 345 MHz
2026/10/08 14:02:37.775, 0 %, 46068 MiB, 102.34 W, 102.52 W, 243.41 W, 246.26 W, 345 MHz
2026/10/08 14:02:37.975, 0 %, 46068 MiB, 102.43 W, 102.96 W, 244.29 W, 247.00 W, 345 MHz
2026/10/08 14:02:38.175, 0 %, 46062 MiB, 102.45 W, 101.66 W, 244.59 W, 243.25 W, 345 MHz
2026/10/08 14:02:38.375, 0 %, 46060 MiB, 102.43 W, 102.40 W, 244.78 W, 244.15 W, 345 MHz
2026/10/08 14:02:38.575, 0 %, 46060 MiB, 102.29 W, 102.03 W, 244.58 W, 243.34 W, 345 MHz
2026/10/08 14:02:38.776, 0 %, 46060 MiB, 102.18 W, 101.28 W, 244.11 W, 242.28 W, 345 MHz
2026/10/08 14:02:38.976, 0 %, 46060 MiB, 102.05 W, 102.59 W, 243.39 W, 244.15 W, 345 MHz
2026/10/08 14:02:39.176, 0 %, 46054 MiB, 102.02 W, 102.26 W, 243.29 W, 243.18 W, 345 MHz
2026/10/08 14:02:39.376, 0 %, 46053 MiB, 102.03 W, 102.04 W, 243.37 W, 242.21 W, 345 MHz
2026/10/08 14:02:39.576, 0 %, 46053 MiB, 102.11 W, 102.22 W, 243.58 W, 243.18 W, 345 MHz
2026/10/08 14:02:39.776, 0 %, 46048 MiB, 102.19 W, 102.40 W, 243.45 W, 242.28 W, 345 MHz
2026/10/08 14:02:39.977, 0 %, 46044 MiB, 102.24 W, 102.49 W, 243.30 W, 244.15 W, 345 MHz
2026/10/08 14:02:40.177, 0 %, 46038 MiB, 102.30 W, 101.73 W, 243.07 W, 242.37 W, 345 MHz
2026/10/08 14:02:40.377, 0 %, 46029 MiB, 102.42 W, 102.58 W, 242.98 W, 241.14 W, 345 MHz
2026/10/08 14:02:40.577, 0 %, 46029 MiB, 102.46 W, 101.51 W, 242.62 W, 240.49 W, 345 MHz
2026/10/08 14:02:40.777, 0 %, 46029 MiB, 102.50 W, 103.57 W, 242.40 W, 243.34 W, 345 MHz
2026/10/08 14:02:40.977, 0 %, 46029 MiB, 102.53 W, 102.19 W, 242.30 W, 242.21 W, 345 MHz
2026/10/08 14:02:41.177, 0 %, 46019 MiB, 102.50 W, 102.09 W, 242.30 W, 241.32 W, 345 MHz
2026/10/08 14:02:41.378, 0 %, 46019 MiB, 102.43 W, 101.63 W, 242.10 W, 240.17 W, 345 MHz
2026/10/08 14:02:41.578, 0 %, 46019 MiB, 102.40 W, 102.34 W, 242.15 W, 242.21 W, 345 MHz
2026/10/08 14:02:41.778, 0 %, 46019 MiB, 102.26 W, 103.09 W, 242.19 W, 244.31 W, 345 MHz
2026/10/08 14:02:41.978, 0 %, 46016 MiB, 102.17 W, 102.14 W, 242.19 W, 242.21 W, 345 MHz
2026/10/08 14:02:42.178, 0 %, 46014 MiB, 102.13 W, 101.77 W, 242.31 W, 244.31 W, 345 MHz
2026/10/08 14:02:42.378, 0 %, 46005 MiB, 102.16 W, 101.20 W, 242.67 W, 243.18 W, 345 MHz
2026/10/08 14:02:42.578, 0 %, 46005 MiB, 102.26 W, 102.84 W, 244.18 W, 251.93 W, 345 MHz
2026/10/08 14:02:42.779, 0 %, 46005 MiB, 102.33 W, 102.11 W, 245.96 W, 250.06 W, 345 MHz
2026/10/08 14:02:42.979, 0 %, 45999 MiB, 102.45 W, 102.66 W, 247.91 W, 250.96 W, 345 MHz
2026/10/08 14:02:43.179, 0 %, 45996 MiB, 102.53 W, 101.67 W, 249.53 W, 250.96 W, 345 MHz
2026/10/08 14:02:43.379, 0 %, 45990 MiB, 102.58 W, 102.84 W, 251.17 W, 251.93 W, 345 MHz
2026/10/08 14:02:43.579, 0 %, 45972 MiB, 102.49 W, 103.11 W, 252.14 W, 257.85 W, 345 MHz
2026/10/08 14:02:43.793, 0 %, 45968 MiB, 102.50 W, 102.78 W, 252.80 W, 255.82 W, 345 MHz
2026/10/08 14:02:44.006, 0 %, 46513 MiB, 108.10 W, 156.68 W, 259.53 W, 309.89 W, 1980 MHz
2026/10/08 14:02:44.232, 0 %, 45949 MiB, 113.82 W, 159.65 W, 265.64 W, 313.02 W, 1980 MHz
2026/10/08 14:02:44.467, 0 %, 45986 MiB, 130.52 W, 158.93 W, 283.58 W, 315.84 W, 1980 MHz
2026/10/08 14:02:44.667, 7 %, 46502 MiB, 142.67 W, 156.43 W, 296.92 W, 314.19 W, 1980 MHz
2026/10/08 14:02:44.868, 100 %, 46502 MiB, 190.63 W, 347.30 W, 345.72 W, 504.81 W, 1980 MHz
2026/10/08 14:02:45.068, 100 %, 46495 MiB, 233.49 W, 344.18 W, 389.78 W, 503.20 W, 1980 MHz
2026/10/08 14:02:45.268, 100 %, 46493 MiB, 268.84 W, 346.77 W, 426.31 W, 506.90 W, 1980 MHz
2026/10/08 14:02:45.468, 100 %, 46493 MiB, 308.90 W, 349.13 W, 467.43 W, 508.84 W, 1980 MHz
2026/10/08 14:02:45.668, 100 %, 46491 MiB, 345.15 W, 346.63 W, 503.90 W, 508.84 W, 1980 MHz
2026/10/08 14:02:45.869, 100 %, 46487 MiB, 346.65 W, 346.54 W, 505.60 W, 503.02 W, 1980 MHz
2026/10/08 14:02:46.069, 100 %, 46485 MiB, 346.55 W, 343.98 W, 505.29 W, 500.11 W, 1980 MHz
2026/10/08 14:02:46.269, 100 %, 46484 MiB, 345.96 W, 345.48 W, 504.28 W, 501.08 W, 1980 MHz
2026/10/08 14:02:46.469, 100 %, 46482 MiB, 346.23 W, 350.18 W, 504.32 W, 507.54 W, 1980 MHz
2026/10/08 14:02:46.669, 100 %, 46482 MiB, 346.62 W, 347.66 W, 504.16 W, 505.30 W, 1980 MHz
2026/10/08 14:02:46.869, 100 %, 46481 MiB, 346.72 W, 346.26 W, 504.04 W, 503.99 W, 1980 MHz
2026/10/08 14:02:47.070, 100 %, 46481 MiB, 346.46 W, 342.50 W, 503.68 W, 499.15 W, 1980 MHz
2026/10/08 14:02:47.270, 100 %, 46478 MiB, 347.10 W, 349.97 W, 504.11 W, 505.77 W, 1980 MHz
2026/10/08 14:02:47.470, 100 %, 46478 MiB, 347.50 W, 354.94 W, 504.21 W, 509.65 W, 1980 MHz
2026/10/08 14:02:47.670, 100 %, 46478 MiB, 348.59 W, 354.49 W, 505.07 W, 510.14 W, 1980 MHz
2026/10/08 14:02:47.870, 100 %, 46478 MiB, 350.43 W, 355.56 W, 506.91 W, 512.56 W, 1980 MHz
2026/10/08 14:02:48.071, 100 %, 46478 MiB, 352.46 W, 352.17 W, 509.72 W, 516.59 W, 1980 MHz
2026/10/08 14:02:48.271, 100 %, 46473 MiB, 354.20 W, 356.59 W, 513.13 W, 517.40 W, 1980 MHz
2026/10/08 14:02:48.471, 100 %, 46473 MiB, 355.22 W, 356.95 W, 515.12 W, 519.34 W, 1980 MHz
2026/10/08 14:02:48.671, 100 %, 46472 MiB, 355.77 W, 355.55 W, 516.79 W, 516.77 W, 1980 MHz
2026/10/08 14:02:48.871, 100 %, 46472 MiB, 355.59 W, 355.48 W, 517.47 W, 516.43 W, 1980 MHz
2026/10/08 14:02:49.071, 100 %, 46462 MiB, 355.86 W, 355.91 W, 517.92 W, 518.37 W, 1980 MHz
2026/10/08 14:02:49.272, 100 %, 46462 MiB, 355.51 W, 353.03 W, 516.84 W, 514.66 W, 1980 MHz
2026/10/08 14:02:49.472, 100 %, 46461 MiB, 355.42 W, 354.20 W, 517.03 W, 516.43 W, 1980 MHz
2026/10/08 14:02:49.672, 100 %, 46461 MiB, 355.49 W, 356.80 W, 516.91 W, 516.59 W, 1980 MHz
2026/10/08 14:02:49.872, 100 %, 46461 MiB, 355.89 W, 356.53 W, 516.98 W, 518.53 W, 1980 MHz
2026/10/08 14:02:50.072, 100 %, 46460 MiB, 355.89 W, 356.88 W, 516.60 W, 517.22 W, 1980 MHz
2026/10/08 14:02:50.273, 100 %, 46459 MiB, 355.88 W, 356.55 W, 516.17 W, 517.56 W, 1980 MHz
2026/10/08 14:02:50.473, 100 %, 46455 MiB, 355.96 W, 355.83 W, 515.61 W, 514.49 W, 1980 MHz
2026/10/08 14:02:50.673, 100 %, 46455 MiB, 355.92 W, 355.31 W, 515.31 W, 514.65 W, 1980 MHz
2026/10/08 14:02:50.873, 100 %, 46455 MiB, 355.54 W, 355.49 W, 515.23 W, 515.46 W, 1980 MHz
2026/10/08 14:02:51.073, 100 %, 46455 MiB, 355.67 W, 358.03 W, 515.57 W, 518.37 W, 1980 MHz
2026/10/08 14:02:51.274, 100 %, 46454 MiB, 355.74 W, 356.35 W, 515.73 W, 515.62 W, 1980 MHz
2026/10/08 14:02:51.474, 100 %, 46447 MiB, 355.82 W, 356.19 W, 515.79 W, 517.06 W, 1980 MHz
2026/10/08 14:02:51.674, 100 %, 46447 MiB, 355.61 W, 357.18 W, 515.60 W, 515.62 W, 1980 MHz
2026/10/08 14:02:51.874, 100 %, 46447 MiB, 356.14 W, 358.14 W, 515.69 W, 517.56 W, 1980 MHz
2026/10/08 14:02:52.074, 100 %, 46447 MiB, 356.04 W, 356.83 W, 515.16 W, 516.43 W, 1980 MHz
2026/10/08 14:02:52.274, 100 %, 46446 MiB, 356.44 W, 356.73 W, 515.51 W, 515.62 W, 1980 MHz
2026/10/08 14:02:52.475, 100 %, 46445 MiB, 356.25 W, 356.50 W, 515.53 W, 516.25 W, 1980 MHz
2026/10/08 14:02:52.675, 100 %, 46442 MiB, 356.58 W, 357.02 W, 515.85 W, 516.59 W, 1980 MHz
2026/10/08 14:02:52.875, 100 %, 46442 MiB, 356.25 W, 357.61 W, 515.74 W, 518.37 W, 1980 MHz
2026/10/08 14:02:53.075, 100 %, 46442 MiB, 356.46 W, 357.79 W, 516.47 W, 519.34 W, 1980 MHz
2026/10/08 14:02:53.275, 100 %, 46441 MiB, 356.64 W, 357.07 W, 516.89 W, 516.59 W, 1980 MHz
2026/10/08 14:02:53.475, 100 %, 46440 MiB, 357.00 W, 357.13 W, 517.01 W, 516.59 W, 1980 MHz
2026/10/08 14:02:53.676, 100 %, 46440 MiB, 357.15 W, 358.46 W, 517.86 W, 524.19 W, 1980 MHz
2026/10/08 14:02:53.876, 100 %, 46440 MiB, 357.49 W, 357.40 W, 518.82 W, 520.65 W, 1980 MHz
2026/10/08 14:02:54.076, 100 %, 46439 MiB, 357.17 W, 357.28 W, 519.23 W, 522.25 W, 1980 MHz
2026/10/08 14:02:54.276, 100 %, 46436 MiB, 357.23 W, 356.48 W, 520.27 W, 519.50 W, 1980 MHz
2026/10/08 14:02:54.476, 100 %, 46436 MiB, 357.27 W, 357.13 W, 521.27 W, 521.09 W, 1980 MHz
2026/10/08 14:02:54.676, 100 %, 46424 MiB, 357.32 W, 358.25 W, 522.01 W, 523.03 W, 1980 MHz
2026/10/08 14:02:54.877, 100 %, 46424 MiB, 357.38 W, 357.00 W, 522.75 W, 523.38 W, 1980 MHz
2026/10/08 14:02:55.077, 100 %, 46422 MiB, 357.36 W, 353.50 W, 522.97 W, 518.53 W, 1980 MHz
2026/10/08 14:02:55.277, 100 %, 46421 MiB, 357.30 W, 356.66 W, 522.96 W, 520.47 W, 1980 MHz
2026/10/08 14:02:55.477, 100 %, 46421 MiB, 357.28 W, 358.69 W, 523.16 W, 523.03 W, 1980 MHz
2026/10/08 14:02:55.677, 100 %, 46416 MiB, 356.91 W, 354.98 W, 522.88 W, 520.13 W, 1980 MHz
2026/10/08 14:02:55.877, 100 %, 46404 MiB, 356.85 W, 357.54 W, 522.42 W, 521.62 W, 1980 MHz
2026/10/08 14:02:56.078, 100 %, 53619 MiB, 358.93 W, 388.69 W, 533.61 W, 664.86 W, 1980 MHz
2026/10/08 14:02:56.278, 100 %, 54002 MiB, 362.66 W, 367.43 W, 557.96 W, 637.45 W, 1980 MHz
2026/10/08 14:02:56.478, 100 %, 51014 MiB, 368.42 W, 392.17 W, 584.79 W, 669.70 W, 1980 MHz
2026/10/08 14:02:56.679, 100 %, 50990 MiB, 369.57 W, 351.52 W, 603.49 W, 623.72 W, 1980 MHz
2026/10/08 14:02:56.879, 100 %, 50906 MiB, 368.78 W, 354.76 W, 622.63 W, 628.42 W, 1980 MHz
2026/10/08 14:02:57.079, 100 %, 50831 MiB, 366.45 W, 351.23 W, 634.28 W, 625.66 W, 1980 MHz
2026/10/08 14:02:57.280, 100 %, 50756 MiB, 362.25 W, 356.51 W, 630.41 W, 630.14 W, 1980 MHz
2026/10/08 14:02:57.480, 100 %, 50756 MiB, 355.80 W, 356.35 W, 624.14 W, 630.27 W, 1980 MHz
2026/10/08 14:02:57.681, 100 %, 50756 MiB, 354.35 W, 352.01 W, 627.26 W, 623.72 W, 1980 MHz
2026/10/08 14:02:57.881, 100 %, 50678 MiB, 354.37 W, 355.13 W, 627.34 W, 627.04 W, 1980 MHz
2026/10/08 14:02:58.082, 100 %, 50579 MiB, 354.38 W, 353.11 W, 626.99 W, 621.79 W, 1980 MHz
2026/10/08 14:02:58.282, 100 %, 50469 MiB, 354.36 W, 355.97 W, 627.16 W, 629.18 W, 1980 MHz
2026/10/08 14:02:58.483, 100 %, 50469 MiB, 354.50 W, 354.99 W, 626.75 W, 626.48 W, 1980 MHz
2026/10/08 14:02:58.683, 100 %, 50469 MiB, 354.53 W, 356.62 W, 626.90 W, 626.83 W, 1980 MHz
2026/10/08 14:02:58.883, 100 %, 50379 MiB, 354.39 W, 351.16 W, 626.36 W, 622.40 W, 1980 MHz
2026/10/08 14:02:59.084, 100 %, 50280 MiB, 354.73 W, 356.82 W, 627.03 W, 628.34 W, 1980 MHz
2026/10/08 14:02:59.284, 100 %, 50183 MiB, 354.83 W, 354.25 W, 626.78 W, 625.30 W, 1980 MHz
2026/10/08 14:02:59.484, 100 %, 50183 MiB, 354.48 W, 351.73 W, 626.65 W, 620.82 W, 1980 MHz
2026/10/08 14:02:59.685, 100 %, 50177 MiB, 354.71 W, 354.84 W, 626.76 W, 625.44 W, 1980 MHz
2026/10/08 14:02:59.885, 100 %, 50075 MiB, 355.05 W, 355.41 W, 627.09 W, 623.92 W, 1980 MHz
2026/10/08 14:03:00.086, 100 %, 49973 MiB, 355.07 W, 357.37 W, 626.31 W, 626.83 W, 1980 MHz
2026/10/08 14:03:00.286, 100 %, 49897 MiB, 354.99 W, 356.53 W, 626.11 W, 625.10 W, 1980 MHz
2026/10/08 14:03:00.487, 100 %, 49897 MiB, 355.02 W, 356.25 W, 625.50 W, 624.49 W, 1980 MHz
2026/10/08 14:03:00.687, 100 %, 49897 MiB, 354.83 W, 352.33 W, 625.31 W, 619.86 W, 1980 MHz
2026/10/08 14:03:00.888, 100 %, 49813 MiB, 354.88 W, 355.97 W, 624.81 W, 622.96 W, 1980 MHz
2026/10/08 14:03:01.088, 100 %, 49717 MiB, 354.89 W, 356.33 W, 625.07 W, 625.66 W, 1980 MHz
2026/10/08 14:03:01.289, 100 %, 49611 MiB, 355.03 W, 355.80 W, 625.14 W, 628.97 W, 1980 MHz
2026/10/08 14:03:01.489, 100 %, 49599 MiB, 354.99 W, 355.66 W, 625.87 W, 625.52 W, 1980 MHz
2026/10/08 14:03:01.690, 100 %, 49581 MiB, 355.06 W, 352.88 W, 626.04 W, 624.69 W, 1980 MHz
2026/10/08 14:03:01.890, 100 %, 49486 MiB, 355.07 W, 356.01 W, 626.72 W, 625.10 W, 1980 MHz
2026/10/08 14:03:02.091, 100 %, 49409 MiB, 354.73 W, 355.47 W, 626.60 W, 628.56 W, 1980 MHz
2026/10/08 14:03:02.291, 100 %, 49338 MiB, 354.73 W, 356.11 W, 627.10 W, 627.04 W, 1980 MHz
2026/10/08 14:03:02.491, 100 %, 49338 MiB, 354.82 W, 356.23 W, 627.14 W, 629.73 W, 1980 MHz
2026/10/08 14:03:02.692, 100 %, 49338 MiB, 355.10 W, 358.02 W, 627.90 W, 628.56 W, 1980 MHz
2026/10/08 14:03:02.892, 100 %, 49257 MiB, 354.84 W, 353.90 W, 627.54 W, 625.85 W, 1980 MHz
2026/10/08 14:03:03.092, 100 %, 49120 MiB, 355.02 W, 356.22 W, 627.92 W, 624.33 W, 1980 MHz
2026/10/08 14:03:03.293, 100 %, 49064 MiB, 354.92 W, 354.94 W, 627.60 W, 626.49 W, 1980 MHz
2026/10/08 14:03:03.493, 100 %, 49064 MiB, 354.70 W, 354.67 W, 627.52 W, 626.62 W, 1980 MHz
2026/10/08 14:03:03.693, 100 %, 49064 MiB, 354.65 W, 353.67 W, 627.34 W, 629.31 W, 1980 MHz
2026/10/08 14:03:03.894, 100 %, 48974 MiB, 354.66 W, 352.99 W, 628.46 W, 630.49 W, 1980 MHz
2026/10/08 14:03:04.094, 100 %, 48880 MiB, 354.74 W, 354.48 W, 629.71 W, 633.17 W, 1980 MHz
2026/10/08 14:03:04.294, 100 %, 48807 MiB, 354.38 W, 353.61 W, 631.11 W, 635.00 W, 1980 MHz
2026/10/08 14:03:04.495, 100 %, 48807 MiB, 354.72 W, 353.73 W, 633.15 W, 636.29 W, 1980 MHz
2026/10/08 14:03:04.695, 100 %, 48801 MiB, 354.26 W, 354.69 W, 634.66 W, 638.01 W, 1980 MHz
2026/10/08 14:03:04.895, 100 %, 48707 MiB, 354.56 W, 355.70 W, 636.02 W, 639.20 W, 1980 MHz
2026/10/08 14:03:05.096, 100 %, 48619 MiB, 354.59 W, 354.88 W, 636.71 W, 636.29 W, 1980 MHz
2026/10/08 14:03:05.296, 100 %, 48556 MiB, 354.90 W, 354.85 W, 637.55 W, 636.91 W, 1980 MHz
2026/10/08 14:03:05.496, 100 %, 48550 MiB, 355.03 W, 356.06 W, 637.59 W, 636.08 W, 1980 MHz
2026/10/08 14:03:05.697, 100 %, 48550 MiB, 355.10 W, 356.40 W, 637.68 W, 639.20 W, 1980 MHz
2026/10/08 14:03:05.897, 100 %, 48478 MiB, 355.04 W, 352.88 W, 637.75 W, 638.23 W, 1980 MHz
2026/10/08 14:03:06.097, 100 %, 48342 MiB, 355.09 W, 356.71 W, 638.09 W, 639.20 W, 1980 MHz
2026/10/08 14:03:06.298, 100 %, 48305 MiB, 355.16 W, 353.95 W, 638.42 W, 637.88 W, 1980 MHz
2026/10/08 14:03:06.498, 100 %, 48305 MiB, 355.32 W, 355.97 W, 638.82 W, 637.04 W, 1980 MHz
2026/10/08 14:03:06.698, 100 %, 48305 MiB, 355.58 W, 355.27 W, 639.30 W, 639.94 W, 1980 MHz
2026/10/08 14:03:06.898, 100 %, 48227 MiB, 355.45 W, 352.83 W, 639.22 W, 634.36 W, 1980 MHz
2026/10/08 14:03:07.099, 100 %, 48147 MiB, 355.47 W, 355.81 W, 639.02 W, 639.20 W, 1980 MHz
2026/10/08 14:03:07.299, 100 %, 48079 MiB, 355.08 W, 356.53 W, 638.31 W, 636.92 W, 1980 MHz
2026/10/08 14:03:07.499, 100 %, 48073 MiB, 354.67 W, 353.40 W, 637.61 W, 636.29 W, 1980 MHz
2026/10/08 14:03:07.699, 100 %, 48069 MiB, 354.76 W, 356.74 W, 637.32 W, 639.20 W, 1980 MHz
2026/10/08 14:03:07.900, 100 %, 47972 MiB, 354.95 W, 354.58 W, 637.43 W, 638.43 W, 1980 MHz
2026/10/08 14:03:08.100, 100 %, 47894 MiB, 354.73 W, 357.20 W, 636.69 W, 638.01 W, 1980 MHz
2026/10/08 14:03:08.300, 100 %, 47841 MiB, 355.16 W, 355.89 W, 636.62 W, 634.98 W, 1980 MHz
2026/10/08 14:03:08.501, 100 %, 47822 MiB, 355.58 W, 357.34 W, 636.23 W, 636.30 W, 1980 MHz
2026/10/08 14:03:08.701, 100 %, 47822 MiB, 355.40 W, 355.07 W, 635.41 W, 631.46 W, 1980 MHz
2026/10/08 14:03:08.901, 100 %, 47749 MiB, 355.07 W, 352.26 W, 633.99 W, 628.56 W, 1980 MHz
2026/10/08 14:03:09.102, 100 %, 47638 MiB, 355.38 W, 355.45 W, 633.78 W, 632.84 W, 1980 MHz
2026/10/08 14:03:09.302, 100 %, 47615 MiB, 355.04 W, 355.58 W, 632.97 W, 632.08 W, 1980 MHz
2026/10/08 14:03:09.503, 100 %, 47615 MiB, 354.70 W, 354.00 W, 632.65 W, 632.43 W, 1980 MHz
2026/10/08 14:03:09.703, 100 %, 47609 MiB, 354.48 W, 352.83 W, 632.20 W, 632.42 W, 1980 MHz
2026/10/08 14:03:09.903, 100 %, 47534 MiB, 354.80 W, 356.15 W, 632.70 W, 633.59 W, 1980 MHz
2026/10/08 14:03:10.104, 100 %, 47450 MiB, 354.63 W, 354.95 W, 632.26 W, 632.62 W, 1980 MHz
2026/10/08 14:03:10.304, 100 %, 47407 MiB, 354.57 W, 355.40 W, 632.65 W, 633.04 W, 1980 MHz
2026/10/08 14:03:10.504, 100 %, 47394 MiB, 354.86 W, 356.84 W, 632.85 W, 634.36 W, 1980 MHz
2026/10/08 14:03:10.705, 100 %, 47394 MiB, 355.21 W, 356.70 W, 632.58 W, 632.43 W, 1980 MHz
2026/10/08 14:03:10.905, 100 %, 47334 MiB, 355.09 W, 356.90 W, 631.61 W, 629.72 W, 1980 MHz
2026/10/08 14:03:11.105, 100 %, 47268 MiB, 355.55 W, 355.53 W, 630.51 W, 630.27 W, 1980 MHz
2026/10/08 14:03:11.306, 100 %, 47244 MiB, 355.81 W, 352.42 W, 630.24 W, 630.91 W, 1980 MHz
2026/10/08 14:03:11.506, 100 %, 47236 MiB, 355.89 W, 358.30 W, 630.24 W, 636.49 W, 1980 MHz
2026/10/08 14:03:11.706, 100 %, 47236 MiB, 356.00 W, 356.74 W, 631.03 W, 633.39 W, 1980 MHz
2026/10/08 14:03:11.907, 100 %, 47188 MiB, 356.23 W, 355.30 W, 632.13 W, 633.59 W, 1980 MHz
2026/10/08 14:03:12.107, 100 %, 47130 MiB, 355.82 W, 352.86 W, 633.42 W, 629.17 W, 1980 MHz
2026/10/08 14:03:12.307, 100 %, 47084 MiB, 355.62 W, 356.75 W, 633.45 W, 635.95 W, 1980 MHz
2026/10/08 14:03:12.508, 100 %, 47084 MiB, 355.64 W, 357.84 W, 634.60 W, 641.33 W, 1980 MHz
2026/10/08 14:03:12.708, 100 %, 47084 MiB, 355.21 W, 352.18 W, 635.18 W, 636.07 W, 1980 MHz
2026/10/08 14:03:12.909, 100 %, 47033 MiB, 354.79 W, 356.82 W, 635.67 W, 639.40 W, 1980 MHz
2026/10/08 14:03:13.109, 100 %, 46984 MiB, 355.04 W, 356.29 W, 637.23 W, 642.84 W, 1980 MHz
2026/10/08 14:03:13.309, 100 %, 46951 MiB, 354.81 W, 352.67 W, 639.10 W, 643.27 W, 1980 MHz
2026/10/08 14:03:13.510, 100 %, 46946 MiB, 354.23 W, 355.52 W, 640.51 W, 649.07 W, 1980 MHz
2026/10/08 14:03:13.710, 100 %, 46946 MiB, 354.51 W, 356.56 W, 642.52 W, 648.64 W, 1980 MHz
2026/10/08 14:03:13.911, 100 %, 46900 MiB, 354.51 W, 352.87 W, 644.52 W, 645.96 W, 1980 MHz
2026/10/08 14:03:14.111, 100 %, 46843 MiB, 354.39 W, 355.00 W, 645.48 W, 642.84 W, 1980 MHz
2026/10/08 14:03:14.311, 100 %, 46814 MiB, 354.62 W, 355.36 W, 645.43 W, 643.27 W, 1980 MHz
2026/10/08 14:03:14.512, 100 %, 46814 MiB, 355.23 W, 356.29 W, 644.75 W, 641.33 W, 1980 MHz
2026/10/08 14:03:14.712, 100 %, 46814 MiB, 355.05 W, 352.07 W, 642.79 W, 632.20 W, 1980 MHz
2026/10/08 14:03:14.912, 100 %, 46786 MiB, 355.45 W, 355.69 W, 640.37 W, 631.46 W, 1980 MHz
2026/10/08 14:03:15.113, 100 %, 46747 MiB, 355.27 W, 356.35 W, 637.55 W, 631.11 W, 1980 MHz
2026/10/08 14:03:15.313, 100 %, 46718 MiB, 355.73 W, 355.72 W, 636.37 W, 636.49 W, 1980 MHz
2026/10/08 14:03:15.514, 100 %, 46718 MiB, 355.43 W, 355.20 W, 635.04 W, 635.75 W, 1980 MHz
2026/10/08 14:03:15.714, 100 %, 46718 MiB, 355.53 W, 355.94 W, 634.69 W, 639.20 W, 1980 MHz
2026/10/08 14:03:15.914, 100 %, 46684 MiB, 355.17 W, 356.87 W, 635.40 W, 640.91 W, 1980 MHz
2026/10/08 14:03:16.115, 100 %, 46636 MiB, 355.50 W, 355.29 W, 637.03 W, 636.29 W, 1980 MHz
2026/10/08 14:03:16.315, 100 %, 46624 MiB, 355.23 W, 355.60 W, 637.51 W, 639.62 W, 1980 MHz
2026/10/08 14:03:16.515, 100 %, 46624 MiB, 355.54 W, 355.04 W, 638.48 W, 637.46 W, 1980 MHz
2026/10/08 14:03:16.715, 100 %, 46624 MiB, 355.99 W, 356.49 W, 639.50 W, 639.40 W, 1980 MHz
2026/10/08 14:03:16.916, 100 %, 46584 MiB, 355.98 W, 358.07 W, 639.71 W, 644.24 W, 1980 MHz
2026/10/08 14:03:17.116, 100 %, 46536 MiB, 356.12 W, 354.72 W, 639.84 W, 638.01 W, 1980 MHz
2026/10/08 14:03:17.317, 100 %, 46525 MiB, 355.88 W, 355.80 W, 640.07 W, 642.10 W, 1980 MHz
2026/10/08 14:03:17.517, 100 %, 46524 MiB, 356.18 W, 357.01 W, 640.72 W, 641.87 W, 1980 MHz
2026/10/08 14:03:17.717, 100 %, 46523 MiB, 355.95 W, 355.98 W, 640.93 W, 643.06 W, 1980 MHz
2026/10/08 14:03:17.918, 100 %, 46501 MiB, 355.89 W, 355.58 W, 641.39 W, 643.26 W, 1980 MHz
2026/10/08 14:03:18.118, 100 %, 46454 MiB, 355.52 W, 354.58 W, 641.56 W, 639.94 W, 1980 MHz
2026/10/08 14:03:18.318, 100 %, 46440 MiB, 355.57 W, 351.13 W, 641.59 W, 638.23 W, 1980 MHz
2026/10/08 14:03:18.519, 100 %, 46440 MiB, 355.35 W, 356.52 W, 641.52 W, 644.35 W, 1980 MHz
2026/10/08 14:03:18.719, 100 %, 46440 MiB, 355.04 W, 354.53 W, 641.53 W, 642.30 W, 1980 MHz
2026/10/08 14:03:18.919, 100 %, 46411 MiB, 355.13 W, 357.69 W, 641.72 W, 644.23 W, 1980 MHz
2026/10/08 14:03:19.120, 100 %, 46385 MiB, 355.60 W, 353.98 W, 642.52 W, 641.87 W, 1980 MHz
2026/10/08 14:03:19.320, 100 %, 46375 MiB, 355.49 W, 356.95 W, 642.89 W, 644.23 W, 1980 MHz
2026/10/08 14:03:19.520, 100 %, 46364 MiB, 355.42 W, 353.94 W, 643.20 W, 642.72 W, 1980 MHz
2026/10/08 14:03:19.721, 100 %, 46364 MiB, 355.70 W, 355.60 W, 643.65 W, 644.03 W, 1980 MHz
2026/10/08 14:03:19.921, 100 %, 46339 MiB, 355.74 W, 358.25 W, 643.85 W, 647.36 W, 1980 MHz
2026/10/08 14:03:20.124, 100 %, 46311 MiB, 355.71 W, 355.25 W, 643.88 W, 642.08 W, 1980 MHz
2026/10/08 14:03:20.348, 100 %, 46306 MiB, 355.75 W, 355.87 W, 643.79 W, 643.83 W, 1980 MHz
2026/10/08 14:03:20.549, 100 %, 46306 MiB, 356.09 W, 353.51 W, 644.71 W, 644.03 W, 1980 MHz
2026/10/08 14:03:20.749, 100 %, 46306 MiB, 355.72 W, 357.14 W, 644.73 W, 647.90 W, 1980 MHz
2026/10/08 14:03:20.949, 100 %, 46273 MiB, 355.84 W, 358.22 W, 644.90 W, 644.23 W, 1980 MHz
2026/10/08 14:03:21.149, 100 %, 46248 MiB, 355.61 W, 354.18 W, 644.38 W, 639.20 W, 1980 MHz
2026/10/08 14:03:21.350, 100 %, 46242 MiB, 355.67 W, 357.22 W, 643.93 W, 640.16 W, 1980 MHz
2026/10/08 14:03:21.550, 100 %, 46242 MiB, 355.73 W, 357.01 W, 642.39 W, 639.94 W, 1980 MHz
2026/10/08 14:03:21.750, 100 %, 46242 MiB, 356.31 W, 357.20 W, 641.34 W, 638.97 W, 1980 MHz
2026/10/08 14:03:21.950, 100 %, 46215 MiB, 355.99 W, 356.49 W, 640.04 W, 641.13 W, 1980 MHz
2026/10/08 14:03:22.151, 100 %, 46197 MiB, 356.29 W, 357.30 W, 639.67 W, 640.16 W, 1980 MHz
2026/10/08 14:03:22.351, 100 %, 46190 MiB, 356.56 W, 355.16 W, 639.54 W, 638.23 W, 1980 MHz
2026/10/08 14:03:22.551, 100 %, 46190 MiB, 356.46 W, 356.18 W, 639.74 W, 640.04 W, 1980 MHz
2026/10/08 14:03:22.751, 100 %, 46188 MiB, 356.35 W, 357.14 W, 639.85 W, 640.16 W, 1980 MHz
2026/10/08 14:03:22.952, 100 %, 46165 MiB, 356.67 W, 357.30 W, 640.46 W, 641.55 W, 1980 MHz
2026/10/08 14:03:23.152, 100 %, 46148 MiB, 356.70 W, 356.58 W, 640.94 W, 642.84 W, 1980 MHz
2026/10/08 14:03:23.352, 100 %, 46138 MiB, 356.73 W, 354.43 W, 641.37 W, 639.20 W, 1980 MHz
2026/10/08 14:03:23.553, 100 %, 46136 MiB, 356.73 W, 356.51 W, 641.97 W, 644.99 W, 1980 MHz
2026/10/08 14:03:23.753, 100 %, 46136 MiB, 356.84 W, 357.36 W, 642.76 W, 642.84 W, 1980 MHz
2026/10/08 14:03:23.953, 100 %, 46108 MiB, 356.73 W, 353.28 W, 643.09 W, 638.65 W, 1980 MHz
2026/10/08 14:03:24.154, 100 %, 46095 MiB, 356.52 W, 358.18 W, 643.43 W, 647.90 W, 1980 MHz
2026/10/08 14:03:24.354, 100 %, 46093 MiB, 356.39 W, 356.69 W, 643.97 W, 645.96 W, 1980 MHz
2026/10/08 14:03:24.554, 100 %, 46093 MiB, 356.25 W, 356.68 W, 644.33 W, 645.96 W, 1980 MHz
2026/10/08 14:03:24.755, 100 %, 45522 MiB, 337.97 W, 159.28 W, 626.51 W, 449.04 W, 1980 MHz
2026/10/08 14:03:24.987, 0 %, 45502 MiB, 299.20 W, 159.54 W, 588.41 W, 449.20 W, 1980 MHz
2026/10/08 14:03:25.187, 0 %, 45496 MiB, 258.65 W, 158.61 W, 548.22 W, 451.81 W, 1980 MHz
2026/10/08 14:03:25.388, 0 %, 45494 MiB, 221.80 W, 158.98 W, 511.22 W, 446.29 W, 1980 MHz
2026/10/08 14:03:25.588, 0 %, 45489 MiB, 183.30 W, 158.13 W, 472.11 W, 443.09 W, 1980 MHz
2026/10/08 14:03:25.788, 0 %, 45489 MiB, 158.76 W, 157.27 W, 446.31 W, 441.44 W, 1980 MHz
2026/10/08 14:03:25.989, 0 %, 45470 MiB, 158.46 W, 157.37 W, 445.32 W, 443.38 W, 1980 MHz
2026/10/08 14:03:26.189, 0 %, 45465 MiB, 158.21 W, 157.32 W, 444.14 W, 441.29 W, 1980 MHz
2026/10/08 14:03:26.389, 0 %, 45460 MiB, 157.97 W, 158.75 W, 442.50 W, 442.12 W, 1980 MHz
2026/10/08 14:03:26.589, 0 %, 45457 MiB, 155.95 W, 104.10 W, 439.88 W, 389.05 W, 555 MHz
2026/10/08 14:03:26.790, 0 %, 45457 MiB, 144.60 W, 101.19 W, 428.63 W, 384.31 W, 525 MHz
2026/10/08 14:03:26.990, 0 %, 45449 MiB, 134.21 W, 104.06 W, 412.23 W, 353.61 W, 480 MHz
2026/10/08 14:03:27.190, 0 %, 45441 MiB, 122.76 W, 102.93 W, 398.15 W, 380.57 W, 435 MHz
2026/10/08 14:03:27.391, 0 %, 45439 MiB, 111.63 W, 102.84 W, 385.57 W, 377.65 W, 405 MHz
2026/10/08 14:03:27.591, 0 %, 45437 MiB, 102.24 W, 102.24 W, 374.39 W, 375.46 W, 360 MHz
2026/10/08 14:03:27.792, 0 %, 45432 MiB, 102.09 W, 101.47 W, 372.67 W, 376.55 W, 345 MHz
2026/10/08 14:03:27.992, 0 %, 45423 MiB, 101.80 W, 101.64 W, 376.21 W, 377.90 W, 345 MHz
2026/10/08 14:03:28.192, 0 %, 45418 MiB, 101.60 W, 100.59 W, 378.16 W, 380.57 W, 345 MHz
2026/10/08 14:03:28.393, 0 %, 45418 MiB, 101.39 W, 101.14 W, 378.92 W, 384.45 W, 345 MHz
2026/10/08 14:03:28.593, 0 %, 45418 MiB, 101.21 W, 99.88 W, 380.31 W, 384.70 W, 345 MHz
2026/10/08 14:03:28.793, 0 %, 45418 MiB, 101.18 W, 100.89 W, 382.02 W, 382.51 W, 345 MHz
2026/10/08 14:03:28.994, 0 %, 45407 MiB, 100.98 W, 101.50 W, 382.86 W, 383.73 W, 345 MHz
2026/10/08 14:03:29.194, 0 %, 45399 MiB, 101.00 W, 100.40 W, 383.54 W, 385.30 W, 345 MHz
2026/10/08 14:03:29.394, 0 %, 45399 MiB, 100.99 W, 102.01 W, 384.50 W, 388.33 W, 345 MHz
2026/10/08 14:03:29.595, 0 %, 45399 MiB, 101.00 W, 100.75 W, 385.40 W, 388.33 W, 345 MHz
2026/10/08 14:03:29.795, 0 %, 45396 MiB, 100.88 W, 101.19 W, 386.00 W, 388.33 W, 345 MHz
2026/10/08 14:03:29.995, 0 %, 45388 MiB, 100.91 W, 100.34 W, 386.74 W, 387.36 W, 345 MHz
2026/10/08 14:03:30.195, 0 %, 45385 MiB, 100.84 W, 100.21 W, 387.27 W, 386.39 W, 345 MHz
2026/10/08 14:03:30.396, 0 %, 45384 MiB, 100.84 W, 100.36 W, 387.26 W, 387.36 W, 345 MHz
2026/10/08 14:03:30.596, 0 %, 45383 MiB, 100.78 W, 101.63 W, 387.15 W, 390.02 W, 345 MHz
2026/10/08 14:03:30.797, 0 %, 45383 MiB, 100.80 W, 100.47 W, 387.45 W, 388.33 W, 345 MHz
2026/10/08 14:03:30.997, 0 %, 45368 MiB, 100.68 W, 100.72 W, 387.71 W, 388.20 W, 345 MHz
2026/10/08 14:03:31.197, 0 %, 45366 MiB, 100.52 W, 99.81 W, 387.85 W, 387.23 W, 345 MHz
2026/10/08 14:03:31.398, 0 %, 45366 MiB, 100.49 W, 101.56 W, 388.30 W, 385.42 W, 345 MHz
2026/10/08 14:03:31.598, 0 %, 45366 MiB, 100.49 W, 101.24 W, 387.66 W, 384.45 W, 345 MHz
2026/10/08 14:03:31.799, 0 %, 45366 MiB, 100.47 W, 100.38 W, 386.67 W, 384.45 W, 345 MHz
2026/10/08 14:03:31.999, 0 %, 45359 MiB, 100.50 W, 101.77 W, 385.83 W, 385.42 W, 345 MHz
2026/10/08 14:03:32.200, 0 %, 45353 MiB, 100.51 W, 99.90 W, 385.99 W, 389.05 W, 345 MHz
2026/10/08 14:03:32.400, 0 %, 45352 MiB, 100.52 W, 99.79 W, 385.98 W, 386.39 W, 345 MHz
2026/10/08 14:03:32.600, 0 %, 45352 MiB, 100.49 W, 100.60 W, 386.64 W, 388.33 W, 345 MHz
2026/10/08 14:03:32.801, 0 %, 45349 MiB, 100.50 W, 101.95 W, 387.22 W, 392.22 W, 345 MHz
2026/10/08 14:03:33.001, 0 %, 45345 MiB, 100.56 W, 100.89 W, 387.73 W, 386.14 W, 345 MHz
2026/10/08 14:03:33.201, 0 %, 45344 MiB, 100.57 W, 100.36 W, 387.23 W, 384.31 W, 345 MHz
2026/10/08 14:03:33.402, 0 %, 45344 MiB, 100.74 W, 101.55 W, 384.80 W, 368.06 W, 345 MHz
2026/10/08 14:03:33.602, 0 %, 45343 MiB, 100.98 W, 102.41 W, 381.24 W, 368.92 W, 345 MHz
2026/10/08 14:03:33.802, 0 %, 45343 MiB, 101.50 W, 104.57 W, 375.61 W, 345.95 W, 345 MHz
2026/10/08 14:03:34.003, 0 %, 45336 MiB, 102.38 W, 107.13 W, 364.80 W, 322.74 W, 345 MHz
2026/10/08 14:03:34.203, 0 %, 45332 MiB, 103.39 W, 105.79 W, 350.98 W, 311.95 W, 345 MHz
2026/10/08 14:03:34.403, 0 %, 45331 MiB, 104.42 W, 106.83 W, 338.33 W, 310.21 W, 345 MHz
2026/10/08 14:03:34.603, 0 %, 45331 MiB, 105.52 W, 106.51 W, 325.17 W, 304.27 W, 345 MHz
2026/10/08 14:03:34.804, 0 %, 45331 MiB, 106.26 W, 107.85 W, 314.27 W, 305.34 W, 345 MHz
2026/10/08 14:03:35.004, 0 %, 45327 MiB, 106.58 W, 107.46 W, 308.54 W, 305.24 W, 345 MHz
2026/10/08 14:03:35.204, 0 %, 45326 MiB, 106.79 W, 106.98 W, 306.16 W, 303.30 W, 345 MHz
2026/10/08 14:03:35.404, 0 %, 45326 MiB, 106.84 W, 106.78 W, 304.12 W, 299.61 W, 345 MHz
2026/10/08 14:03:35.605, 0 %, 45326 MiB, 106.84 W, 107.36 W, 302.95 W, 300.38 W, 345 MHz
2026/10/08 14:03:35.805, 0 %, 45324 MiB, 106.84 W, 107.51 W, 302.15 W, 301.35 W, 345 MHz
2026/10/08 14:03:36.005, 0 %, 45323 MiB, 106.83 W, 106.92 W, 301.26 W, 300.38 W, 345 MHz
2026/10/08 14:03:36.206, 0 %, 45323 MiB, 106.85 W, 106.95 W, 300.58 W, 300.47 W, 345 MHz
2026/10/08 14:03:36.406, 0 %, 45320 MiB, 106.91 W, 106.50 W, 300.27 W, 300.58 W, 345 MHz
2026/10/08 14:03:36.606, 0 %, 45320 MiB, 106.93 W, 106.03 W, 300.34 W, 299.41 W, 345 MHz
2026/10/08 14:03:36.807, 0 %, 45318 MiB, 106.90 W, 106.21 W, 300.70 W, 301.35 W, 345 MHz
2026/10/08 14:03:37.007, 0 %, 45313 MiB, 106.91 W, 106.88 W, 301.05 W, 301.35 W, 345 MHz
2026/10/08 14:03:37.207, 0 %, 45312 MiB, 106.88 W, 106.97 W, 300.98 W, 300.38 W, 345 MHz
2026/10/08 14:03:37.407, 0 %, 45312 MiB, 106.87 W, 106.93 W, 300.94 W, 300.69 W, 345 MHz
2026/10/08 14:03:37.608, 0 %, 45312 MiB, 106.80 W, 106.28 W, 300.35 W, 296.78 W, 345 MHz
2026/10/08 14:03:37.808, 0 %, 45310 MiB, 106.90 W, 106.87 W, 299.41 W, 296.58 W, 345 MHz
2026/10/08 14:03:38.008, 0 %, 45305 MiB, 106.96 W, 107.77 W, 298.72 W, 299.61 W, 345 MHz
2026/10/08 14:03:38.208, 0 %, 45301 MiB, 106.99 W, 107.23 W, 298.20 W, 298.44 W, 345 MHz
2026/10/08 14:03:38.409, 0 %, 45301 MiB, 107.01 W, 107.00 W, 297.63 W, 297.77 W, 345 MHz
2026/10/08 14:03:38.609, 0 %, 45301 MiB, 107.05 W, 106.52 W, 297.53 W, 297.56 W, 345 MHz
2026/10/08 14:03:38.809, 0 %, 45300 MiB, 107.06 W, 107.35 W, 297.74 W, 297.57 W, 345 MHz
2026/10/08 14:03:39.009, 0 %, 45299 MiB, 107.04 W, 107.01 W, 297.63 W, 296.69 W, 345 MHz
2026/10/08 14:03:39.210, 0 %, 45298 MiB, 107.07 W, 107.83 W, 297.53 W, 298.53 W, 345 MHz
2026/10/08 14:03:39.410, 0 %, 45298 MiB, 107.07 W, 106.99 W, 297.31 W, 296.69 W, 345 MHz
2026/10/08 14:03:39.610, 0 %, 45298 MiB, 107.07 W, 106.69 W, 297.02 W, 295.52 W, 345 MHz
2026/10/08 14:03:39.810, 0 %, 45297 MiB, 107.00 W, 107.31 W, 296.90 W, 297.57 W, 345 MHz
2026/10/08 14:03:40.011, 0 %, 45295 MiB, 107.04 W, 107.21 W, 297.00 W, 299.50 W, 345 MHz
2026/10/08 14:03:40.211, 0 %, 45292 MiB, 107.04 W, 107.79 W, 297.22 W, 297.47 W, 345 MHz
2026/10/08 14:03:40.411, 0 %, 45291 MiB, 107.01 W, 108.30 W, 297.48 W, 299.70 W, 345 MHz
2026/10/08 14:03:40.611, 0 %, 45291 MiB, 106.93 W, 105.67 W, 297.67 W, 296.69 W, 345 MHz
2026/10/08 14:03:40.812, 0 %, 45290 MiB, 107.04 W, 107.33 W, 297.92 W, 297.56 W, 345 MHz
2026/10/08 14:03:41.012, 0 %, 45289 MiB, 107.04 W, 106.21 W, 297.89 W, 297.47 W, 345 MHz
2026/10/08 14:03:41.212, 0 %, 45289 MiB, 107.00 W, 107.56 W, 297.65 W, 296.60 W, 345 MHz
2026/10/08 14:03:41.413, 0 %, 45288 MiB, 107.13 W, 108.35 W, 297.52 W, 298.63 W, 345 MHz
2026/10/08 14:03:41.613, 0 %, 45288 MiB, 107.18 W, 106.49 W, 297.35 W, 296.69 W, 345 MHz
2026/10/08 14:03:41.813, 0 %, 45285 MiB, 107.21 W, 107.37 W, 297.20 W, 296.60 W, 345 MHz
2026/10/08 14:03:42.013, 0 %, 45284 MiB, 107.26 W, 108.18 W, 297.18 W, 297.56 W, 345 MHz
2026/10/08 14:03:42.214, 0 %, 45283 MiB, 107.28 W, 105.75 W, 297.24 W, 296.58 W, 345 MHz
2026/10/08 14:03:42.414, 0 %, 45283 MiB, 107.19 W, 107.16 W, 297.18 W, 297.77 W, 345 MHz
2026/10/08 14:03:42.614, 0 %, 45283 MiB, 107.14 W, 108.48 W, 297.21 W, 299.61 W, 345 MHz
2026/10/08 14:03:42.814, 0 %, 45283 MiB, 107.05 W, 106.97 W, 297.01 W, 295.63 W, 345 MHz
2026/10/08 14:03:43.015, 0 %, 45280 MiB, 106.91 W, 107.04 W, 296.21 W, 293.68 W, 345 MHz
2026/10/08 14:03:43.215, 0 %, 45278 MiB, 106.96 W, 106.48 W, 295.27 W, 291.72 W, 345 MHz
2026/10/08 14:03:43.415, 0 %, 45278 MiB, 106.93 W, 106.90 W, 294.62 W, 293.77 W, 345 MHz
2026/10/08 14:03:43.615, 0 %, 45278 MiB, 106.99 W, 107.03 W, 294.05 W, 293.96 W, 345 MHz
2026/10/08 14:03:43.815, 0 %, 45277 MiB, 107.05 W, 107.82 W, 293.45 W, 295.72 W, 345 MHz
2026/10/08 14:03:44.016, 0 %, 45276 MiB, 107.10 W, 107.34 W, 293.51 W, 293.58 W, 345 MHz
2026/10/08 14:03:44.216, 0 %, 45275 MiB, 107.09 W, 107.61 W, 293.78 W, 293.68 W, 345 MHz
2026/10/08 14:03:44.416, 0 %, 45274 MiB, 107.17 W, 107.00 W, 293.95 W, 292.80 W, 345 MHz
2026/10/08 14:03:44.617, 0 %, 45274 MiB, 107.18 W, 106.90 W, 293.78 W, 292.00 W, 345 MHz
2026/10/08 14:03:44.817, 0 %, 45269 MiB, 107.23 W, 108.93 W, 293.70 W, 295.72 W, 345 MHz
2026/10/08 14:03:45.017, 0 %, 45268 MiB, 107.21 W, 107.10 W, 293.55 W, 292.80 W, 345 MHz
2026/10/08 14:03:45.240, 0 %, 45275 MiB, 107.14 W, 107.62 W, 293.47 W, 294.74 W, 345 MHz
2026/10/08 14:03:45.446, 0 %, 45827 MiB, 112.26 W, 163.85 W, 298.41 W, 349.73 W, 1980 MHz
2026/10/08 14:03:45.646, 1 %, 45271 MiB, 128.83 W, 163.18 W, 315.06 W, 349.73 W, 1980 MHz
2026/10/08 14:03:45.849, 0 %, 45311 MiB, 139.54 W, 161.65 W, 325.95 W, 347.67 W, 1980 MHz
2026/10/08 14:03:46.050, 1 %, 45827 MiB, 157.29 W, 319.11 W, 344.02 W, 506.28 W, 1980 MHz
2026/10/08 14:03:46.251, 62 %, 45826 MiB, 204.06 W, 346.83 W, 390.60 W, 532.73 W, 1980 MHz
2026/10/08 14:03:46.451, 100 %, 45826 MiB, 243.37 W, 347.76 W, 430.02 W, 534.23 W, 1980 MHz
2026/10/08 14:03:46.651, 100 %, 45826 MiB, 280.35 W, 349.38 W, 467.07 W, 535.82 W, 1980 MHz
2026/10/08 14:03:46.851, 100 %, 45826 MiB, 314.68 W, 349.06 W, 501.39 W, 535.99 W, 1980 MHz
2026/10/08 14:03:47.052, 100 %, 45825 MiB, 348.12 W, 349.86 W, 534.74 W, 537.14 W, 1980 MHz
2026/10/08 14:03:47.252, 100 %, 45823 MiB, 348.95 W, 349.17 W, 535.92 W, 537.76 W, 1980 MHz
2026/10/08 14:03:47.452, 100 %, 45823 MiB, 349.27 W, 349.72 W, 536.49 W, 536.79 W, 1980 MHz
2026/10/08 14:03:47.652, 100 %, 45823 MiB, 349.52 W, 349.19 W, 536.94 W, 537.76 W, 1980 MHz
2026/10/08 14:03:47.853, 100 %, 45823 MiB, 349.69 W, 349.32 W, 537.36 W, 537.76 W, 1980 MHz
2026/10/08 14:03:48.053, 100 %, 45822 MiB, 349.87 W, 351.42 W, 537.60 W, 538.11 W, 1980 MHz
2026/10/08 14:03:48.253, 100 %, 45821 MiB, 350.00 W, 350.53 W, 537.67 W, 537.76 W, 1980 MHz
2026/10/08 14:03:48.453, 100 %, 45821 MiB, 350.66 W, 355.74 W, 538.33 W, 544.18 W, 1980 MHz
2026/10/08 14:03:48.653, 100 %, 45821 MiB, 351.81 W, 356.20 W, 539.36 W, 544.54 W, 1980 MHz
2026/10/08 14:03:48.854, 100 %, 45820 MiB, 352.94 W, 355.31 W, 540.34 W, 543.57 W, 1980 MHz
2026/10/08 14:03:49.054, 100 %, 45819 MiB, 354.08 W, 354.28 W, 541.40 W, 542.77 W, 1980 MHz
2026/10/08 14:03:49.254, 100 %, 45818 MiB, 355.20 W, 354.04 W, 542.66 W, 541.44 W, 1980 MHz
2026/10/08 14:03:49.454, 100 %, 45818 MiB, 355.80 W, 355.13 W, 543.27 W, 543.15 W, 1980 MHz
2026/10/08 14:03:49.654, 100 %, 45817 MiB, 355.83 W, 355.36 W, 543.45 W, 543.57 W, 1980 MHz
2026/10/08 14:03:49.855, 100 %, 45817 MiB, 355.95 W, 355.81 W, 543.41 W, 542.41 W, 1980 MHz
2026/10/08 14:03:50.055, 100 %, 45815 MiB, 355.98 W, 355.08 W, 543.23 W, 540.66 W, 1980 MHz
2026/10/08 14:03:50.255, 100 %, 45814 MiB, 356.03 W, 354.64 W, 542.91 W, 540.47 W, 1980 MHz
2026/10/08 14:03:50.456, 100 %, 45808 MiB, 355.63 W, 351.87 W, 548.29 W, 591.23 W, 1980 MHz
2026/10/08 14:03:50.656, 100 %, 45808 MiB, 354.90 W, 353.45 W, 558.63 W, 591.42 W, 1980 MHz
2026/10/08 14:03:50.856, 100 %, 45807 MiB, 354.45 W, 355.61 W, 565.83 W, 573.03 W, 1980 MHz
2026/10/08 14:03:51.057, 100 %, 45806 MiB, 353.87 W, 352.60 W, 573.67 W, 585.62 W, 1980 MHz
2026/10/08 14:03:51.258, 100 %, 45803 MiB, 353.31 W, 353.50 W, 583.40 W, 590.27 W, 1980 MHz
2026/10/08 14:03:51.458, 100 %, 45803 MiB, 353.03 W, 350.50 W, 587.39 W, 587.55 W, 1980 MHz
2026/10/08 14:03:51.659, 100 %, 45803 MiB, 353.03 W, 352.84 W, 586.59 W, 592.39 W, 1980 MHz
2026/10/08 14:03:51.859, 100 %, 45796 MiB, 352.85 W, 352.38 W, 589.39 W, 597.04 W, 1980 MHz
2026/10/08 14:03:52.060, 100 %, 45795 MiB, 352.63 W, 353.20 W, 592.29 W, 599.94 W, 1980 MHz
2026/10/08 14:03:52.260, 100 %, 45793 MiB, 352.47 W, 352.57 W, 594.24 W, 594.14 W, 1980 MHz
2026/10/08 14:03:52.461, 100 %, 45793 MiB, 352.49 W, 352.77 W, 594.72 W, 593.36 W, 1980 MHz
2026/10/08 14:03:52.661, 100 %, 45793 MiB, 352.82 W, 353.89 W, 595.74 W, 595.30 W, 1980 MHz
2026/10/08 14:03:52.862, 100 %, 45788 MiB, 352.86 W, 354.91 W, 596.08 W, 603.82 W, 1980 MHz
2026/10/08 14:03:53.063, 100 %, 45786 MiB, 352.79 W, 352.36 W, 596.36 W, 601.88 W, 1980 MHz
2026/10/08 14:03:53.263, 100 %, 45785 MiB, 352.70 W, 352.80 W, 597.03 W, 600.91 W, 1980 MHz
2026/10/08 14:03:53.464, 100 %, 45784 MiB, 353.04 W, 352.81 W, 594.57 W, 572.06 W, 1980 MHz
2026/10/08 14:03:53.665, 100 %, 45784 MiB, 353.14 W, 354.56 W, 590.83 W, 578.07 W, 1980 MHz
2026/10/08 14:03:53.865, 100 %, 45784 MiB, 353.50 W, 353.86 W, 588.42 W, 580.59 W, 1980 MHz
2026/10/08 14:03:54.066, 100 %, 45783 MiB, 354.01 W, 354.86 W, 584.64 W, 580.98 W, 1980 MHz
2026/10/08 14:03:54.267, 100 %, 45781 MiB, 354.58 W, 354.85 W, 580.13 W, 576.90 W, 1980 MHz
2026/10/08 14:03:54.467, 100 %, 45781 MiB, 354.93 W, 355.14 W, 578.92 W, 574.97 W, 1980 MHz
2026/10/08 14:03:54.668, 100 %, 45781 MiB, 355.35 W, 354.43 W, 578.59 W, 572.26 W, 1980 MHz
2026/10/08 14:03:54.869, 100 %, 45780 MiB, 355.43 W, 353.14 W, 578.35 W, 587.55 W, 1980 MHz
2026/10/08 14:03:55.070, 100 %, 45775 MiB, 355.28 W, 353.96 W, 580.58 W, 593.36 W, 1980 MHz
2026/10/08 14:03:55.271, 100 %, 45773 MiB, 355.15 W, 353.64 W, 583.30 W, 593.93 W, 1980 MHz
2026/10/08 14:03:55.471, 100 %, 45773 MiB, 354.73 W, 353.19 W, 586.58 W, 593.36 W, 1980 MHz
2026/10/08 14:03:55.672, 100 %, 45773 MiB, 354.21 W, 352.29 W, 590.71 W, 591.81 W, 1980 MHz
2026/10/08 14:03:55.872, 100 %, 45771 MiB, 354.03 W, 352.98 W, 593.15 W, 592.20 W, 1980 MHz
2026/10/08 14:03:56.073, 100 %, 45768 MiB, 353.68 W, 353.99 W, 593.32 W, 591.24 W, 1980 MHz
2026/10/08 14:03:56.274, 100 %, 45767 MiB, 353.62 W, 354.91 W, 593.50 W, 595.11 W, 1980 MHz
2026/10/08 14:03:56.474, 100 %, 45767 MiB, 353.75 W, 355.90 W, 593.25 W, 591.63 W, 1980 MHz
2026/10/08 14:03:56.675, 100 %, 45767 MiB, 353.89 W, 354.72 W, 593.01 W, 592.20 W, 1980 MHz
2026/10/08 14:03:56.875, 100 %, 45764 MiB, 354.08 W, 355.53 W, 592.87 W, 590.27 W, 1980 MHz
2026/10/08 14:03:57.076, 100 %, 45763 MiB, 354.43 W, 353.92 W, 592.97 W, 591.23 W, 1980 MHz
2026/10/08 14:03:57.277, 100 %, 45760 MiB, 354.41 W, 354.62 W, 593.89 W, 599.95 W, 1980 MHz
2026/10/08 14:03:57.477, 100 %, 45760 MiB, 354.26 W, 355.31 W, 594.76 W, 600.34 W, 1980 MHz
2026/10/08 14:03:57.678, 100 %, 45760 MiB, 354.10 W, 354.75 W, 595.91 W, 599.95 W, 1980 MHz
2026/10/08 14:03:57.879, 100 %, 45757 MiB, 353.96 W, 354.62 W, 597.05 W, 600.91 W, 1980 MHz
2026/10/08 14:03:58.079, 100 %, 45756 MiB, 353.93 W, 354.22 W, 598.36 W, 598.98 W, 1980 MHz
2026/10/08 14:03:58.280, 100 %, 45754 MiB, 353.80 W, 351.75 W, 598.28 W, 594.90 W, 1980 MHz
2026/10/08 14:03:58.481, 100 %, 45754 MiB, 353.65 W, 355.21 W, 598.30 W, 599.17 W, 1980 MHz
2026/10/08 14:03:58.682, 100 %, 45754 MiB, 353.74 W, 355.09 W, 597.97 W, 598.20 W, 1980 MHz
2026/10/08 14:03:58.883, 100 %, 45752 MiB, 353.75 W, 353.93 W, 597.75 W, 598.01 W, 1980 MHz
2026/10/08 14:03:59.084, 100 %, 45750 MiB, 353.74 W, 353.23 W, 597.58 W, 598.98 W, 1980 MHz
2026/10/08 14:03:59.285, 100 %, 45750 MiB, 353.92 W, 352.19 W, 596.38 W, 590.27 W, 1980 MHz
2026/10/08 14:03:59.485, 100 %, 45750 MiB, 354.35 W, 354.40 W, 595.53 W, 591.42 W, 1980 MHz
2026/10/08 14:03:59.686, 100 %, 45750 MiB, 354.42 W, 354.47 W, 594.70 W, 594.33 W, 1980 MHz
2026/10/08 14:03:59.887, 100 %, 45749 MiB, 354.44 W, 354.25 W, 594.51 W, 595.11 W, 1980 MHz
2026/10/08 14:04:00.087, 100 %, 45747 MiB, 354.63 W, 354.34 W, 594.24 W, 597.04 W, 1980 MHz
2026/10/08 14:04:00.288, 100 %, 45745 MiB, 354.62 W, 353.22 W, 595.18 W, 595.10 W, 1980 MHz
2026/10/08 14:04:00.488, 100 %, 45745 MiB, 354.60 W, 354.19 W, 595.92 W, 594.53 W, 1980 MHz
2026/10/08 14:04:00.689, 100 %, 45745 MiB, 354.58 W, 354.38 W, 596.61 W, 598.01 W, 1980 MHz
2026/10/08 14:04:00.890, 100 %, 45744 MiB, 354.55 W, 354.94 W, 596.59 W, 597.80 W, 1980 MHz
2026/10/08 14:04:01.090, 100 %, 45743 MiB, 354.46 W, 354.87 W, 596.45 W, 596.07 W, 1980 MHz
2026/10/08 14:04:01.291, 100 %, 45742 MiB, 354.23 W, 350.42 W, 596.60 W, 594.14 W, 1980 MHz
2026/10/08 14:04:01.492, 100 %, 45742 MiB, 353.94 W, 353.26 W, 596.87 W, 597.23 W, 1980 MHz
2026/10/08 14:04:01.693, 100 %, 45740 MiB, 353.79 W, 354.54 W, 597.62 W, 601.90 W, 1980 MHz
2026/10/08 14:04:01.894, 100 %, 45740 MiB, 353.79 W, 355.53 W, 598.61 W, 601.88 W, 1980 MHz
2026/10/08 14:04:02.094, 100 %, 45737 MiB, 353.70 W, 355.89 W, 599.58 W, 604.78 W, 1980 MHz
2026/10/08 14:04:02.295, 100 %, 45737 MiB, 353.91 W, 356.08 W, 600.80 W, 603.81 W, 1980 MHz
2026/10/08 14:04:02.496, 100 %, 45737 MiB, 354.08 W, 354.67 W, 602.60 W, 609.81 W, 1980 MHz
2026/10/08 14:04:02.697, 100 %, 45737 MiB, 354.07 W, 353.66 W, 604.42 W, 607.88 W, 1980 MHz
2026/10/08 14:04:02.897, 100 %, 45735 MiB, 353.95 W, 353.93 W, 605.59 W, 608.44 W, 1980 MHz
2026/10/08 14:04:03.098, 100 %, 45733 MiB, 353.87 W, 356.21 W, 607.06 W, 610.59 W, 1980 MHz
2026/10/08 14:04:03.299, 100 %, 45732 MiB, 353.57 W, 353.09 W, 607.87 W, 609.62 W, 1980 MHz
2026/10/08 14:04:03.500, 100 %, 45732 MiB, 353.50 W, 355.02 W, 608.20 W, 611.34 W, 1980 MHz
2026/10/08 14:04:03.700, 100 %, 45732 MiB, 353.56 W, 353.95 W, 608.32 W, 607.68 W, 1980 MHz
2026/10/08 14:04:03.901, 100 %, 45730 MiB, 353.57 W, 353.86 W, 608.88 W, 610.38 W, 1980 MHz
2026/10/08 14:04:04.102, 100 %, 45728 MiB, 353.51 W, 354.29 W, 608.73 W, 607.68 W, 1980 MHz
2026/10/08 14:04:04.303, 100 %, 45727 MiB, 353.46 W, 349.72 W, 608.79 W, 608.65 W, 1980 MHz
2026/10/08 14:04:04.503, 100 %, 45727 MiB, 353.24 W, 354.62 W, 608.40 W, 607.69 W, 1980 MHz
2026/10/08 14:04:04.704, 100 %, 45727 MiB, 353.24 W, 352.33 W, 608.37 W, 607.92 W, 1980 MHz
2026/10/08 14:04:04.905, 100 %, 45726 MiB, 353.18 W, 351.86 W, 608.14 W, 605.54 W, 1980 MHz
2026/10/08 14:04:05.106, 100 %, 45724 MiB, 353.20 W, 352.24 W, 608.46 W, 607.88 W, 1980 MHz
2026/10/08 14:04:05.306, 100 %, 45723 MiB, 353.35 W, 352.17 W, 608.68 W, 607.47 W, 1980 MHz
2026/10/08 14:04:05.507, 100 %, 45723 MiB, 353.69 W, 354.12 W, 609.13 W, 610.38 W, 1980 MHz
2026/10/08 14:04:05.708, 100 %, 45723 MiB, 353.66 W, 352.52 W, 609.04 W, 607.12 W, 1980 MHz
2026/10/08 14:04:05.909, 100 %, 45722 MiB, 353.75 W, 353.27 W, 609.13 W, 610.38 W, 1980 MHz
2026/10/08 14:04:06.109, 100 %, 45721 MiB, 353.77 W, 353.61 W, 609.44 W, 609.81 W, 1980 MHz
2026/10/08 14:04:06.310, 100 %, 45719 MiB, 353.83 W, 352.71 W, 609.61 W, 609.05 W, 1980 MHz
2026/10/08 14:04:06.511, 100 %, 45719 MiB, 353.85 W, 354.17 W, 609.78 W, 609.62 W, 1980 MHz
2026/10/08 14:04:06.711, 100 %, 45719 MiB, 353.60 W, 354.89 W, 609.72 W, 613.69 W, 1980 MHz
2026/10/08 14:04:06.912, 100 %, 45717 MiB, 353.54 W, 354.66 W, 610.05 W, 612.31 W, 1980 MHz
2026/10/08 14:04:07.113, 100 %, 45716 MiB, 353.50 W, 353.75 W, 609.95 W, 610.38 W, 1980 MHz
2026/10/08 14:04:07.314, 100 %, 45715 MiB, 353.38 W, 353.28 W, 610.74 W, 615.21 W, 1980 MHz
2026/10/08 14:04:07.514, 100 %, 45715 MiB, 353.41 W, 355.09 W, 611.68 W, 615.21 W, 1980 MHz
2026/10/08 14:04:07.715, 100 %, 45715 MiB, 353.62 W, 354.63 W, 613.21 W, 616.80 W, 1980 MHz
2026/10/08 14:04:07.916, 100 %, 45714 MiB, 353.69 W, 355.35 W, 613.98 W, 616.39 W, 1980 MHz
2026/10/08 14:04:08.116, 100 %, 45712 MiB, 353.72 W, 353.51 W, 615.07 W, 616.39 W, 1980 MHz
2026/10/08 14:04:08.317, 100 %, 45712 MiB, 353.88 W, 355.37 W, 615.33 W, 614.46 W, 1980 MHz
2026/10/08 14:04:08.518, 100 %, 45712 MiB, 353.86 W, 354.23 W, 615.39 W, 615.21 W, 1980 MHz
2026/10/08 14:04:08.718, 100 %, 45712 MiB, 353.95 W, 354.54 W, 615.31 W, 615.43 W, 1980 MHz
2026/10/08 14:04:08.919, 100 %, 45710 MiB, 353.92 W, 353.83 W, 615.47 W, 617.15 W, 1980 MHz
2026/10/08 14:04:09.120, 100 %, 45710 MiB, 353.92 W, 354.25 W, 615.69 W, 617.15 W, 1980 MHz
2026/10/08 14:04:09.321, 100 %, 45708 MiB, 353.92 W, 353.76 W, 616.36 W, 618.33 W, 1980 MHz
2026/10/08 14:04:09.521, 100 %, 45708 MiB, 353.99 W, 353.45 W, 616.89 W, 617.15 W, 1980 MHz
2026/10/08 14:04:09.722, 100 %, 45708 MiB, 354.00 W, 352.07 W, 617.33 W, 616.39 W, 1980 MHz
2026/10/08 14:04:09.922, 100 %, 45707 MiB, 354.05 W, 353.12 W, 617.77 W, 616.18 W, 1980 MHz
2026/10/08 14:04:10.122, 100 %, 45705 MiB, 354.12 W, 354.09 W, 618.14 W, 624.14 W, 1980 MHz
2026/10/08 14:04:10.323, 100 %, 45705 MiB, 354.05 W, 353.12 W, 619.08 W, 625.10 W, 1980 MHz
2026/10/08 14:04:10.523, 100 %, 45704 MiB, 354.07 W, 352.80 W, 620.13 W, 621.02 W, 1980 MHz
2026/10/08 14:04:10.724, 100 %, 45704 MiB, 354.05 W, 353.45 W, 621.21 W, 620.26 W, 1980 MHz
2026/10/08 14:04:10.924, 100 %, 45702 MiB, 354.16 W, 353.44 W, 622.43 W, 623.17 W, 1980 MHz
2026/10/08 14:04:11.125, 100 %, 45702 MiB, 354.26 W, 354.84 W, 624.00 W, 625.10 W, 1980 MHz
2026/10/08 14:04:11.325, 100 %, 45701 MiB, 354.35 W, 354.85 W, 624.78 W, 631.46 W, 1980 MHz
2026/10/08 14:04:11.525, 100 %, 45701 MiB, 354.34 W, 352.57 W, 625.03 W, 621.98 W, 1980 MHz
2026/10/08 14:04:11.726, 100 %, 45701 MiB, 354.39 W, 354.18 W, 625.29 W, 623.92 W, 1980 MHz
2026/10/08 14:04:11.926, 100 %, 45700 MiB, 354.42 W, 355.02 W, 625.34 W, 623.92 W, 1980 MHz
2026/10/08 14:04:12.127, 100 %, 45699 MiB, 354.41 W, 353.64 W, 625.02 W, 623.92 W, 1980 MHz
2026/10/08 14:04:12.327, 100 %, 45698 MiB, 354.50 W, 355.41 W, 624.78 W, 624.14 W, 1980 MHz
2026/10/08 14:04:12.528, 100 %, 45697 MiB, 354.55 W, 354.98 W, 624.64 W, 624.14 W, 1980 MHz
2026/10/08 14:04:12.728, 100 %, 45697 MiB, 354.68 W, 355.23 W, 624.78 W, 624.69 W, 1980 MHz
2026/10/08 14:04:12.928, 100 %, 45696 MiB, 354.63 W, 354.60 W, 624.69 W, 623.92 W, 1980 MHz
2026/10/08 14:04:13.129, 100 %, 45695 MiB, 354.67 W, 355.27 W, 624.22 W, 618.52 W, 1980 MHz
2026/10/08 14:04:13.329, 100 %, 45694 MiB, 354.54 W, 354.53 W, 623.48 W, 627.59 W, 1980 MHz
2026/10/08 14:04:13.530, 100 %, 45694 MiB, 354.59 W, 357.13 W, 623.84 W, 628.76 W, 1980 MHz
2026/10/08 14:04:13.730, 100 %, 45694 MiB, 354.54 W, 354.79 W, 623.98 W, 624.89 W, 1980 MHz
2026/10/08 14:04:13.930, 100 %, 45693 MiB, 354.57 W, 355.84 W, 623.74 W, 620.26 W, 1980 MHz
2026/10/08 14:04:14.131, 100 %, 45692 MiB, 354.34 W, 350.73 W, 623.29 W, 621.23 W, 1980 MHz
2026/10/08 14:04:14.331, 100 %, 45691 MiB, 354.19 W, 354.93 W, 623.80 W, 624.47 W, 1980 MHz
2026/10/08 14:04:14.532, 100 %, 45691 MiB, 354.17 W, 355.59 W, 623.56 W, 625.66 W, 1980 MHz
2026/10/08 14:04:14.732, 100 %, 45691 MiB, 354.17 W, 354.79 W, 623.58 W, 626.83 W, 1980 MHz
2026/10/08 14:04:14.933, 100 %, 45690 MiB, 354.12 W, 353.79 W, 623.91 W, 623.92 W, 1980 MHz
2026/10/08 14:04:15.133, 100 %, 45689 MiB, 354.37 W, 353.21 W, 624.95 W, 624.14 W, 1980 MHz
2026/10/08 14:04:15.333, 100 %, 45688 MiB, 354.60 W, 353.42 W, 625.60 W, 625.52 W, 1980 MHz
2026/10/08 14:04:15.534, 100 %, 45688 MiB, 354.61 W, 353.70 W, 625.72 W, 623.17 W, 1980 MHz
2026/10/08 14:04:15.734, 100 %, 45688 MiB, 354.27 W, 353.26 W, 625.75 W, 624.89 W, 1980 MHz
2026/10/08 14:04:15.935, 100 %, 45686 MiB, 354.32 W, 354.27 W, 626.11 W, 625.86 W, 1980 MHz
2026/10/08 14:04:16.135, 100 %, 45684 MiB, 354.32 W, 355.42 W, 624.12 W, 604.01 W, 1980 MHz
2026/10/08 14:04:16.336, 100 %, 45683 MiB, 354.50 W, 353.98 W, 620.57 W, 608.44 W, 1980 MHz
2026/10/08 14:04:16.536, 100 %, 45683 MiB, 354.59 W, 354.34 W, 617.50 W, 610.40 W, 1980 MHz
2026/10/08 14:04:16.737, 100 %, 45683 MiB, 354.95 W, 354.54 W, 615.00 W, 612.31 W, 1980 MHz
2026/10/08 14:04:16.938, 100 %, 45683 MiB, 354.99 W, 354.76 W, 611.97 W, 610.59 W, 1980 MHz
2026/10/08 14:04:17.138, 100 %, 45681 MiB, 355.04 W, 355.32 W, 611.26 W, 612.93 W, 1980 MHz
2026/10/08 14:04:17.339, 100 %, 45681 MiB, 354.93 W, 355.23 W, 612.23 W, 612.89 W, 1980 MHz
2026/10/08 14:04:17.539, 100 %, 45681 MiB, 354.82 W, 354.57 W, 612.79 W, 614.25 W, 1980 MHz
2026/10/08 14:04:17.740, 100 %, 45681 MiB, 354.80 W, 354.15 W, 613.19 W, 614.25 W, 1980 MHz
2026/10/08 14:04:17.941, 100 %, 45680 MiB, 354.76 W, 351.78 W, 613.79 W, 611.34 W, 1980 MHz
2026/10/08 14:04:18.142, 100 %, 45678 MiB, 354.58 W, 356.23 W, 613.82 W, 615.83 W, 1980 MHz
2026/10/08 14:04:18.342, 100 %, 45678 MiB, 354.65 W, 356.68 W, 614.00 W, 613.12 W, 1980 MHz
2026/10/08 14:04:18.543, 100 %, 45678 MiB, 354.73 W, 356.90 W, 614.51 W, 619.09 W, 1980 MHz
2026/10/08 14:04:18.744, 100 %, 45678 MiB, 354.87 W, 355.88 W, 615.25 W, 619.30 W, 1980 MHz
2026/10/08 14:04:18.944, 100 %, 45676 MiB, 354.88 W, 355.02 W, 615.83 W, 623.17 W, 1980 MHz
2026/10/08 14:04:19.145, 100 %, 45674 MiB, 355.11 W, 355.39 W, 616.89 W, 617.56 W, 1980 MHz
2026/10/08 14:04:19.346, 100 %, 45673 MiB, 355.09 W, 355.36 W, 617.62 W, 614.66 W, 1980 MHz
2026/10/08 14:04:19.546, 100 %, 45673 MiB, 355.15 W, 356.89 W, 618.01 W, 619.09 W, 1980 MHz
2026/10/08 14:04:19.747, 100 %, 45673 MiB, 354.96 W, 356.31 W, 617.79 W, 618.12 W, 1980 MHz
2026/10/08 14:04:19.948, 100 %, 45672 MiB, 354.96 W, 354.92 W, 617.30 W, 619.30 W, 1980 MHz
2026/10/08 14:04:20.149, 100 %, 45671 MiB, 355.12 W, 355.60 W, 615.89 W, 612.52 W, 1980 MHz
2026/10/08 14:04:20.404, 100 %, 45670 MiB, 355.21 W, 355.17 W, 615.38 W, 618.12 W, 1980 MHz
2026/10/08 14:04:20.604, 100 %, 45670 MiB, 355.33 W, 354.84 W, 614.95 W, 615.02 W, 1980 MHz
2026/10/08 14:04:20.805, 100 %, 45670 MiB, 355.40 W, 355.30 W, 614.77 W, 616.95 W, 1980 MHz
2026/10/08 14:04:21.006, 100 %, 45669 MiB, 355.11 W, 355.76 W, 614.86 W, 616.18 W, 1980 MHz
2026/10/08 14:04:21.206, 100 %, 45668 MiB, 354.98 W, 355.54 W, 615.19 W, 615.62 W, 1980 MHz
2026/10/08 14:04:21.407, 100 %, 45668 MiB, 354.91 W, 355.23 W, 615.24 W, 616.18 W, 1980 MHz
2026/10/08 14:04:21.608, 100 %, 45668 MiB, 354.81 W, 355.96 W, 615.25 W, 614.25 W, 1980 MHz
2026/10/08 14:04:21.808, 100 %, 45667 MiB, 354.79 W, 357.60 W, 615.17 W, 619.09 W, 1980 MHz
2026/10/08 14:04:22.009, 100 %, 45666 MiB, 355.00 W, 355.07 W, 615.09 W, 614.05 W, 1980 MHz
2026/10/08 14:04:22.210, 100 %, 45663 MiB, 355.00 W, 356.20 W, 615.25 W, 617.56 W, 1980 MHz
2026/10/08 14:04:22.410, 100 %, 45663 MiB, 354.98 W, 354.86 W, 615.58 W, 613.28 W, 1980 MHz
2026/10/08 14:04:22.611, 100 %, 45663 MiB, 354.91 W, 355.04 W, 615.71 W, 615.62 W, 1980 MHz
2026/10/08 14:04:22.811, 100 %, 45663 MiB, 354.87 W, 355.63 W, 615.80 W, 617.15 W, 1980 MHz
2026/10/08 14:04:23.012, 100 %, 45662 MiB, 354.92 W, 356.84 W, 616.02 W, 619.30 W, 1980 MHz
2026/10/08 14:04:23.213, 100 %, 45661 MiB, 354.89 W, 355.21 W, 615.90 W, 616.18 W, 1980 MHz
2026/10/08 14:04:23.413, 100 %, 45661 MiB, 354.87 W, 355.16 W, 616.05 W, 615.21 W, 1980 MHz
2026/10/08 14:04:23.614, 100 %, 45661 MiB, 354.88 W, 353.87 W, 615.75 W, 613.49 W, 1980 MHz
2026/10/08 14:04:23.815, 100 %, 45661 MiB, 354.90 W, 355.26 W, 616.01 W, 615.43 W, 1980 MHz
2026/10/08 14:04:24.015, 100 %, 45660 MiB, 354.94 W, 354.08 W, 616.39 W, 618.12 W, 1980 MHz
2026/10/08 14:04:24.216, 100 %, 45659 MiB, 355.02 W, 355.32 W, 616.86 W, 617.15 W, 1980 MHz
2026/10/08 14:04:24.417, 100 %, 45659 MiB, 355.05 W, 355.73 W, 616.83 W, 616.39 W, 1980 MHz
2026/10/08 14:04:24.617, 100 %, 45659 MiB, 355.21 W, 355.53 W, 617.52 W, 617.36 W, 1980 MHz
2026/10/08 14:04:24.818, 100 %, 45658 MiB, 354.84 W, 354.38 W, 617.28 W, 615.99 W, 1980 MHz
2026/10/08 14:04:25.019, 100 %, 45657 MiB, 354.91 W, 354.36 W, 617.29 W, 616.18 W, 1980 MHz
2026/10/08 14:04:25.219, 100 %, 45655 MiB, 354.96 W, 354.88 W, 617.42 W, 618.12 W, 1980 MHz
2026/10/08 14:04:25.420, 100 %, 45655 MiB, 354.63 W, 352.16 W, 616.81 W, 612.32 W, 1980 MHz
2026/10/08 14:04:25.621, 100 %, 45655 MiB, 354.52 W, 355.74 W, 616.21 W, 615.62 W, 1980 MHz
2026/10/08 14:04:25.821, 100 %, 45655 MiB, 354.80 W, 355.57 W, 616.20 W, 616.59 W, 1980 MHz
2026/10/08 14:04:26.022, 100 %, 45653 MiB, 354.70 W, 356.25 W, 615.92 W, 617.15 W, 1980 MHz
2026/10/08 14:04:26.223, 0 %, 45092 MiB, 322.57 W, 163.74 W, 583.44 W, 423.98 W, 1980 MHz
2026/10/08 14:04:26.423, 0 %, 45092 MiB, 285.07 W, 161.87 W, 546.36 W, 426.74 W, 1980 MHz
2026/10/08 14:04:26.624, 0 %, 45092 MiB, 245.18 W, 162.44 W, 507.44 W, 428.14 W, 1980 MHz
2026/10/08 14:04:26.824, 0 %, 45092 MiB, 206.55 W, 162.28 W, 469.36 W, 428.83 W, 1980 MHz
2026/10/08 14:04:27.025, 0 %, 45091 MiB, 167.93 W, 161.58 W, 430.81 W, 423.98 W, 1980 MHz
2026/10/08 14:04:27.225, 0 %, 45090 MiB, 162.03 W, 161.35 W, 425.14 W, 423.01 W, 1980 MHz
2026/10/08 14:04:27.426, 0 %, 45090 MiB, 161.68 W, 160.31 W, 425.22 W, 424.95 W, 1980 MHz
2026/10/08 14:04:27.626, 0 %, 45090 MiB, 161.42 W, 161.22 W, 425.30 W, 427.17 W, 1980 MHz
2026/10/08 14:04:27.827, 0 %, 45089 MiB, 160.06 W, 113.88 W, 424.78 W, 387.23 W, 510 MHz
2026/10/08 14:04:28.027, 0 %, 45088 MiB, 148.38 W, 104.62 W, 414.30 W, 369.89 W, 465 MHz
2026/10/08 14:04:28.228, 0 %, 45087 MiB, 136.72 W, 102.90 W, 403.84 W, 370.86 W, 435 MHz
2026/10/08 14:04:28.428, 0 %, 45087 MiB, 125.89 W, 103.11 W, 393.44 W, 369.89 W, 390 MHz
2026/10/08 14:04:28.628, 0 %, 45087 MiB, 113.77 W, 102.88 W, 381.87 W, 370.13 W, 360 MHz
2026/10/08 14:04:28.829, 0 %, 45087 MiB, 103.62 W, 103.16 W, 372.26 W, 374.02 W, 345 MHz
2026/10/08 14:04:29.029, 0 %, 45085 MiB, 103.43 W, 104.35 W, 372.22 W, 372.80 W, 345 MHz
2026/10/08 14:04:29.230, 0 %, 45084 MiB, 103.40 W, 103.79 W, 372.27 W, 372.80 W, 345 MHz
2026/10/08 14:04:29.430, 0 %, 45084 MiB, 103.35 W, 102.92 W, 372.63 W, 371.83 W, 345 MHz
2026/10/08 14:04:29.631, 0 %, 45084 MiB, 103.24 W, 102.18 W, 372.73 W, 370.13 W, 345 MHz
2026/10/08 14:04:29.831, 0 %, 45083 MiB, 103.19 W, 103.02 W, 372.78 W, 371.83 W, 345 MHz
2026/10/08 14:04:30.032, 0 %, 45083 MiB, 103.11 W, 102.52 W, 372.89 W, 371.83 W, 345 MHz
2026/10/08 14:04:30.232, 0 %, 45082 MiB, 103.01 W, 101.78 W, 373.25 W, 372.92 W, 345 MHz
2026/10/08 14:04:30.432, 0 %, 45082 MiB, 102.86 W, 102.45 W, 373.49 W, 374.86 W, 345 MHz
2026/10/08 14:04:30.633, 0 %, 45082 MiB, 102.87 W, 104.20 W, 373.78 W, 373.05 W, 345 MHz
2026/10/08 14:04:30.833, 0 %, 45080 MiB, 102.88 W, 102.83 W, 373.76 W, 372.80 W, 345 MHz
2026/10/08 14:04:31.034, 0 %, 45080 MiB, 102.90 W, 103.14 W, 373.58 W, 372.80 W, 345 MHz
2026/10/08 14:04:31.234, 0 %, 45572 MiB, 104.21 W, 114.57 W, 374.88 W, 387.36 W, 345 MHz
2026/10/08 14:04:31.435, 0 %, 45668 MiB, 105.06 W, 104.20 W, 375.83 W, 373.77 W, 345 MHz
2026/10/08 14:04:31.635, 0 %, 45668 MiB, 105.07 W, 103.36 W, 375.09 W, 372.08 W, 345 MHz
2026/10/08 14:04:31.836, 0 %, 45668 MiB, 104.97 W, 102.74 W, 374.17 W, 369.40 W, 345 MHz
2026/10/08 14:04:32.036, 0 %, 45667 MiB, 104.84 W, 102.03 W, 373.19 W, 367.95 W, 345 MHz
2026/10/08 14:04:32.237, 0 %, 45651 MiB, 103.49 W, 102.85 W, 370.43 W, 366.98 W, 345 MHz
2026/10/08 14:04:32.438, 0 %, 45651 MiB, 102.66 W, 102.40 W, 368.25 W, 366.98 W, 345 MHz
2026/10/08 14:04:32.638, 0 %, 45651 MiB, 102.66 W, 101.84 W, 367.63 W, 367.09 W, 345 MHz
2026/10/08 14:04:32.839, 0 %, 45649 MiB, 102.70 W, 102.83 W, 367.70 W, 368.92 W, 345 MHz
2026/10/08 14:04:33.040, 0 %, 45639 MiB, 102.63 W, 102.38 W, 367.65 W, 368.92 W, 345 MHz
2026/10/08 14:04:33.240, 0 %, 45604 MiB, 102.58 W, 102.29 W, 367.90 W, 366.98 W, 345 MHz
2026/10/08 14:04:33.441, 0 %, 45603 MiB, 102.58 W, 102.02 W, 367.96 W, 366.98 W, 345 MHz
2026/10/08 14:04:33.642, 0 %, 45603 MiB, 102.58 W, 101.50 W, 368.39 W, 369.16 W, 345 MHz
2026/10/08 14:04:33.842, 0 %, 45593 MiB, 102.49 W, 101.83 W, 370.12 W, 378.49 W, 345 MHz
2026/10/08 14:04:34.043, 0 %, 45587 MiB, 102.42 W, 102.19 W, 372.99 W, 385.30 W, 345 MHz
2026/10/08 14:04:34.243, 0 %, 45541 MiB, 102.39 W, 104.00 W, 376.01 W, 387.36 W, 345 MHz
2026/10/08 14:04:34.444, 0 %, 45541 MiB, 102.24 W, 101.62 W, 379.90 W, 389.05 W, 345 MHz
2026/10/08 14:04:34.645, 0 %, 45541 MiB, 102.01 W, 101.58 W, 384.30 W, 391.13 W, 345 MHz
2026/10/08 14:04:34.845, 0 %, 45541 MiB, 101.85 W, 100.77 W, 387.13 W, 388.85 W, 345 MHz
2026/10/08 14:04:35.046, 0 %, 45528 MiB, 101.79 W, 101.30 W, 388.41 W, 388.33 W, 345 MHz
2026/10/08 14:04:35.246, 0 %, 45490 MiB, 101.70 W, 100.76 W, 389.55 W, 389.30 W, 345 MHz
2026/10/08 14:04:35.447, 0 %, 45490 MiB, 101.58 W, 101.54 W, 389.77 W, 388.33 W, 345 MHz
2026/10/08 14:04:35.648, 0 %, 45490 MiB, 101.59 W, 101.79 W, 389.43 W, 388.33 W, 345 MHz
2026/10/08 14:04:35.848, 0 %, 45486 MiB, 101.59 W, 101.46 W, 389.16 W, 390.28 W, 345 MHz
2026/10/08 14:04:36.049, 0 %, 45478 MiB, 101.51 W, 100.80 W, 389.48 W, 389.30 W, 345 MHz
2026/10/08 14:04:36.249, 0 %, 45440 MiB, 101.36 W, 100.99 W, 389.77 W, 391.11 W, 345 MHz
2026/10/08 14:04:36.450, 0 %, 45438 MiB, 101.32 W, 100.70 W, 389.92 W, 389.30 W, 345 MHz
2026/10/08 14:04:36.650, 0 %, 45438 MiB, 101.30 W, 101.90 W, 389.87 W, 390.28 W, 345 MHz
2026/10/08 14:04:36.851, 0 %, 45431 MiB, 101.20 W, 101.72 W, 389.70 W, 392.22 W, 345 MHz
2026/10/08 14:04:37.052, 0 %, 45425 MiB, 101.15 W, 100.13 W, 389.44 W, 388.33 W, 345 MHz
2026/10/08 14:04:37.252, 0 %, 45401 MiB, 101.14 W, 100.98 W, 389.50 W, 390.27 W, 345 MHz
2026/10/08 14:04:37.452, 0 %, 45398 MiB, 101.35 W, 101.37 W, 390.00 W, 390.28 W, 345 MHz
2026/10/08 14:04:37.653, 0 %, 45398 MiB, 101.39 W, 101.29 W, 390.88 W, 395.01 W, 345 MHz
2026/10/08 14:04:37.853, 0 %, 45395 MiB, 101.57 W, 102.26 W, 391.71 W, 392.34 W, 345 MHz
2026/10/08 14:04:38.054, 0 %, 45387 MiB, 101.72 W, 101.25 W, 392.48 W, 394.16 W, 345 MHz
2026/10/08 14:04:38.254, 0 %, 45364 MiB, 101.86 W, 102.86 W, 393.04 W, 395.13 W, 345 MHz
2026/10/08 14:04:38.455, 0 %, 45363 MiB, 101.67 W, 101.70 W, 393.35 W, 394.99 W, 345 MHz
2026/10/08 14:04:38.655, 0 %, 45363 MiB, 101.67 W, 101.07 W, 394.10 W, 394.16 W, 345 MHz
2026/10/08 14:04:38.855, 0 %, 45357 MiB, 101.54 W, 101.08 W, 394.60 W, 394.42 W, 345 MHz
2026/10/08 14:04:39.056, 0 %, 45353 MiB, 101.54 W, 101.29 W, 394.82 W, 393.90 W, 345 MHz
2026/10/08 14:04:39.256, 0 %, 45331 MiB, 101.49 W, 101.60 W, 395.23 W, 394.99 W, 345 MHz
2026/10/08 14:04:39.457, 0 %, 45329 MiB, 101.48 W, 101.50 W, 395.24 W, 395.13 W, 345 MHz
2026/10/08 14:04:39.657, 0 %, 45328 MiB, 101.33 W, 101.25 W, 395.29 W, 396.10 W, 345 MHz
2026/10/08 14:04:39.857, 0 %, 45324 MiB, 101.34 W, 101.15 W, 395.09 W, 396.10 W, 345 MHz
2026/10/08 14:04:40.058, 0 %, 45319 MiB, 101.19 W, 100.69 W, 395.18 W, 396.10 W, 345 MHz
2026/10/08 14:04:40.258, 0 %, 45304 MiB, 101.15 W, 100.85 W, 395.59 W, 394.99 W, 345 MHz
2026/10/08 14:04:40.459, 0 %, 45302 MiB, 101.12 W, 100.44 W, 396.21 W, 394.99 W, 345 MHz
2026/10/08 14:04:40.659, 0 %, 45302 MiB, 101.15 W, 101.20 W, 396.47 W, 397.90 W, 345 MHz
2026/10/08 14:04:40.860, 0 %, 45300 MiB, 101.08 W, 102.04 W, 396.94 W, 397.72 W, 345 MHz
2026/10/08 14:04:41.060, 0 %, 45294 MiB, 100.96 W, 100.40 W, 397.07 W, 395.13 W, 345 MHz
2026/10/08 14:04:41.261, 0 %, 45277 MiB, 100.97 W, 101.45 W, 397.07 W, 399.01 W, 345 MHz
2026/10/08 14:04:41.461, 0 %, 45277 MiB, 100.92 W, 101.52 W, 397.28 W, 399.01 W, 345 MHz
2026/10/08 14:04:41.662, 0 %, 45277 MiB, 100.78 W, 99.93 W, 397.66 W, 398.87 W, 345 MHz
2026/10/08 14:04:41.862, 0 %, 45274 MiB, 100.63 W, 99.69 W, 397.86 W, 395.13 W, 345 MHz
2026/10/08 14:04:42.062, 0 %, 45271 MiB, 100.72 W, 101.11 W, 398.46 W, 399.98 W, 345 MHz
2026/10/08 14:04:42.263, 0 %, 45259 MiB, 100.71 W, 101.60 W, 398.73 W, 402.75 W, 345 MHz
2026/10/08 14:04:42.463, 0 %, 45259 MiB, 100.70 W, 101.17 W, 398.80 W, 399.01 W, 345 MHz
2026/10/08 14:04:42.664, 0 %, 45258 MiB, 100.77 W, 100.82 W, 398.84 W, 399.98 W, 345 MHz
2026/10/08 14:04:42.864, 0 %, 45255 MiB, 100.97 W, 99.28 W, 399.30 W, 397.90 W, 345 MHz
2026/10/08 14:04:43.064, 0 %, 45249 MiB, 100.95 W, 100.93 W, 399.37 W, 398.04 W, 345 MHz
2026/10/08 14:04:43.265, 0 %, 45245 MiB, 100.90 W, 100.22 W, 399.64 W, 399.84 W, 345 MHz
2026/10/08 14:04:43.465, 0 %, 45245 MiB, 100.86 W, 102.32 W, 399.86 W, 402.90 W, 345 MHz
2026/10/08 14:04:43.665, 0 %, 45244 MiB, 100.79 W, 101.12 W, 400.19 W, 401.78 W, 345 MHz
2026/10/08 14:04:43.866, 0 %, 45243 MiB, 100.61 W, 100.44 W, 399.82 W, 399.54 W, 345 MHz
2026/10/08 14:04:44.066, 0 %, 45239 MiB, 100.62 W, 100.49 W, 399.71 W, 399.01 W, 345 MHz
2026/10/08 14:04:44.267, 0 %, 45235 MiB, 100.59 W, 100.54 W, 399.54 W, 398.04 W, 345 MHz
2026/10/08 14:04:44.467, 0 %, 45235 MiB, 100.64 W, 99.89 W, 399.44 W, 398.04 W, 345 MHz
2026/10/08 14:04:44.668, 0 %, 45235 MiB, 100.61 W, 100.77 W, 399.18 W, 400.81 W, 345 MHz
2026/10/08 14:04:44.868, 0 %, 45232 MiB, 100.58 W, 100.87 W, 399.13 W, 400.81 W, 345 MHz
2026/10/08 14:04:45.068, 0 %, 45230 MiB, 100.58 W, 100.49 W, 399.13 W, 399.98 W, 345 MHz
2026/10/08 14:04:45.269, 0 %, 45227 MiB, 100.54 W, 99.97 W, 399.17 W, 399.01 W, 345 MHz
2026/10/08 14:04:45.469, 0 %, 45227 MiB, 100.58 W, 100.72 W, 399.14 W, 399.27 W, 345 MHz
2026/10/08 14:04:45.670, 0 %, 45226 MiB, 100.62 W, 100.66 W, 399.10 W, 397.19 W, 345 MHz
2026/10/08 14:04:45.870, 0 %, 45226 MiB, 100.69 W, 100.70 W, 399.11 W, 400.81 W, 345 MHz
2026/10/08 14:04:46.071, 0 %, 45223 MiB, 100.60 W, 100.17 W, 399.06 W, 399.02 W, 345 MHz
2026/10/08 14:04:46.271, 0 %, 45220 MiB, 100.54 W, 100.74 W, 399.16 W, 402.90 W, 345 MHz
2026/10/08 14:04:46.523, 0 %, 45221 MiB, 100.54 W, 100.34 W, 399.31 W, 400.81 W, 345 MHz
2026/10/08 14:04:46.724, 0 %, 45242 MiB, 100.93 W, 105.44 W, 399.79 W, 403.02 W, 795 MHz
2026/10/08 14:04:46.924, 2 %, 45771 MiB, 110.86 W, 162.46 W, 409.01 W, 460.18 W, 1980 MHz
2026/10/08 14:04:47.125, 0 %, 45213 MiB, 122.15 W, 157.09 W, 420.15 W, 455.69 W, 1980 MHz
2026/10/08 14:04:47.371, 0 %, 45239 MiB, 133.31 W, 157.19 W, 431.02 W, 451.95 W, 1980 MHz
2026/10/08 14:04:47.572, 1 %, 45772 MiB, 150.70 W, 171.44 W, 448.02 W, 468.30 W, 1980 MHz
2026/10/08 14:04:47.791, 44 %, 45772 MiB, 185.81 W, 343.37 W, 483.31 W, 639.19 W, 1980 MHz
2026/10/08 14:04:47.992, 100 %, 45770 MiB, 220.76 W, 342.66 W, 518.25 W, 643.80 W, 1980 MHz
2026/10/08 14:04:48.192, 100 %, 45767 MiB, 259.10 W, 343.05 W, 556.43 W, 639.39 W, 1980 MHz
2026/10/08 14:04:48.393, 100 %, 45766 MiB, 296.62 W, 345.64 W, 589.70 W, 603.43 W, 1980 MHz
2026/10/08 14:04:48.594, 100 %, 45766 MiB, 329.86 W, 340.78 W, 616.33 W, 605.54 W, 1980 MHz
2026/10/08 14:04:48.794, 100 %, 45766 MiB, 342.91 W, 342.99 W, 622.67 W, 595.86 W, 1980 MHz
2026/10/08 14:04:48.995, 100 %, 45766 MiB, 342.68 W, 340.87 W, 616.31 W, 613.08 W, 1980 MHz
2026/10/08 14:04:49.195, 100 %, 45763 MiB, 342.41 W, 339.44 W, 610.88 W, 611.55 W, 1980 MHz
2026/10/08 14:04:49.396, 100 %, 45761 MiB, 341.90 W, 340.03 W, 609.13 W, 611.94 W, 1980 MHz
2026/10/08 14:04:49.597, 100 %, 45761 MiB, 342.24 W, 344.86 W, 611.08 W, 615.02 W, 1980 MHz
2026/10/08 14:04:49.797, 100 %, 45761 MiB, 342.92 W, 345.06 W, 613.57 W, 615.83 W, 1980 MHz
2026/10/08 14:04:49.998, 100 %, 45760 MiB, 344.37 W, 347.13 W, 616.58 W, 620.05 W, 1980 MHz
2026/10/08 14:04:50.198, 100 %, 45757 MiB, 346.08 W, 349.95 W, 618.46 W, 622.95 W, 1980 MHz
2026/10/08 14:04:50.399, 100 %, 45757 MiB, 347.61 W, 350.33 W, 620.16 W, 625.71 W, 1980 MHz
2026/10/08 14:04:50.600, 100 %, 45757 MiB, 348.98 W, 351.91 W, 621.57 W, 623.72 W, 1980 MHz
2026/10/08 14:04:50.800, 100 %, 45756 MiB, 350.20 W, 351.45 W, 622.77 W, 623.72 W, 1980 MHz
2026/10/08 14:04:51.001, 100 %, 45754 MiB, 350.61 W, 348.18 W, 622.94 W, 620.05 W, 1980 MHz
2026/10/08 14:04:51.201, 100 %, 45752 MiB, 350.80 W, 349.98 W, 623.43 W, 626.62 W, 1980 MHz
2026/10/08 14:04:51.402, 100 %, 45752 MiB, 350.92 W, 352.27 W, 623.60 W, 625.71 W, 1980 MHz
2026/10/08 14:04:51.602, 100 %, 45752 MiB, 351.00 W, 352.90 W, 623.99 W, 629.72 W, 1980 MHz
2026/10/08 14:04:51.803, 100 %, 45752 MiB, 350.96 W, 351.46 W, 624.31 W, 626.62 W, 1980 MHz
2026/10/08 14:04:52.004, 100 %, 45752 MiB, 351.20 W, 351.72 W, 625.30 W, 628.97 W, 1980 MHz
2026/10/08 14:04:52.204, 100 %, 45748 MiB, 351.04 W, 347.63 W, 625.65 W, 620.82 W, 1980 MHz
2026/10/08 14:04:52.405, 100 %, 45748 MiB, 350.98 W, 348.95 W, 625.94 W, 624.33 W, 1980 MHz
2026/10/08 14:04:52.605, 100 %, 45748 MiB, 351.02 W, 351.12 W, 626.28 W, 626.62 W, 1980 MHz
2026/10/08 14:04:52.806, 100 %, 45748 MiB, 350.98 W, 352.61 W, 626.36 W, 626.82 W, 1980 MHz
2026/10/08 14:04:53.006, 100 %, 45747 MiB, 351.09 W, 352.96 W, 626.29 W, 627.79 W, 1980 MHz
2026/10/08 14:04:53.207, 100 %, 45745 MiB, 351.33 W, 351.14 W, 626.61 W, 624.88 W, 1980 MHz
2026/10/08 14:04:53.407, 100 %, 45745 MiB, 351.56 W, 350.33 W, 626.67 W, 625.30 W, 1980 MHz
2026/10/08 14:04:53.608, 100 %, 45745 MiB, 351.61 W, 350.98 W, 626.61 W, 626.82 W, 1980 MHz
2026/10/08 14:04:53.808, 100 %, 45744 MiB, 351.71 W, 352.03 W, 626.95 W, 629.52 W, 1980 MHz
2026/10/08 14:04:54.009, 100 %, 45743 MiB, 351.71 W, 353.27 W, 627.21 W, 628.54 W, 1980 MHz
2026/10/08 14:04:54.210, 100 %, 45741 MiB, 351.76 W, 351.78 W, 626.91 W, 628.55 W, 1980 MHz
2026/10/08 14:04:54.410, 100 %, 45741 MiB, 351.78 W, 351.54 W, 627.03 W, 627.23 W, 1980 MHz
2026/10/08 14:04:54.611, 100 %, 45741 MiB, 351.75 W, 349.14 W, 627.11 W, 625.85 W, 1980 MHz
2026/10/08 14:04:54.811, 100 %, 45741 MiB, 351.76 W, 351.95 W, 627.01 W, 629.72 W, 1980 MHz
2026/10/08 14:04:55.012, 100 %, 45741 MiB, 351.57 W, 349.00 W, 626.83 W, 622.95 W, 1980 MHz
2026/10/08 14:04:55.212, 100 %, 45740 MiB, 351.58 W, 352.06 W, 627.03 W, 627.78 W, 1980 MHz
2026/10/08 14:04:55.413, 100 %, 45739 MiB, 351.51 W, 351.50 W, 626.97 W, 625.30 W, 1980 MHz
2026/10/08 14:04:55.613, 100 %, 45739 MiB, 351.66 W, 352.17 W, 627.28 W, 630.69 W, 1980 MHz
2026/10/08 14:04:55.814, 100 %, 45739 MiB, 351.71 W, 351.34 W, 627.50 W, 629.72 W, 1980 MHz
2026/10/08 14:04:56.014, 100 %, 45738 MiB, 351.81 W, 351.81 W, 628.46 W, 631.65 W, 1980 MHz
2026/10/08 14:04:56.215, 100 %, 45735 MiB, 351.78 W, 352.33 W, 629.58 W, 632.62 W, 1980 MHz
2026/10/08 14:04:56.415, 100 %, 45735 MiB, 351.78 W, 350.37 W, 630.86 W, 632.62 W, 1980 MHz
2026/10/08 14:04:56.616, 100 %, 45735 MiB, 351.33 W, 351.11 W, 631.60 W, 631.46 W, 1980 MHz
2026/10/08 14:04:56.816, 100 %, 45734 MiB, 351.16 W, 351.25 W, 632.75 W, 635.52 W, 1980 MHz
2026/10/08 14:04:57.016, 100 %, 45734 MiB, 351.16 W, 351.98 W, 633.11 W, 636.29 W, 1980 MHz
2026/10/08 14:04:57.217, 100 %, 45732 MiB, 351.17 W, 352.10 W, 633.03 W, 632.62 W, 1980 MHz
2026/10/08 14:04:57.417, 100 %, 45732 MiB, 351.17 W, 352.06 W, 632.85 W, 630.91 W, 1980 MHz
2026/10/08 14:04:57.617, 100 %, 45732 MiB, 351.47 W, 350.98 W, 632.67 W, 627.57 W, 1980 MHz
2026/10/08 14:04:57.818, 100 %, 45732 MiB, 351.45 W, 350.31 W, 632.33 W, 630.27 W, 1980 MHz
2026/10/08 14:04:58.018, 100 %, 45732 MiB, 351.55 W, 351.97 W, 631.87 W, 632.62 W, 1980 MHz
2026/10/08 14:04:58.219, 100 %, 45730 MiB, 351.69 W, 353.51 W, 631.87 W, 634.36 W, 1980 MHz
2026/10/08 14:04:58.419, 100 %, 45730 MiB, 351.69 W, 352.62 W, 632.07 W, 635.74 W, 1980 MHz
2026/10/08 14:04:58.619, 100 %, 45730 MiB, 351.70 W, 351.59 W, 632.37 W, 633.59 W, 1980 MHz
2026/10/08 14:04:58.820, 100 %, 45729 MiB, 351.75 W, 350.47 W, 633.15 W, 630.35 W, 1980 MHz
2026/10/08 14:04:59.020, 100 %, 45728 MiB, 351.71 W, 350.37 W, 633.44 W, 630.69 W, 1980 MHz
2026/10/08 14:04:59.221, 100 %, 45726 MiB, 351.73 W, 351.61 W, 633.49 W, 634.14 W, 1980 MHz
2026/10/08 14:04:59.421, 100 %, 45726 MiB, 351.80 W, 352.23 W, 633.50 W, 632.62 W, 1980 MHz
2026/10/08 14:04:59.621, 100 %, 45726 MiB, 351.96 W, 351.96 W, 633.53 W, 632.62 W, 1980 MHz
2026/10/08 14:04:59.822, 100 %, 45725 MiB, 352.15 W, 352.83 W, 631.64 W, 622.95 W, 1980 MHz
2026/10/08 14:05:00.022, 100 %, 45725 MiB, 352.27 W, 352.11 W, 629.78 W, 621.98 W, 1980 MHz
2026/10/08 14:05:00.222, 100 %, 45724 MiB, 352.48 W, 352.83 W, 626.86 W, 615.02 W, 1980 MHz
2026/10/08 14:05:00.423, 100 %, 45724 MiB, 352.59 W, 352.95 W, 622.66 W, 612.71 W, 1980 MHz
2026/10/08 14:05:00.623, 100 %, 45724 MiB, 352.66 W, 352.24 W, 618.62 W, 611.34 W, 1980 MHz
2026/10/08 14:05:00.823, 100 %, 45724 MiB, 352.80 W, 351.80 W, 615.66 W, 611.53 W, 1980 MHz
2026/10/08 14:05:01.023, 100 %, 45724 MiB, 352.89 W, 351.31 W, 612.55 W, 604.78 W, 1980 MHz
2026/10/08 14:05:01.224, 100 %, 45723 MiB, 352.81 W, 353.68 W, 609.73 W, 603.81 W, 1980 MHz
2026/10/08 14:05:01.424, 100 %, 45722 MiB, 352.86 W, 353.77 W, 607.80 W, 603.03 W, 1980 MHz
2026/10/08 14:05:01.624, 100 %, 45722 MiB, 352.92 W, 354.03 W, 605.56 W, 599.16 W, 1980 MHz
2026/10/08 14:05:01.824, 100 %, 45722 MiB, 352.71 W, 354.02 W, 602.37 W, 593.75 W, 1980 MHz
2026/10/08 14:05:02.024, 100 %, 45721 MiB, 352.77 W, 352.41 W, 599.83 W, 593.35 W, 1980 MHz
2026/10/08 14:05:02.225, 100 %, 45720 MiB, 353.01 W, 351.93 W, 597.83 W, 592.96 W, 1980 MHz
2026/10/08 14:05:02.425, 100 %, 45720 MiB, 353.07 W, 353.21 W, 596.25 W, 596.26 W, 1980 MHz
2026/10/08 14:05:02.625, 100 %, 45720 MiB, 353.23 W, 355.13 W, 595.16 W, 598.20 W, 1980 MHz
2026/10/08 14:05:02.825, 100 %, 45720 MiB, 353.57 W, 353.29 W, 594.73 W, 593.35 W, 1980 MHz
2026/10/08 14:05:03.026, 100 %, 45719 MiB, 353.64 W, 353.67 W, 594.83 W, 596.07 W, 1980 MHz
2026/10/08 14:05:03.226, 100 %, 45719 MiB, 353.60 W, 351.82 W, 594.62 W, 592.39 W, 1980 MHz
2026/10/08 14:05:03.426, 100 %, 45719 MiB, 353.63 W, 352.44 W, 594.58 W, 593.35 W, 1980 MHz
2026/10/08 14:05:03.626, 100 %, 45719 MiB, 353.58 W, 354.45 W, 594.43 W, 593.35 W, 1980 MHz
2026/10/08 14:05:03.826, 100 %, 45719 MiB, 353.99 W, 357.49 W, 590.91 W, 573.23 W, 1980 MHz
2026/10/08 14:05:04.027, 100 %, 45719 MiB, 354.38 W, 356.41 W, 586.52 W, 574.97 W, 1980 MHz
2026/10/08 14:05:04.227, 100 %, 45718 MiB, 354.69 W, 354.87 W, 582.79 W, 574.96 W, 1980 MHz
2026/10/08 14:05:04.427, 100 %, 45718 MiB, 355.19 W, 354.17 W, 578.84 W, 572.26 W, 1980 MHz
2026/10/08 14:05:04.627, 100 %, 45718 MiB, 355.54 W, 355.72 W, 575.37 W, 574.20 W, 1980 MHz
2026/10/08 14:05:04.827, 100 %, 45718 MiB, 355.55 W, 355.95 W, 574.74 W, 575.92 W, 1980 MHz
2026/10/08 14:05:05.028, 100 %, 45717 MiB, 355.14 W, 356.09 W, 574.92 W, 575.16 W, 1980 MHz
2026/10/08 14:05:05.228, 100 %, 45717 MiB, 355.20 W, 356.47 W, 574.91 W, 576.13 W, 1980 MHz
2026/10/08 14:05:05.428, 100 %, 45716 MiB, 355.31 W, 356.06 W, 575.01 W, 576.13 W, 1980 MHz
2026/10/08 14:05:05.629, 100 %, 45716 MiB, 355.33 W, 355.57 W, 575.00 W, 573.03 W, 1980 MHz
2026/10/08 14:05:05.829, 100 %, 45716 MiB, 355.48 W, 356.67 W, 575.12 W, 576.31 W, 1980 MHz
2026/10/08 14:05:06.029, 100 %, 45716 MiB, 355.90 W, 357.58 W, 575.04 W, 571.29 W, 1980 MHz
2026/10/08 14:05:06.229, 100 %, 45715 MiB, 356.01 W, 355.29 W, 574.38 W, 570.32 W, 1980 MHz
2026/10/08 14:05:06.430, 100 %, 45714 MiB, 355.98 W, 355.46 W, 573.44 W, 568.56 W, 1980 MHz
2026/10/08 14:05:06.630, 100 %, 45714 MiB, 356.07 W, 355.29 W, 572.66 W, 571.47 W, 1980 MHz
2026/10/08 14:05:06.830, 100 %, 45714 MiB, 356.13 W, 357.73 W, 571.73 W, 572.64 W, 1980 MHz
2026/10/08 14:05:07.030, 100 %, 45714 MiB, 356.13 W, 356.90 W, 571.45 W, 573.23 W, 1980 MHz
2026/10/08 14:05:07.231, 100 %, 45714 MiB, 356.13 W, 356.79 W, 571.43 W, 572.44 W, 1980 MHz
2026/10/08 14:05:07.431, 100 %, 45714 MiB, 356.10 W, 354.35 W, 571.11 W, 565.66 W, 1980 MHz
2026/10/08 14:05:07.631, 100 %, 45713 MiB, 356.09 W, 354.43 W, 570.55 W, 565.48 W, 1980 MHz
2026/10/08 14:05:07.831, 100 %, 45712 MiB, 356.02 W, 355.69 W, 569.83 W, 566.03 W, 1980 MHz
2026/10/08 14:05:08.031, 100 %, 45712 MiB, 356.06 W, 358.61 W, 568.76 W, 569.53 W, 1980 MHz
2026/10/08 14:05:08.232, 100 %, 45711 MiB, 356.10 W, 358.14 W, 567.52 W, 567.79 W, 1980 MHz
2026/10/08 14:05:08.432, 100 %, 45711 MiB, 356.19 W, 356.15 W, 566.75 W, 562.95 W, 1980 MHz
2026/10/08 14:05:08.632, 100 %, 45711 MiB, 356.25 W, 355.59 W, 566.04 W, 563.72 W, 1980 MHz
2026/10/08 14:05:08.832, 100 %, 45711 MiB, 356.39 W, 355.48 W, 565.61 W, 563.92 W, 1980 MHz
2026/10/08 14:05:09.032, 100 %, 45711 MiB, 356.44 W, 357.05 W, 565.37 W, 566.63 W, 1980 MHz
2026/10/08 14:05:09.233, 100 %, 45710 MiB, 356.46 W, 356.77 W, 564.87 W, 559.84 W, 1980 MHz
2026/10/08 14:05:09.433, 100 %, 45710 MiB, 356.45 W, 357.39 W, 563.59 W, 560.82 W, 1980 MHz
2026/10/08 14:05:09.633, 100 %, 45710 MiB, 356.47 W, 356.13 W, 562.06 W, 553.86 W, 1980 MHz
2026/10/08 14:05:09.833, 100 %, 45709 MiB, 356.51 W, 356.19 W, 560.24 W, 555.00 W, 1980 MHz
2026/10/08 14:05:10.033, 100 %, 45709 MiB, 356.58 W, 356.16 W, 558.01 W, 552.29 W, 1980 MHz
2026/10/08 14:05:10.233, 100 %, 45709 MiB, 356.65 W, 357.48 W, 556.42 W, 555.20 W, 1980 MHz
2026/10/08 14:05:10.434, 100 %, 45709 MiB, 356.76 W, 356.51 W, 555.48 W, 553.06 W, 1980 MHz
2026/10/08 14:05:10.634, 100 %, 45709 MiB, 356.79 W, 356.28 W, 554.54 W, 550.16 W, 1980 MHz
2026/10/08 14:05:10.834, 100 %, 45709 MiB, 356.78 W, 356.93 W, 553.88 W, 551.32 W, 1980 MHz
2026/10/08 14:05:11.034, 100 %, 45709 MiB, 356.84 W, 357.18 W, 553.34 W, 553.43 W, 1980 MHz
2026/10/08 14:05:11.234, 100 %, 45708 MiB, 356.77 W, 357.30 W, 552.60 W, 551.73 W, 1980 MHz
2026/10/08 14:05:11.435, 100 %, 45707 MiB, 356.65 W, 356.12 W, 551.53 W, 550.16 W, 1980 MHz
2026/10/08 14:05:11.635, 100 %, 45707 MiB, 356.65 W, 356.02 W, 551.03 W, 551.12 W, 1980 MHz
2026/10/08 14:05:11.835, 100 %, 45707 MiB, 356.28 W, 355.70 W, 550.56 W, 550.16 W, 1980 MHz
2026/10/08 14:05:12.035, 100 %, 45707 MiB, 356.11 W, 356.39 W, 550.51 W, 553.43 W, 1980 MHz
2026/10/08 14:05:12.236, 100 %, 45706 MiB, 356.05 W, 357.73 W, 550.59 W, 553.43 W, 1980 MHz
2026/10/08 14:05:12.436, 100 %, 45706 MiB, 356.06 W, 357.80 W, 550.97 W, 553.26 W, 1980 MHz
2026/10/08 14:05:12.636, 100 %, 45706 MiB, 355.98 W, 355.98 W, 551.34 W, 553.06 W, 1980 MHz
2026/10/08 14:05:12.836, 100 %, 45706 MiB, 356.27 W, 356.73 W, 551.64 W, 551.12 W, 1980 MHz
2026/10/08 14:05:13.036, 100 %, 45706 MiB, 356.38 W, 355.49 W, 551.89 W, 549.55 W, 1980 MHz
2026/10/08 14:05:13.237, 100 %, 45705 MiB, 356.50 W, 357.26 W, 551.90 W, 552.09 W, 1980 MHz
2026/10/08 14:05:13.437, 100 %, 45705 MiB, 356.46 W, 358.01 W, 551.97 W, 553.06 W, 1980 MHz
2026/10/08 14:05:13.637, 100 %, 45705 MiB, 356.50 W, 356.95 W, 551.73 W, 555.00 W, 1980 MHz
2026/10/08 14:05:13.837, 100 %, 45704 MiB, 356.50 W, 356.40 W, 551.76 W, 553.06 W, 1980 MHz
2026/10/08 14:05:14.037, 100 %, 45703 MiB, 356.42 W, 354.70 W, 551.64 W, 548.77 W, 1980 MHz
2026/10/08 14:05:14.238, 100 %, 45702 MiB, 356.38 W, 355.70 W, 551.70 W, 553.06 W, 1980 MHz
2026/10/08 14:05:14.438, 100 %, 45702 MiB, 356.42 W, 356.38 W, 551.88 W, 553.06 W, 1980 MHz
2026/10/08 14:05:14.638, 100 %, 45702 MiB, 356.48 W, 357.38 W, 552.40 W, 553.06 W, 1980 MHz
2026/10/08 14:05:14.838, 100 %, 45702 MiB, 356.52 W, 357.33 W, 552.60 W, 552.10 W, 1980 MHz
2026/10/08 14:05:15.039, 100 %, 45702 MiB, 356.58 W, 357.03 W, 552.48 W, 551.49 W, 1980 MHz
2026/10/08 14:05:15.239, 100 %, 45701 MiB, 356.46 W, 355.44 W, 552.31 W, 551.68 W, 1980 MHz
2026/10/08 14:05:15.439, 100 %, 45701 MiB, 356.46 W, 357.52 W, 552.17 W, 553.06 W, 1980 MHz
2026/10/08 14:05:15.639, 100 %, 45701 MiB, 356.44 W, 357.27 W, 551.97 W, 555.00 W, 1980 MHz
2026/10/08 14:05:15.839, 100 %, 45701 MiB, 356.53 W, 356.46 W, 552.04 W, 552.89 W, 1980 MHz
2026/10/08 14:05:16.040, 100 %, 45701 MiB, 356.46 W, 356.36 W, 552.12 W, 550.52 W, 1980 MHz
2026/10/08 14:05:16.240, 100 %, 45700 MiB, 356.61 W, 357.13 W, 552.20 W, 551.13 W, 1980 MHz
2026/10/08 14:05:16.440, 100 %, 45700 MiB, 356.52 W, 356.99 W, 552.01 W, 555.20 W, 1980 MHz
2026/10/08 14:05:16.640, 100 %, 45700 MiB, 356.61 W, 358.21 W, 552.05 W, 553.06 W, 1980 MHz
2026/10/08 14:05:16.840, 100 %, 45700 MiB, 356.61 W, 357.27 W, 552.05 W, 554.22 W, 1980 MHz
2026/10/08 14:05:17.041, 100 %, 45700 MiB, 356.68 W, 355.78 W, 552.44 W, 551.49 W, 1980 MHz
2026/10/08 14:05:17.241, 100 %, 45699 MiB, 356.64 W, 355.61 W, 552.89 W, 553.06 W, 1980 MHz
2026/10/08 14:05:17.441, 100 %, 45698 MiB, 356.74 W, 356.44 W, 553.44 W, 554.03 W, 1980 MHz
2026/10/08 14:05:17.641, 100 %, 45698 MiB, 356.76 W, 358.68 W, 553.74 W, 556.94 W, 1980 MHz
2026/10/08 14:05:17.842, 100 %, 45698 MiB, 356.73 W, 358.09 W, 553.56 W, 552.89 W, 1980 MHz
2026/10/08 14:05:18.042, 100 %, 45698 MiB, 356.70 W, 356.14 W, 553.51 W, 553.26 W, 1980 MHz
2026/10/08 14:05:18.242, 100 %, 45697 MiB, 356.68 W, 355.79 W, 553.18 W, 549.55 W, 1980 MHz
2026/10/08 14:05:18.442, 100 %, 45696 MiB, 356.75 W, 355.02 W, 553.16 W, 551.32 W, 1980 MHz
2026/10/08 14:05:18.643, 100 %, 45696 MiB, 356.75 W, 357.53 W, 553.11 W, 556.94 W, 1980 MHz
2026/10/08 14:05:18.843, 100 %, 45696 MiB, 356.77 W, 358.49 W, 553.36 W, 554.22 W, 1980 MHz
2026/10/08 14:05:19.043, 100 %, 45696 MiB, 356.73 W, 358.29 W, 553.03 W, 555.37 W, 1980 MHz
2026/10/08 14:05:19.243, 100 %, 45696 MiB, 356.84 W, 356.98 W, 553.11 W, 554.03 W, 1980 MHz
2026/10/08 14:05:19.443, 100 %, 45696 MiB, 356.84 W, 355.05 W, 552.96 W, 553.26 W, 1980 MHz
2026/10/08 14:05:19.644, 100 %, 45696 MiB, 356.82 W, 356.32 W, 553.02 W, 554.03 W, 1980 MHz
2026/10/08 14:05:19.844, 100 %, 45696 MiB, 356.88 W, 357.59 W, 552.97 W, 552.29 W, 1980 MHz
2026/10/08 14:05:20.044, 100 %, 45696 MiB, 356.99 W, 356.78 W, 553.14 W, 553.06 W, 1980 MHz
2026/10/08 14:05:20.244, 100 %, 45694 MiB, 356.92 W, 355.42 W, 553.22 W, 553.86 W, 1980 MHz
2026/10/08 14:05:20.444, 100 %, 45700 MiB, 356.95 W, 358.60 W, 553.35 W, 555.97 W, 1980 MHz
2026/10/08 14:05:20.645, 100 %, 45719 MiB, 356.97 W, 358.94 W, 553.70 W, 556.16 W, 1980 MHz
2026/10/08 14:05:20.845, 100 %, 45719 MiB, 356.88 W, 356.28 W, 553.34 W, 551.13 W, 1980 MHz
2026/10/08 14:05:21.045, 100 %, 45719 MiB, 356.89 W, 356.65 W, 553.24 W, 552.65 W, 1980 MHz
2026/10/08 14:05:21.245, 100 %, 45718 MiB, 357.03 W, 356.60 W, 552.82 W, 547.44 W, 1980 MHz
2026/10/08 14:05:21.445, 100 %, 45718 MiB, 357.17 W, 356.52 W, 550.47 W, 531.14 W, 1980 MHz
2026/10/08 14:05:21.646, 100 %, 45718 MiB, 356.98 W, 356.30 W, 540.00 W, 492.36 W, 1980 MHz
2026/10/08 14:05:21.846, 100 %, 45718 MiB, 356.95 W, 357.16 W, 529.96 W, 499.33 W, 1980 MHz
2026/10/08 14:05:22.046, 100 %, 45718 MiB, 356.73 W, 356.42 W, 519.43 W, 500.63 W, 1980 MHz
2026/10/08 14:05:22.246, 100 %, 45717 MiB, 356.55 W, 355.64 W, 508.39 W, 502.23 W, 1980 MHz
2026/10/08 14:05:22.446, 100 %, 45717 MiB, 356.36 W, 356.19 W, 501.35 W, 504.17 W, 1980 MHz
2026/10/08 14:05:22.646, 100 %, 45717 MiB, 356.44 W, 357.32 W, 500.55 W, 501.90 W, 1980 MHz
2026/10/08 14:05:22.847, 100 %, 45717 MiB, 356.53 W, 357.29 W, 501.42 W, 501.09 W, 1980 MHz
2026/10/08 14:05:23.047, 100 %, 45717 MiB, 356.63 W, 356.39 W, 502.19 W, 501.42 W, 1980 MHz
2026/10/08 14:05:23.247, 100 %, 45716 MiB, 356.61 W, 356.27 W, 504.01 W, 514.50 W, 1980 MHz
2026/10/08 14:05:23.447, 100 %, 45715 MiB, 356.65 W, 356.31 W, 506.94 W, 518.37 W, 1980 MHz
2026/10/08 14:05:23.647, 100 %, 45715 MiB, 356.69 W, 357.76 W, 510.33 W, 520.31 W, 1980 MHz
2026/10/08 14:05:23.847, 100 %, 45715 MiB, 356.70 W, 356.95 W, 513.24 W, 517.41 W, 1980 MHz
2026/10/08 14:05:24.048, 100 %, 45714 MiB, 356.75 W, 355.49 W, 516.59 W, 515.00 W, 1980 MHz
2026/10/08 14:05:24.248, 100 %, 45712 MiB, 356.75 W, 356.22 W, 518.50 W, 519.34 W, 1980 MHz
2026/10/08 14:05:24.448, 100 %, 45712 MiB, 356.91 W, 356.80 W, 519.16 W, 522.41 W, 1980 MHz
2026/10/08 14:05:24.648, 100 %, 45712 MiB, 356.94 W, 358.10 W, 519.61 W, 525.94 W, 1980 MHz
2026/10/08 14:05:24.848, 100 %, 45712 MiB, 357.00 W, 357.97 W, 520.23 W, 524.19 W, 1980 MHz
2026/10/08 14:05:25.048, 100 %, 45712 MiB, 357.09 W, 358.56 W, 521.07 W, 522.59 W, 1980 MHz
2026/10/08 14:05:25.248, 100 %, 45711 MiB, 357.15 W, 356.03 W, 522.46 W, 525.16 W, 1980 MHz
2026/10/08 14:05:25.448, 100 %, 45711 MiB, 357.06 W, 356.09 W, 523.35 W, 524.35 W, 1980 MHz
2026/10/08 14:05:25.648, 100 %, 45711 MiB, 357.13 W, 358.23 W, 524.25 W, 527.09 W, 1980 MHz
2026/10/08 14:05:25.849, 100 %, 45711 MiB, 357.11 W, 358.51 W, 525.24 W, 530.35 W, 1980 MHz
2026/10/08 14:05:26.049, 100 %, 45711 MiB, 357.11 W, 357.22 W, 526.68 W, 528.06 W, 1980 MHz
2026/10/08 14:05:26.249, 100 %, 45710 MiB, 357.19 W, 357.54 W, 527.39 W, 530.00 W, 1980 MHz
2026/10/08 14:05:26.449, 100 %, 45710 MiB, 357.13 W, 354.68 W, 528.01 W, 525.15 W, 1980 MHz
2026/10/08 14:05:26.649, 100 %, 45710 MiB, 357.21 W, 356.73 W, 528.73 W, 528.85 W, 1980 MHz
2026/10/08 14:05:26.849, 100 %, 45710 MiB, 357.21 W, 357.39 W, 529.15 W, 527.09 W, 1980 MHz
2026/10/08 14:05:27.050, 100 %, 45709 MiB, 357.24 W, 358.29 W, 529.12 W, 529.03 W, 1980 MHz
2026/10/08 14:05:27.250, 100 %, 45708 MiB, 357.24 W, 358.25 W, 529.12 W, 531.94 W, 1980 MHz
2026/10/08 14:05:27.450, 100 %, 45708 MiB, 357.38 W, 356.59 W, 529.21 W, 529.03 W, 1980 MHz
2026/10/08 14:05:27.650, 100 %, 45708 MiB, 357.39 W, 357.06 W, 529.13 W, 530.97 W, 1980 MHz
2026/10/08 14:05:27.850, 100 %, 45708 MiB, 356.99 W, 332.38 W, 528.81 W, 501.27 W, 1980 MHz
2026/10/08 14:05:28.057, 43 %, 45149 MiB, 319.37 W, 165.39 W, 491.30 W, 336.23 W, 1980 MHz
2026/10/08 14:05:28.257, 0 %, 45148 MiB, 282.82 W, 165.18 W, 454.72 W, 336.35 W, 1980 MHz
2026/10/08 14:05:28.457, 0 %, 45148 MiB, 242.82 W, 165.18 W, 414.60 W, 335.38 W, 1980 MHz
2026/10/08 14:05:28.657, 0 %, 45147 MiB, 207.32 W, 165.76 W, 378.96 W, 335.26 W, 1980 MHz
2026/10/08 14:05:28.857, 0 %, 45147 MiB, 169.45 W, 164.84 W, 340.79 W, 336.25 W, 1980 MHz
2026/10/08 14:05:29.057, 0 %, 45147 MiB, 165.07 W, 164.09 W, 336.13 W, 335.26 W, 1980 MHz
2026/10/08 14:05:29.258, 0 %, 45146 MiB, 164.67 W, 163.30 W, 336.09 W, 336.23 W, 1980 MHz
2026/10/08 14:05:29.458, 0 %, 45146 MiB, 164.17 W, 162.50 W, 336.19 W, 336.35 W, 1980 MHz
2026/10/08 14:05:29.658, 0 %, 45146 MiB, 161.59 W, 109.38 W, 334.35 W, 286.87 W, 495 MHz
2026/10/08 14:05:29.858, 0 %, 45146 MiB, 150.03 W, 107.64 W, 323.67 W, 283.94 W, 450 MHz
2026/10/08 14:05:30.058, 0 %, 45146 MiB, 138.81 W, 106.62 W, 313.23 W, 281.20 W, 420 MHz
2026/10/08 14:05:30.258, 0 %, 45145 MiB, 127.01 W, 106.93 W, 301.87 W, 282.98 W, 375 MHz
2026/10/08 14:05:30.458, 0 %, 45144 MiB, 115.82 W, 106.77 W, 290.65 W, 280.23 W, 345 MHz
2026/10/08 14:05:30.659, 0 %, 45144 MiB, 106.77 W, 106.52 W, 281.66 W, 279.17 W, 345 MHz
2026/10/08 14:05:30.859, 0 %, 45144 MiB, 106.81 W, 107.22 W, 281.40 W, 281.12 W, 345 MHz
2026/10/08 14:05:31.059, 0 %, 45144 MiB, 106.78 W, 106.78 W, 281.11 W, 280.94 W, 345 MHz
2026/10/08 14:05:31.259, 0 %, 45143 MiB, 106.75 W, 108.31 W, 280.91 W, 282.09 W, 345 MHz
2026/10/08 14:05:31.459, 0 %, 45143 MiB, 106.78 W, 106.81 W, 280.94 W, 280.23 W, 345 MHz
2026/10/08 14:05:31.659, 0 %, 45143 MiB, 106.75 W, 107.04 W, 280.87 W, 283.17 W, 345 MHz
2026/10/08 14:05:31.859, 0 %, 45143 MiB, 106.68 W, 106.82 W, 280.77 W, 282.09 W, 345 MHz
2026/10/08 14:05:32.060, 0 %, 45143 MiB, 106.68 W, 106.98 W, 280.88 W, 282.09 W, 345 MHz
2026/10/08 14:05:32.260, 0 %, 45142 MiB, 106.70 W, 106.45 W, 280.80 W, 280.15 W, 345 MHz
2026/10/08 14:05:32.460, 0 %, 45141 MiB, 106.68 W, 107.14 W, 280.81 W, 282.18 W, 345 MHz
2026/10/08 14:05:32.660, 0 %, 45141 MiB, 106.66 W, 107.52 W, 281.45 W, 285.01 W, 345 MHz
2026/10/08 14:05:32.860, 0 %, 45141 MiB, 106.67 W, 106.05 W, 282.20 W, 284.82 W, 345 MHz
2026/10/08 14:05:33.060, 0 %, 45140 MiB, 106.55 W, 106.06 W, 282.72 W, 284.31 W, 345 MHz
2026/10/08 14:05:33.260, 0 %, 45140 MiB, 106.49 W, 106.18 W, 283.36 W, 283.94 W, 345 MHz
2026/10/08 14:05:33.461, 0 %, 45140 MiB, 106.42 W, 105.99 W, 283.92 W, 282.28 W, 345 MHz
2026/10/08 14:05:33.661, 0 %, 45140 MiB, 106.45 W, 106.41 W, 283.95 W, 283.94 W, 345 MHz
2026/10/08 14:05:33.861, 0 %, 45140 MiB, 106.41 W, 107.99 W, 283.84 W, 284.93 W, 345 MHz
2026/10/08 14:05:34.061, 0 %, 45140 MiB, 106.54 W, 107.23 W, 283.95 W, 284.91 W, 345 MHz
2026/10/08 14:05:34.261, 0 %, 45139 MiB, 106.53 W, 105.35 W, 283.90 W, 283.85 W, 345 MHz
2026/10/08 14:05:34.461, 0 %, 45138 MiB, 106.56 W, 105.22 W, 283.97 W, 283.17 W, 345 MHz
2026/10/08 14:05:34.661, 0 %, 45138 MiB, 106.48 W, 105.67 W, 283.88 W, 283.07 W, 345 MHz
2026/10/08 14:05:34.861, 0 %, 45137 MiB, 106.55 W, 106.90 W, 284.07 W, 284.04 W, 345 MHz
2026/10/08 14:05:35.062, 0 %, 45137 MiB, 106.42 W, 106.52 W, 283.84 W, 283.96 W, 345 MHz
2026/10/08 14:05:35.262, 0 %, 45136 MiB, 106.39 W, 105.50 W, 283.74 W, 282.88 W, 345 MHz
2026/10/08 14:05:35.462, 0 %, 45136 MiB, 106.29 W, 105.47 W, 283.68 W, 282.09 W, 345 MHz
2026/10/08 14:05:35.662, 0 %, 45136 MiB, 106.25 W, 105.56 W, 284.05 W, 282.09 W, 345 MHz
2026/10/08 14:05:35.862, 0 %, 45136 MiB, 106.12 W, 104.85 W, 284.32 W, 290.66 W, 345 MHz
2026/10/08 14:05:36.062, 0 %, 45136 MiB, 106.18 W, 106.39 W, 285.30 W, 284.23 W, 345 MHz
2026/10/08 14:05:36.263, 0 %, 45134 MiB, 106.17 W, 104.15 W, 281.55 W, 234.58 W, 345 MHz
2026/10/08 14:05:36.463, 0 %, 45134 MiB, 105.84 W, 104.85 W, 270.52 W, 236.53 W, 345 MHz
2026/10/08 14:05:36.663, 0 %, 45134 MiB, 105.56 W, 105.24 W, 260.18 W, 236.51 W, 345 MHz
2026/10/08 14:05:36.863, 0 %, 45134 MiB, 105.25 W, 104.75 W, 249.86 W, 234.58 W, 345 MHz
2026/10/08 14:05:37.063, 0 %, 45134 MiB, 104.90 W, 104.85 W, 239.28 W, 235.56 W, 345 MHz
2026/10/08 14:05:37.263, 0 %, 45133 MiB, 104.59 W, 103.36 W, 233.47 W, 231.51 W, 345 MHz
2026/10/08 14:05:37.464, 0 %, 45132 MiB, 104.65 W, 104.59 W, 234.91 W, 234.58 W, 345 MHz
2026/10/08 14:05:37.664, 0 %, 45132 MiB, 104.69 W, 105.82 W, 235.82 W, 244.32 W, 345 MHz
2026/10/08 14:05:37.864, 0 %, 45132 MiB, 104.82 W, 105.42 W, 237.96 W, 246.19 W, 345 MHz
2026/10/08 14:05:38.064, 0 %, 45132 MiB, 104.86 W, 103.87 W, 240.53 W, 245.13 W, 345 MHz
2026/10/08 14:05:38.264, 0 %, 45131 MiB, 104.93 W, 105.35 W, 242.79 W, 247.07 W, 345 MHz
2026/10/08 14:05:38.465, 0 %, 45131 MiB, 105.00 W, 104.63 W, 244.99 W, 246.26 W, 345 MHz
2026/10/08 14:05:38.665, 0 %, 45131 MiB, 105.07 W, 104.81 W, 246.86 W, 250.16 W, 345 MHz
2026/10/08 14:05:38.865, 0 %, 45131 MiB, 105.14 W, 106.12 W, 247.75 W, 251.94 W, 345 MHz
2026/10/08 14:05:39.065, 0 %, 45131 MiB, 105.16 W, 106.10 W, 248.47 W, 252.03 W, 345 MHz
2026/10/08 14:05:39.265, 0 %, 45130 MiB, 105.14 W, 105.99 W, 249.01 W, 252.03 W, 345 MHz
2026/10/08 14:05:39.466, 0 %, 45130 MiB, 105.18 W, 105.30 W, 250.37 W, 256.97 W, 345 MHz
2026/10/08 14:05:39.666, 0 %, 45130 MiB, 105.27 W, 105.31 W, 252.04 W, 255.02 W, 345 MHz
2026/10/08 14:05:39.866, 0 %, 45130 MiB, 105.36 W, 106.11 W, 253.35 W, 258.75 W, 345 MHz
2026/10/08 14:05:40.067, 0 %, 45129 MiB, 105.53 W, 105.41 W, 254.97 W, 257.77 W, 345 MHz
2026/10/08 14:05:40.267, 0 %, 45128 MiB, 105.67 W, 106.12 W, 256.80 W, 259.63 W, 345 MHz
2026/10/08 14:05:40.467, 0 %, 45128 MiB, 105.83 W, 107.15 W, 258.31 W, 261.67 W, 345 MHz
2026/10/08 14:05:40.667, 0 %, 45128 MiB, 106.08 W, 105.74 W, 259.32 W, 261.84 W, 345 MHz
2026/10/08 14:05:40.867, 0 %, 45128 MiB, 106.20 W, 106.25 W, 260.44 W, 261.67 W, 345 MHz
2026/10/08 14:05:41.067, 0 %, 45128 MiB, 106.37 W, 106.71 W, 261.35 W, 260.69 W, 345 MHz
2026/10/08 14:05:41.268, 0 %, 45127 MiB, 106.57 W, 106.63 W, 262.19 W, 262.66 W, 345 MHz
2026/10/08 14:05:41.468, 0 %, 45126 MiB, 106.65 W, 106.19 W, 262.31 W, 261.67 W, 345 MHz
2026/10/08 14:05:41.668, 0 %, 45126 MiB, 106.53 W, 106.92 W, 262.08 W, 261.84 W, 345 MHz
2026/10/08 14:05:41.868, 0 %, 45126 MiB, 106.37 W, 105.52 W, 261.57 W, 261.65 W, 345 MHz
2026/10/08 14:05:42.068, 0 %, 45126 MiB, 106.34 W, 106.59 W, 261.74 W, 263.79 W, 345 MHz
2026/10/08 14:05:42.268, 0 %, 45126 MiB, 106.37 W, 105.95 W, 262.03 W, 262.64 W, 345 MHz
2026/10/08 14:05:42.468, 0 %, 45126 MiB, 106.40 W, 105.65 W, 262.77 W, 266.36 W, 345 MHz
2026/10/08 14:05:42.668, 0 %, 45125 MiB, 106.52 W, 105.94 W, 263.98 W, 265.73 W, 345 MHz
2026/10/08 14:05:42.868, 0 %, 45125 MiB, 106.66 W, 106.60 W, 265.29 W, 268.38 W, 345 MHz
2026/10/08 14:05:43.069, 0 %, 45125 MiB, 106.56 W, 106.19 W, 265.71 W, 266.61 W, 345 MHz
2026/10/08 14:05:43.269, 0 %, 45123 MiB, 106.47 W, 106.78 W, 266.46 W, 269.35 W, 345 MHz
2026/10/08 14:05:43.469, 0 %, 45123 MiB, 106.38 W, 106.01 W, 266.61 W, 265.56 W, 345 MHz
2026/10/08 14:05:43.669, 0 %, 45123 MiB, 106.26 W, 106.01 W, 266.53 W, 264.76 W, 345 MHz
2026/10/08 14:05:43.869, 0 %, 45123 MiB, 106.21 W, 104.86 W, 266.57 W, 265.38 W, 345 MHz
2026/10/08 14:05:44.069, 0 %, 45123 MiB, 106.11 W, 105.95 W, 266.81 W, 267.58 W, 345 MHz
2026/10/08 14:05:44.269, 0 %, 45122 MiB, 106.03 W, 106.86 W, 266.67 W, 268.48 W, 345 MHz
2026/10/08 14:05:44.469, 0 %, 45122 MiB, 105.84 W, 105.19 W, 266.55 W, 266.53 W, 345 MHz
2026/10/08 14:05:44.669, 0 %, 45122 MiB, 105.80 W, 104.97 W, 266.46 W, 264.68 W, 345 MHz
2026/10/08 14:05:44.869, 0 %, 45122 MiB, 105.72 W, 105.98 W, 266.39 W, 266.45 W, 345 MHz
2026/10/08 14:05:45.070, 0 %, 45122 MiB, 105.83 W, 105.93 W, 266.40 W, 267.68 W, 345 MHz
2026/10/08 14:05:45.270, 0 %, 45122 MiB, 105.79 W, 105.32 W, 266.33 W, 266.53 W, 345 MHz
2026/10/08 14:05:45.470, 0 %, 45122 MiB, 105.86 W, 105.98 W, 266.20 W, 264.58 W, 345 MHz
2026/10/08 14:05:45.670, 0 %, 45121 MiB, 105.87 W, 106.11 W, 266.09 W, 265.56 W, 345 MHz
2026/10/08 14:05:45.870, 0 %, 45121 MiB, 105.81 W, 105.37 W, 265.67 W, 262.64 W, 345 MHz
2026/10/08 14:05:46.070, 0 %, 45121 MiB, 105.59 W, 105.07 W, 264.86 W, 261.84 W, 345 MHz
2026/10/08 14:05:46.270, 0 %, 45120 MiB, 105.55 W, 105.15 W, 264.60 W, 264.58 W, 345 MHz
2026/10/08 14:05:46.470, 0 %, 45120 MiB, 105.49 W, 105.03 W, 264.54 W, 264.68 W, 345 MHz
2026/10/08 14:05:46.670, 0 %, 45120 MiB, 105.43 W, 105.68 W, 264.61 W, 266.53 W, 345 MHz
2026/10/08 14:05:46.871, 0 %, 45120 MiB, 105.39 W, 106.37 W, 264.76 W, 265.56 W, 345 MHz
2026/10/08 14:05:47.071, 0 %, 45119 MiB, 105.48 W, 105.65 W, 265.38 W, 266.63 W, 345 MHz
2026/10/08 14:05:47.271, 0 %, 45118 MiB, 105.39 W, 105.19 W, 265.59 W, 266.53 W, 345 MHz
2026/10/08 14:05:47.471, 0 %, 45118 MiB, 105.44 W, 105.38 W, 265.73 W, 265.56 W, 345 MHz
2026/10/08 14:05:47.671, 0 %, 45118 MiB, 105.52 W, 104.78 W, 265.74 W, 264.49 W, 345 MHz
2026/10/08 14:05:47.871, 0 %, 45118 MiB, 105.61 W, 105.48 W, 265.91 W, 265.56 W, 345 MHz
