idle0 1791330716.788461568 62967000 45000 1639
idle0 1791330717.184164633 62967000 45000 1639
idle0 1791330717.438612606 62967000 45000 1639
idle0 1791330717.693279082 62967000 45000 1639
idle0 1791330717.948643345 62679000 45000 1660
idle0 1791330718.396549760 62679000 45000 1660
idle0 1791330718.650623166 62679000 45000 1660
idle0 1791330718.904595210 62679000 45000 1660
idle0 1791330719.159270160 62200000 45000 1639
idle0 1791330719.709660528 62200000 45000 1639
idle0 1791330719.964101787 62200000 45000 1639
idle0 1791330720.218231457 62200000 45000 1639
idle0 1791330720.473700094 62686000 45000 1639
idle0 1791330721.024151265 62686000 45000 1639
idle0 1791330721.279372024 62686000 45000 1639
idle0 1791330721.533742667 62686000 45000 1639
idle0 1791330721.788285346 62906000 45000 1660
idle0 1791330722.235630696 62906000 45000 1660
idle0 1791330722.489975249 62906000 45000 1660
idle0 1791330722.743248640 62906000 45000 1660
idle0 1791330722.996601331 62679000 45000 1639
idle0 1791330723.445740645 62679000 45000 1639
idle0 1791330723.699902212 62679000 45000 1639
idle0 1791330723.953541764 62679000 45000 1639
idle0 1791330724.206730003 62486000 45000 1639
idle0 1791330724.759057719 62486000 45000 1639
idle0 1791330725.013350763 62486000 45000 1639
idle0 1791330725.267430273 62486000 45000 1639
idle0 1791330725.520974793 62688000 45000 1660
idle0 1791330725.971148678 62688000 45000 1660
idle0 1791330726.225044240 62688000 45000 1660
idle0 1791330726.479303017 62688000 45000 1660
idle0 1791330726.733123468 62474000 45000 1639
idle0 1791330727.182121750 62474000 45000 1639
idle0 1791330727.435009770 62474000 45000 1639
idle0 1791330727.688307963 62474000 45000 1639
idle0 1791330727.940830332 62704000 45000 1660
idle0 1791330728.393470016 62704000 45000 1660
idle0 1791330728.646876754 62704000 45000 1660
idle0 1791330728.899885470 62704000 45000 1660
idle0 1791330729.153192448 62252000 45000 1660
idle0 1791330729.605748173 62252000 45000 1660
idle0 1791330729.859066953 62252000 45000 1660
idle0 1791330730.112348262 62252000 45000 1660
idle0 1791330730.365515506 62727000 45000 1639
idle0 1791330730.818181296 62727000 45000 1639
idle0 1791330731.071558857 62727000 45000 1639
idle0 1791330731.324646138 62727000 45000 1639
idle0 1791330731.577482687 62487000 45000 1639
idle0 1791330732.030883853 62487000 45000 1639
idle0 1791330732.285056082 62487000 45000 1639
idle0 1791330732.539285760 62487000 45000 1639
idle0 1791330732.793008951 62713000 45000 1639
idle0 1791330733.243876392 62713000 45000 1639
idle0 1791330733.497606075 62713000 45000 1639
idle0 1791330733.751844999 62713000 45000 1639
idle0 1791330734.005963004 62691000 45000 1660
idle0 1791330734.456476766 62691000 45000 1660
idle0 1791330734.710573761 62691000 45000 1660
idle0 1791330734.964413991 62691000 45000 1660
idle0 1791330735.217561182 62439000 45000 1639
idle0 1791330735.668649667 62439000 45000 1639
idle0 1791330735.922010051 62439000 45000 1639
idle0 1791330736.174466638 62439000 45000 1639
idle0 1791330736.427880161 62246000 45000 1660
idle0 1791330736.879179802 62246000 45000 1660
idle0 1791330737.132808732 62246000 45000 1660
idle0 1791330737.386708652 62246000 45000 1660
idle0 1791330737.641322871 62486000 45000 1639
idle0 1791330738.089526756 62486000 45000 1639
idle0 1791330738.342485910 62486000 45000 1639
idle0 1791330738.595987177 62486000 45000 1639
idle0 1791330738.848802619 62246000 45000 1639
idle0 1791330739.301829928 62246000 45000 1639
idle0 1791330739.554980402 62246000 45000 1639
idle0 1791330739.808056555 62246000 45000 1639
idle0 1791330740.061387239 62486000 45000 1639
idle0 1791330740.514029529 62486000 45000 1639
idle0 1791330740.767439331 62486000 45000 1639
idle0 1791330741.020732574 62486000 45000 1639
idle0 1791330741.274771783 62713000 45000 1660
idle0 1791330741.729347321 62713000 45000 1660
idle0 1791330741.983895231 62713000 45000 1660
idle0 1791330742.238614714 62713000 45000 1660
idle0 1791330742.494104692 62433000 45000 1639
idle0 1791330742.939306753 62433000 45000 1639
idle0 1791330743.193891772 62433000 45000 1639
idle0 1791330743.448558224 62433000 45000 1639
idle0 1791330743.702928316 62187000 45000 1639
idle0 1791330744.152691897 62187000 45000 1639
idle0 1791330744.407590707 62187000 45000 1639
idle0 1791330744.662750158 62187000 45000 1639
idle0 1791330744.917432369 62171000 45000 1639
idle0 1791330745.365157639 62171000 45000 1639
idle0 1791330745.619355285 62171000 45000 1639
idle0 1791330745.873562167 62171000 45000 1639
idle0 1791330746.127821559 62187000 45000 1639
idle0 1791330746.575522792 62187000 45000 1639
idle0 1791330746.829826126 62187000 45000 1639
idle0 1791330747.083975949 62187000 45000 1639
idle0 1791330747.338688285 62426000 45000 1639
idle0 1791330747.788714276 62426000 45000 1639
idle0 1791330748.042849633 62426000 45000 1639
idle0 1791330748.297284113 62426000 45000 1639
idle0 1791330748.551467038 62192000 45000 1639
idle0 1791330749.001996647 62192000 45000 1639
idle0 1791330749.256987786 62192000 45000 1639
idle0 1791330749.511556539 62192000 45000 1639
idle0 1791330749.766135951 62200000 45000 1639
idle0 1791330750.213839513 62200000 45000 1639
idle0 1791330750.468523883 62200000 45000 1639
idle0 1791330750.723707024 62200000 45000 1639
idle0 1791330750.979089562 62399000 45000 1639
idle0 1791330751.424114395 62399000 45000 1639
idle0 1791330751.678537751 62399000 45000 1639
idle0 1791330751.933259540 62399000 45000 1639
idle0 1791330752.188495089 62211000 45000 1639
idle0 1791330752.636938924 62211000 45000 1639
idle0 1791330752.891473369 62211000 45000 1639
idle0 1791330753.145374348 62211000 45000 1639
idle0 1791330753.399461217 62195000 45000 1639
idle0 1791330753.848393062 62195000 45000 1639
idle0 1791330754.102570803 62195000 45000 1639
idle0 1791330754.357663760 62195000 45000 1639
idle0 1791330754.612260771 62194000 45000 1639
idle0 1791330755.059702091 62194000 45000 1639
idle0 1791330755.314425220 62194000 45000 1639
idle0 1791330755.568974069 62194000 45000 1639
idle0 1791330755.823675236 62430000 45000 1639
idle0 1791330756.272617126 62430000 45000 1639
idle0 1791330756.526693563 62430000 45000 1639
idle0 1791330756.781290793 62430000 45000 1639
idle0 1791330757.035795899 62663000 45000 1660
idle0 1791330757.484974434 62663000 45000 1660
idle0 1791330757.739403516 62663000 45000 1660
idle0 1791330757.993864518 62663000 45000 1660
idle0 1791330758.248326831 62440000 45000 1639
idle0 1791330758.696218245 62440000 45000 1639
idle0 1791330758.950849066 62440000 45000 1639
idle0 1791330759.205041119 62440000 45000 1639
idle0 1791330759.459108496 62187000 45000 1639
idle0 1791330759.908658329 62187000 45000 1639
idle0 1791330760.163630664 62187000 45000 1639
idle0 1791330760.418148931 62187000 45000 1639
idle0 1791330760.672261904 62668000 45000 1639
idle0 1791330761.121602309 62668000 45000 1639
idle0 1791330761.376046746 62668000 45000 1639
idle0 1791330761.630351450 62668000 45000 1639
idle0 1791330761.884090305 62200000 45000 1639
idle0 1791330762.330698721 62200000 45000 1639
idle0 1791330762.584309393 62200000 45000 1639
idle0 1791330762.838421913 62200000 45000 1639
idle0 1791330763.092381404 62246000 44000 1639
idle0 1791330763.543400023 62246000 44000 1639
idle0 1791330763.797494769 62246000 44000 1639
idle0 1791330764.050723058 62246000 44000 1639
idle0 1791330764.304161814 62446000 45000 1639
idle0 1791330764.753898041 62446000 45000 1639
idle0 1791330765.007224235 62446000 45000 1639
idle0 1791330765.260664263 62446000 45000 1639
idle0 1791330765.513701931 62246000 44000 1639
idle0 1791330765.965659039 62246000 44000 1639
idle0 1791330766.218875875 62246000 44000 1639
idle0 1791330766.472357109 62246000 44000 1639
idle0 1791330766.725477563 62230000 45000 1639
idle0 1791330767.178353583 62230000 45000 1639
idle0 1791330767.431790664 62230000 45000 1639
idle0 1791330767.685151360 62230000 45000 1639
idle0 1791330767.938234482 62180000 45000 1639
idle0 1791330768.391585838 62180000 45000 1639
idle0 1791330768.645258172 62180000 45000 1639
idle0 1791330768.898956535 62180000 45000 1639
idle0 1791330769.152205559 62246000 45000 1639
idle0 1791330769.602849331 62246000 45000 1639
idle0 1791330769.856550789 62246000 45000 1639
idle0 1791330770.110018165 62246000 45000 1639
idle0 1791330770.363920832 62246000 45000 1639
idle0 1791330770.814682525 62246000 45000 1639
idle0 1791330771.068870130 62246000 45000 1639
idle0 1791330771.322647169 62246000 45000 1639
idle0 1791330771.576597775 62211000 45000 1639
idle0 1791330772.028486936 62211000 45000 1639
idle0 1791330772.282422042 62211000 45000 1639
idle0 1791330772.536248243 62211000 45000 1639
idle0 1791330772.790238554 62446000 45000 1639
idle0 1791330773.239262634 62446000 45000 1639
idle0 1791330773.492733723 62446000 45000 1639
idle0 1791330773.746546518 62446000 45000 1639
idle0 1791330774.000158143 62246000 45000 1639
idle0 1791330774.450825453 62246000 45000 1639
idle0 1791330774.705735658 62246000 45000 1639
idle0 1791330774.960007699 62246000 45000 1639
idle0 1791330775.213730733 62230000 45000 1639
idle0 1791330775.663476161 62230000 45000 1639
idle0 1791330775.916924987 62230000 45000 1639
load_X5 1791330776.172234685 62230000 45000 1639
load_X5 1791330776.424973159 62246000 45000 1639
load_X5 1791330776.875626219 62246000 45000 1639
load_X5 1791330777.129136850 62246000 45000 1639
load_X5 1791330777.382618296 62246000 45000 1639
load_X5 1791330777.635899043 81427000 67000 1939
load_X5 1791330778.188316938 81427000 67000 1939
load_X5 1791330778.443126780 81427000 67000 1939
load_X5 1791330778.697896087 81427000 67000 1939
load_X5 1791330778.952393059 83327000 68000 1960
load_X5 1791330779.502633370 83327000 68000 1960
load_X5 1791330779.756534056 83327000 68000 1960
load_X5 1791330780.010307070 83327000 68000 1960
load_X5 1791330780.264583895 83034000 68000 1939
load_X5 1791330780.715101764 83034000 68000 1939
load_X5 1791330780.969233665 83034000 68000 1939
load_X5 1791330781.223594768 83034000 68000 1939
load_X5 1791330781.477962805 83267000 68000 1939
load_X5 1791330781.927289052 83267000 68000 1939
load_X5 1791330782.181725026 83267000 68000 1939
load_X5 1791330782.435967475 83267000 68000 1939
load_X5 1791330782.690140562 83507000 68000 1939
load_X5 1791330783.138952116 83507000 68000 1939
load_X5 1791330783.392669192 83507000 68000 1939
load_X5 1791330783.647286417 83507000 68000 1939
load_X5 1791330783.901588908 83529000 68000 1939
load_X5 1791330784.351684624 83529000 68000 1939
load_X5 1791330784.606862206 83529000 68000 1939
load_X5 1791330784.861506231 83529000 68000 1939
load_X5 1791330785.115766310 83513000 68000 1939
load_X5 1791330785.663010526 83513000 68000 1939
load_X5 1791330785.917306252 83513000 68000 1939
load_X5 1791330786.171387162 83513000 68000 1939
load_X5 1791330786.425732011 83490000 67000 1939
load_X5 1791330786.873492956 83490000 67000 1939
load_X5 1791330787.127634110 83490000 67000 1939
load_X5 1791330787.381479264 83490000 67000 1939
load_X5 1791330787.634961032 83567000 66000 1939
load_X5 1791330788.087869103 83567000 66000 1939
load_X5 1791330788.341006600 83567000 66000 1939
load_X5 1791330788.594790157 83567000 66000 1939
load_X5 1791330788.848386692 83790000 46000 1960
load_X5 1791330789.298545360 83790000 46000 1960
load_X5 1791330789.551791782 83790000 46000 1960
load_X5 1791330789.805279841 83790000 46000 1960
load_X5 1791330790.058759884 83588000 67000 1939
load_X5 1791330790.511459667 83588000 67000 1939
load_X5 1791330790.764983682 83588000 67000 1939
load_X5 1791330791.018436043 83588000 67000 1939
load_X5 1791330791.272357227 84068000 69000 1939
load_X5 1791330791.721623738 84068000 69000 1939
load_X5 1791330791.975391714 84068000 69000 1939
load_X5 1791330792.228816721 84068000 69000 1939
load_X5 1791330792.482447065 83828000 67000 1960
load_X5 1791330792.935158337 83828000 67000 1960
load_X5 1791330793.188658055 83828000 67000 1960
load_X5 1791330793.442257500 83828000 67000 1960
load_X5 1791330793.696378140 83806000 68000 1960
load_X5 1791330794.147256009 83806000 68000 1960
load_X5 1791330794.400947898 83806000 68000 1960
load_X5 1791330794.655264416 83806000 68000 1960
load_X5 1791330794.909187051 83812000 68000 1939
load_X5 1791330795.360546838 83812000 68000 1939
load_X5 1791330795.614211675 83812000 68000 1939
load_X5 1791330795.868248465 83812000 68000 1939
load_X5 1791330796.122202648 84008000 68000 1960
load_X5 1791330796.570993283 84008000 68000 1960
load_X5 1791330796.824752719 84008000 68000 1960
load_X5 1791330797.078998542 84008000 68000 1960
load_X5 1791330797.332700067 84249000 67000 1960
load_X5 1791330797.783478753 84249000 67000 1960
load_X5 1791330798.036802846 84249000 67000 1960
load_X5 1791330798.290400615 84249000 67000 1960
load_X5 1791330798.544210764 82147000 68000 1939
load_X5 1791330798.994924597 82147000 68000 1939
load_X5 1791330799.249291376 82147000 68000 1939
load_X5 1791330799.502998320 82147000 68000 1939
load_X5 1791330799.756322731 84292000 68000 1939
load_X5 1791330800.205665754 84292000 68000 1939
load_X5 1791330800.459325198 84292000 68000 1939
load_X5 1791330800.712683523 84292000 68000 1939
load_X5 1791330800.965891213 84308000 68000 1960
load_X5 1791330801.417820065 84308000 68000 1960
load_X5 1791330801.671171176 84308000 68000 1960
load_X5 1791330801.924570197 84308000 68000 1960
load_X5 1791330802.177794087 84292000 68000 1960
load_X5 1791330802.630311759 84292000 68000 1960
load_X5 1791330802.883761895 84292000 68000 1960
load_X5 1791330803.137994589 84292000 68000 1960
load_X5 1791330803.392346186 84232000 67000 1939
load_X5 1791330803.843855453 84232000 67000 1939
load_X5 1791330804.098775453 84232000 67000 1939
load_X5 1791330804.354160641 84232000 67000 1939
load_X5 1791330804.608595144 84209000 67000 1960
load_X5 1791330805.056596017 84209000 67000 1960
load_X5 1791330805.311813317 84209000 67000 1960
load_X5 1791330805.568040283 84209000 67000 1960
load_X5 1791330805.822173827 84460000 68000 1960
load_X5 1791330806.268835520 84460000 68000 1960
load_X5 1791330806.522521419 84460000 68000 1960
load_X5 1791330806.776660743 84460000 68000 1960
load_X5 1791330807.031011917 84210000 69000 1920
load_X5 1791330807.480777408 84210000 69000 1920
load_X5 1791330807.734792787 84210000 69000 1920
load_X5 1791330807.988984309 84210000 69000 1920
load_X5 1791330808.243496056 84264000 67000 1960
load_X5 1791330808.691109142 84264000 67000 1960
load_X5 1791330808.944679310 84264000 67000 1960
load_X5 1791330809.198682115 84264000 67000 1960
load_X5 1791330809.452600279 84467000 68000 1960
load_X5 1791330809.903953674 84467000 68000 1960
load_X5 1791330810.158257195 84467000 68000 1960
load_X5 1791330810.412054932 84467000 68000 1960
load_X5 1791330810.665854842 84499000 68000 1960
load_X5 1791330811.116275585 84499000 68000 1960
load_X5 1791330811.370551433 84499000 68000 1960
load_X5 1791330811.624431324 84499000 68000 1960
load_X5 1791330811.878397437 84511000 69000 1960
load_X5 1791330812.326620419 84511000 69000 1960
load_X5 1791330812.580130802 84511000 69000 1960
load_X5 1791330812.833588976 84511000 69000 1960
load_X5 1791330813.087396409 84495000 68000 1960
load_X5 1791330813.537794745 84495000 68000 1960
load_X5 1791330813.791057730 84495000 68000 1960
load_X5 1791330814.044628135 84495000 68000 1960
load_X5 1791330814.297706971 84533000 68000 1960
load_X5 1791330814.749463590 84533000 68000 1960
load_X5 1791330815.002844366 84533000 68000 1960
load_X5 1791330815.256211837 84533000 68000 1960
load_X5 1791330815.509499537 84533000 69000 1960
load_X5 1791330815.962554265 84533000 69000 1960
load_X5 1791330816.216029889 84533000 69000 1960
load_X5 1791330816.469330412 84533000 69000 1960
load_X5 1791330816.722603123 84549000 69000 1960
load_X5 1791330817.175465796 84549000 69000 1960
load_X5 1791330817.428678533 84549000 69000 1960
load_X5 1791330817.682539383 84549000 69000 1960
load_X5 1791330817.935972826 84308000 68000 1960
load_X5 1791330818.387002468 84308000 68000 1960
load_X5 1791330818.640745505 84308000 68000 1960
load_X5 1791330818.894307741 84308000 68000 1960
load_X5 1791330819.148479757 84489000 69000 1960
load_X5 1791330819.600303306 84489000 69000 1960
load_X5 1791330819.853819834 84489000 69000 1960
load_X5 1791330820.107578249 84489000 69000 1960
load_X5 1791330820.361116388 84472000 68000 1960
load_X5 1791330820.812131209 84472000 68000 1960
load_X5 1791330821.065557336 84472000 68000 1960
load_X5 1791330821.319190844 84472000 68000 1960
load_X5 1791330821.572529605 84990000 69000 1960
load_X5 1791330822.023710849 84990000 69000 1960
load_X5 1791330822.277877502 84990000 69000 1960
load_X5 1791330822.531167802 84990000 69000 1960
load_X5 1791330822.784882943 84788000 69000 1960
load_X5 1791330823.234124794 84788000 69000 1960
load_X5 1791330823.487598929 84788000 69000 1960
load_X5 1791330823.740827642 84788000 69000 1960
load_X5 1791330823.994191830 84729000 68000 1960
load_X5 1791330824.445916004 84729000 68000 1960
load_X5 1791330824.699489316 84729000 68000 1960
load_X5 1791330824.952540302 84729000 68000 1960
load_X5 1791330825.205556262 84723000 68000 1979
load_X5 1791330825.658604384 84723000 68000 1979
load_X5 1791330825.911961918 84723000 68000 1979
load_X5 1791330826.165295586 84723000 68000 1979
load_X5 1791330826.418760522 84729000 69000 1979
load_X5 1791330826.871656435 84729000 69000 1979
load_X5 1791330827.125092196 84729000 69000 1979
load_X5 1791330827.378116960 84729000 69000 1979
load_X5 1791330827.631822149 84991000 68000 1920
load_X5 1791330828.082918564 84991000 68000 1920
load_X5 1791330828.336471224 84991000 68000 1920
load_X5 1791330828.589459830 84991000 68000 1920
load_X5 1791330828.842780131 84729000 69000 1960
load_X5 1791330829.294631920 84729000 69000 1960
load_X5 1791330829.547905272 84729000 69000 1960
load_X5 1791330829.801153116 84729000 69000 1960
load_X5 1791330830.054612900 84978000 68000 1979
load_X5 1791330830.506657471 84978000 68000 1979
load_X5 1791330830.760015112 84978000 68000 1979
load_X5 1791330831.013493189 84978000 68000 1979
load_X5 1791330831.267488984 84984000 48000 1979
load_X5 1791330831.718670474 84984000 48000 1979
load_X5 1791330831.972216500 84984000 48000 1979
load_X5 1791330832.225171509 84984000 48000 1979
load_X5 1791330832.478430862 84968000 69000 1979
load_X5 1791330832.930047933 84968000 69000 1979
load_X5 1791330833.183616099 84968000 69000 1979
load_X5 1791330833.436849052 84968000 69000 1979
load_X5 1791330833.690243310 85007000 67000 1960
load_X5 1791330834.141736596 85007000 67000 1960
load_X5 1791330834.395018941 85007000 67000 1960
load_X5 1791330834.648697464 85007000 67000 1960
load_X5 1791330834.902172083 84968000 69000 1979
load_X5 1791330835.353828524 84968000 69000 1979
load_X5 1791330835.607296069 84968000 69000 1979
load_X5 1791330835.860312051 84968000 69000 1979
load_X5 1791330836.113624692 84752000 69000 1979
load_X5 1791330836.566563373 84752000 69000 1979
load_X5 1791330836.819914246 84752000 69000 1979
load_X5 1791330837.073683679 84752000 69000 1979
load_X5 1791330837.327498578 84985000 68000 1960
load_X5 1791330837.777621933 84985000 68000 1960
load_X5 1791330838.030161564 84985000 68000 1960
load_X5 1791330838.283627203 84985000 68000 1960
load_X5 1791330838.537054799 84968000 69000 1939
load_X5 1791330838.990151966 84968000 69000 1939
load_X5 1791330839.243487549 84968000 69000 1939
load_X5 1791330839.496658310 84968000 69000 1939
load_X5 1791330839.750243473 84991000 69000 1960
load_X5 1791330840.202358224 84991000 69000 1960
load_X5 1791330840.455602333 84991000 69000 1960
load_X5 1791330840.709099980 84991000 69000 1960
load_X5 1791330840.962891362 84962000 70000 1979
load_X5 1791330841.414376482 84962000 70000 1979
load_X5 1791330841.667695382 84962000 70000 1979
load_X5 1791330841.921162681 84962000 70000 1979
load_X5 1791330842.174880774 85248000 68000 1979
load_X5 1791330842.625910743 85248000 68000 1979
load_X5 1791330842.879525631 85248000 68000 1979
load_X5 1791330843.132720795 85248000 68000 1979
load_X5 1791330843.385994879 84968000 69000 1960
load_X5 1791330843.837639317 84968000 69000 1960
load_X5 1791330844.091113798 84968000 69000 1960
load_X5 1791330844.344567540 84968000 69000 1960
load_X5 1791330844.597957161 84991000 69000 1979
load_X5 1791330845.050985810 84991000 69000 1979
load_X5 1791330845.304162538 84991000 69000 1979
load_X5 1791330845.557484060 84991000 69000 1979
load_X5 1791330845.810718336 85239000 69000 1979
load_X5 1791330846.262004876 85239000 69000 1979
load_X5 1791330846.515342537 85239000 69000 1979
load_X5 1791330846.768781239 85239000 69000 1979
load_X5 1791330847.022258253 84061000 69000 1979
load_X5 1791330847.474736851 84061000 69000 1979
load_X5 1791330847.728263017 84061000 69000 1979
load_X5 1791330847.981643248 84061000 69000 1979
load_X5 1791330848.235187587 83827000 69000 1979
load_X5 1791330848.686568752 83827000 69000 1979
load_X5 1791330848.940290447 83827000 69000 1979
load_X5 1791330849.193278977 83827000 69000 1979
load_X5 1791330849.446619151 85006000 68000 1979
load_X5 1791330849.898192858 85006000 68000 1979
load_X5 1791330850.151595719 85006000 68000 1979
load_X5 1791330850.404994092 85006000 68000 1979
load_X5 1791330850.658797129 85013000 70000 1979
load_X5 1791330851.111398955 85013000 70000 1979
load_X5 1791330851.364564948 85013000 70000 1979
load_X5 1791330851.618030217 85013000 70000 1979
load_X5 1791330851.870999910 85493000 69000 1979
load_X5 1791330852.321808319 85493000 69000 1979
load_X5 1791330852.576270719 85493000 69000 1979
load_X5 1791330852.830483337 85493000 69000 1979
load_X5 1791330853.084113145 85096000 47000 1979
load_X5 1791330853.535910810 85096000 47000 1979
load_X5 1791330853.789334158 85096000 47000 1979
load_X5 1791330854.043131140 85096000 47000 1979
load_X5 1791330854.296645750 85213000 69000 1979
load_X5 1791330854.747653793 85213000 69000 1979
load_X5 1791330855.000895246 85213000 69000 1979
load_X5 1791330855.254329824 85213000 69000 1979
load_X5 1791330855.507685924 85247000 69000 1979
load_X5 1791330855.959580429 85247000 69000 1979
load_X5 1791330856.213338195 85247000 69000 1979
load_X5 1791330856.466472546 85247000 69000 1979
load_X5 1791330856.719998906 85269000 69000 1979
load_X5 1791330857.171712367 85269000 69000 1979
load_X5 1791330857.425268072 85269000 69000 1979
load_X5 1791330857.678749838 85269000 69000 1979
load_X5 1791330857.933622208 84772000 69000 1979
load_X5 1791330858.383130235 84772000 69000 1979
load_X5 1791330858.637058622 84772000 69000 1979
load_X5 1791330858.890417044 84772000 69000 1979
load_X5 1791330859.143731933 85503000 69000 1979
load_X5 1791330859.594880655 85503000 69000 1979
load_X5 1791330859.848379181 85503000 69000 1979
load_X5 1791330860.101807554 85503000 69000 1979
load_X5 1791330860.355551982 85463000 69000 1979
load_X5 1791330860.807557340 85463000 69000 1979
load_X5 1791330861.061342486 85463000 69000 1979
load_X5 1791330861.314848434 85463000 69000 1979
load_X5 1791330861.568484437 85514000 69000 1979
load_X5 1791330862.019266205 85514000 69000 1979
load_X5 1791330862.272907978 85514000 69000 1979
load_X5 1791330862.526862492 85514000 69000 1979
load_X5 1791330862.780567445 85548000 68000 1979
load_X5 1791330863.232171112 85548000 68000 1979
load_X5 1791330863.485547404 85548000 68000 1979
load_X5 1791330863.739107052 85548000 68000 1979
load_X5 1791330863.992306300 85560000 69000 1979
load_X5 1791330864.443148197 85560000 69000 1979
load_X5 1791330864.696594690 85560000 69000 1979
load_X5 1791330864.950015375 85560000 69000 1979
load_X5 1791330865.203373402 85509000 69000 1979
load_X5 1791330865.655528145 85509000 69000 1979
load_X5 1791330865.908947307 85509000 69000 1979
load_X5 1791330866.162378781 85509000 69000 1979
load_X5 1791330866.415668087 85493000 68000 1979
load_X5 1791330866.867848738 85493000 68000 1979
load_X5 1791330867.121775216 85493000 68000 1979
load_X5 1791330867.375365559 85493000 68000 1979
load_X5 1791330867.628818743 85487000 69000 1979
load_X5 1791330868.079009467 85487000 69000 1979
load_X5 1791330868.332283032 85487000 69000 1979
load_X5 1791330868.585627540 85487000 69000 1979
load_X5 1791330868.839612638 85516000 69000 1979
load_X5 1791330869.290999276 85516000 69000 1979
load_X5 1791330869.544957042 85516000 69000 1979
load_X5 1791330869.799464795 85516000 69000 1979
load_X5 1791330870.053420997 85748000 69000 1979
load_X5 1791330870.506445286 85748000 69000 1979
load_X5 1791330870.760583862 85748000 69000 1979
load_X5 1791330871.015444550 85748000 69000 1979
load_X5 1791330871.269471685 85459000 70000 1979
load_X5 1791330871.716791917 85459000 70000 1979
load_X5 1791330871.971436707 85459000 70000 1979
load_X5 1791330872.225848538 85459000 70000 1979
load_X5 1791330872.480109283 85514000 70000 1979
load_X5 1791330872.929970629 85514000 70000 1979
load_X5 1791330873.185037836 85514000 70000 1979
load_X5 1791330873.440059226 85514000 70000 1979
load_X5 1791330873.695557987 85475000 54000 1979
load_X5 1791330874.140819560 85475000 54000 1979
load_X5 1791330874.394400300 85475000 54000 1979
load_X5 1791330874.648515900 85475000 54000 1979
load_X5 1791330874.903191426 85276000 70000 1979
load_X5 1791330875.353313091 85276000 70000 1979
load_X5 1791330875.608526221 85276000 70000 1979
load_X5 1791330875.864163222 85276000 70000 1979
load_X5 1791330876.119443308 85514000 69000 1979
load_X5 1791330876.563287423 85514000 69000 1979
load_X5 1791330876.817320646 85514000 69000 1979
load_X5 1791330877.070640252 85514000 69000 1979
load_X5 1791330877.323877772 85552000 70000 1979
load_X5 1791330877.776763200 85552000 70000 1979
load_X5 1791330878.030142578 85552000 70000 1979
load_X5 1791330878.283659144 85552000 70000 1979
load_X5 1791330878.537118052 86249000 69000 1979
load_X5 1791330878.986178840 86249000 69000 1979
load_X5 1791330879.240195139 86249000 69000 1979
load_X5 1791330879.493586779 86249000 69000 1979
load_X5 1791330879.746828436 85800000 69000 1979
load_X5 1791330880.199404076 85800000 69000 1979
load_X5 1791330880.453036390 85800000 69000 1979
load_X5 1791330880.706449830 85800000 69000 1979
load_X5 1791330880.959891784 85733000 69000 1979
load_X5 1791330881.410360086 85733000 69000 1979
load_X5 1791330881.663751393 85733000 69000 1979
load_X5 1791330881.917009199 85733000 69000 1979
load_X5 1791330882.170174260 85749000 69000 1999
load_X5 1791330882.623921208 85749000 69000 1999
load_X5 1791330882.877576734 85749000 69000 1999
load_X5 1791330883.130950177 85749000 69000 1999
load_X5 1791330883.383982366 85717000 70000 1979
load_X5 1791330883.834716446 85717000 70000 1979
load_X5 1791330884.088267013 85717000 70000 1979
load_X5 1791330884.341584309 85717000 70000 1979
load_X5 1791330884.595672801 83810000 70000 1999
load_X5 1791330885.048883364 83810000 70000 1999
load_X5 1791330885.302737843 83810000 70000 1999
load_X5 1791330885.556554261 83810000 70000 1999
load_X5 1791330885.810623986 85514000 70000 1979
load_X5 1791330886.259586270 85514000 70000 1979
load_X5 1791330886.513424097 85514000 70000 1979
load_X5 1791330886.766901133 85514000 70000 1979
load_X5 1791330887.020664059 85994000 69000 1999
load_X5 1791330887.470562538 85994000 69000 1999
load_X5 1791330887.724272022 85994000 69000 1999
load_X5 1791330887.977670239 85994000 69000 1999
load_X5 1791330888.231747948 86057000 70000 1999
load_X5 1791330888.683763491 86057000 70000 1999
load_X5 1791330888.938076925 86057000 70000 1999
load_X5 1791330889.191313455 86057000 70000 1999
load_X5 1791330889.444470075 85788000 70000 1999
load_X5 1791330889.895465421 85788000 70000 1999
load_X5 1791330890.148670091 85788000 70000 1999
load_X5 1791330890.402096249 85788000 70000 1999
load_X5 1791330890.655372433 85800000 70000 1979
load_X5 1791330891.106438041 85800000 70000 1979
load_X5 1791330891.359482988 85800000 70000 1979
load_X5 1791330891.613140312 85800000 70000 1979
load_X5 1791330891.866271181 85800000 70000 1999
load_X5 1791330892.320271556 85800000 70000 1999
load_X5 1791330892.574167940 85800000 70000 1999
load_X5 1791330892.827789365 85800000 70000 1999
load_X5 1791330893.081482895 86263000 70000 1999
load_X5 1791330893.531368172 86263000 70000 1999
load_X5 1791330893.784559645 86263000 70000 1999
load_X5 1791330894.038007070 86263000 70000 1999
load_X5 1791330894.291678037 86250000 69000 1979
load_X5 1791330894.847624423 86250000 69000 1979
load_X5 1791330895.102509171 86250000 69000 1979
load_X5 1791330895.357082340 86250000 69000 1979
load_X5 1791330895.612048902 86201000 69000 1999
load_X5 1791330896.159682557 86201000 69000 1999
load_X5 1791330896.413687974 86201000 69000 1999
load_X5 1791330896.667780025 86201000 69000 1999
load_X5 1791330896.922010446 86172000 70000 1979
load_X5 1791330897.370791074 86172000 70000 1979
load_X5 1791330897.626300378 86172000 70000 1979
load_X5 1791330897.880531140 86172000 70000 1979
load_X5 1791330898.134537698 85964000 69000 1999
load_X5 1791330898.583231961 85964000 69000 1999
load_X5 1791330898.836993767 85964000 69000 1999
load_X5 1791330899.092113285 85964000 69000 1999
load_X5 1791330899.346153546 85940000 70000 1999
load_X5 1791330899.895539783 85940000 70000 1999
load_X5 1791330900.149459416 85940000 70000 1999
load_X5 1791330900.402741996 85940000 70000 1999
load_X5 1791330900.656551962 86201000 70000 1999
load_X5 1791330901.106804723 86201000 70000 1999
load_X5 1791330901.360570745 86201000 70000 1999
load_X5 1791330901.614266505 86201000 70000 1999
load_X5 1791330901.868563990 86057000 70000 1999
load_X5 1791330902.319588496 86057000 70000 1999
load_X5 1791330902.573201278 86057000 70000 1999
load_X5 1791330902.826803921 86057000 70000 1999
load_X5 1791330903.080471276 85993000 69000 1999
load_X5 1791330903.530458373 85993000 69000 1999
load_X5 1791330903.784218462 85993000 69000 1999
load_X5 1791330904.037552447 85993000 69000 1999
load_X5 1791330904.291184204 84285000 69000 1979
load_X5 1791330904.743254161 84285000 69000 1979
load_X5 1791330904.996458651 84285000 69000 1979
load_X5 1791330905.250306515 84285000 69000 1979
load_X5 1791330905.503537194 86055000 69000 1979
load_X5 1791330905.953831027 86055000 69000 1979
load_X5 1791330906.207243689 86055000 69000 1979
load_X5 1791330906.460663715 86055000 69000 1979
load_X5 1791330906.714334033 86040000 70000 1999
load_X5 1791330907.166033728 86040000 70000 1999
load_X5 1791330907.419614407 86040000 70000 1999
load_X5 1791330907.673133609 86040000 70000 1999
load_X5 1791330907.926662239 85810000 70000 1999
load_X5 1791330908.377652103 85810000 70000 1999
load_X5 1791330908.631643405 85810000 70000 1999
load_X5 1791330908.884973740 85810000 70000 1999
load_X5 1791330909.138448648 86279000 69000 1979
load_X5 1791330909.591910777 86279000 69000 1979
load_X5 1791330909.845775199 86279000 69000 1979
load_X5 1791330910.099013380 86279000 69000 1979
load_X5 1791330910.352354043 86233000 70000 1979
load_X5 1791330910.804135559 86233000 70000 1979
load_X5 1791330911.057955696 86233000 70000 1979
load_X5 1791330911.311748152 86233000 70000 1979
load_X5 1791330911.565704937 86001000 70000 1999
load_X5 1791330912.015051647 86001000 70000 1999
load_X5 1791330912.268987943 86001000 70000 1999
load_X5 1791330912.522594006 86001000 70000 1999
load_X5 1791330912.776096183 86039000 69000 1999
load_X5 1791330913.227635879 86039000 69000 1999
load_X5 1791330913.480703706 86039000 69000 1999
load_X5 1791330913.734048595 86039000 69000 1999
load_X5 1791330913.988299735 86536000 70000 1999
load_X5 1791330914.437799510 86536000 70000 1999
load_X5 1791330914.691176038 86536000 70000 1999
load_X5 1791330914.944791177 86536000 70000 1999
load_X5 1791330915.198470116 86039000 70000 1999
load_X5 1791330915.651069158 86039000 70000 1999
load_X5 1791330915.904592854 86039000 70000 1999
load_X5 1791330916.158023955 86039000 70000 1999
load_X5 1791330916.411438944 86057000 70000 1999
load_X5 1791330916.861642295 86057000 70000 1999
load_X5 1791330917.115135432 86057000 70000 1999
load_X5 1791330917.368730741 86057000 70000 1999
load_X5 1791330917.622086048 86296000 70000 1999
load_X5 1791330918.074563539 86296000 70000 1999
load_X5 1791330918.327928343 86296000 70000 1999
load_X5 1791330918.581357468 86296000 70000 1999
load_X5 1791330918.834733333 86250000 70000 1999
load_X5 1791330919.287863975 86250000 70000 1999
load_X5 1791330919.542276515 86250000 70000 1999
load_X5 1791330919.796892990 86250000 70000 1999
load_X5 1791330920.051071339 86202000 70000 1999
load_X5 1791330920.499989880 86202000 70000 1999
load_X5 1791330920.754554607 86202000 70000 1999
load_X5 1791330921.008619601 86202000 70000 1999
load_X5 1791330921.261934419 86452000 70000 1999
load_X5 1791330921.711030294 86452000 70000 1999
load_X5 1791330921.964594041 86452000 70000 1999
load_X5 1791330922.218784451 86452000 70000 1999
load_X5 1791330922.472097865 86232000 70000 1999
load_X5 1791330922.922745187 86232000 70000 1999
load_X5 1791330923.176299145 86232000 70000 1999
load_X5 1791330923.429726083 86232000 70000 1999
load_X5 1791330923.683836961 86233000 69000 1999
load_X5 1791330924.134266300 86233000 69000 1999
load_X5 1791330924.388078254 86233000 69000 1999
load_X5 1791330924.641346973 86233000 69000 1999
load_X5 1791330924.895150150 86290000 69000 1999
load_X5 1791330925.345763825 86290000 69000 1999
load_X5 1791330925.598895024 86290000 69000 1999
load_X5 1791330925.852441897 86290000 69000 1999
idle1 1791330926.297770106 86296000 70000 1999
idle1 1791330926.659949584 86296000 70000 1999
idle1 1791330926.913245523 86296000 70000 1999
idle1 1791330927.166139292 86296000 70000 1999
idle1 1791330927.419685843 64966000 47000 1699
idle1 1791330927.971515715 64966000 47000 1699
idle1 1791330928.224521986 64966000 47000 1699
idle1 1791330928.478000067 64966000 47000 1699
idle1 1791330928.730934302 64715000 47000 1699
idle1 1791330929.285966454 64715000 47000 1699
idle1 1791330929.539975157 64715000 47000 1699
idle1 1791330929.793595656 64715000 47000 1699
idle1 1791330930.046816672 64475000 47000 1699
idle1 1791330930.498441369 64475000 47000 1699
idle1 1791330930.752719749 64475000 47000 1699
idle1 1791330931.006738211 64475000 47000 1699
idle1 1791330931.260401050 64687000 47000 1680
idle1 1791330931.710094561 64687000 47000 1680
idle1 1791330931.964048649 64687000 47000 1680
idle1 1791330932.218424853 64687000 47000 1680
idle1 1791330932.472550434 64679000 47000 1680
idle1 1791330932.922659118 64679000 47000 1680
idle1 1791330933.176280437 64679000 47000 1680
idle1 1791330933.429878402 64679000 47000 1680
idle1 1791330933.683275617 64715000 47000 1680
idle1 1791330934.132812301 64715000 47000 1680
idle1 1791330934.385937342 64715000 47000 1680
idle1 1791330934.639734943 64715000 47000 1680
idle1 1791330934.894281938 64715000 48000 1680
idle1 1791330935.446442372 64715000 48000 1680
idle1 1791330935.699814399 64715000 48000 1680
idle1 1791330935.953103790 64715000 48000 1680
idle1 1791330936.206492087 64648000 47000 1680
idle1 1791330936.657976533 64648000 47000 1680
idle1 1791330936.911514323 64648000 47000 1680
idle1 1791330937.165147111 64648000 47000 1680
idle1 1791330937.418546588 64475000 47000 1680
idle1 1791330937.871008047 64475000 47000 1680
idle1 1791330938.124039981 64475000 47000 1680
idle1 1791330938.376445141 64475000 47000 1680
idle1 1791330938.629860649 64407000 47000 1680
idle1 1791330939.083598475 64407000 47000 1680
idle1 1791330939.337268802 64407000 47000 1680
idle1 1791330939.590710679 64407000 47000 1680
idle1 1791330939.843988135 64379000 47000 1680
idle1 1791330940.295086028 64379000 47000 1680
idle1 1791330940.549426930 64379000 47000 1680
idle1 1791330940.802526550 64379000 47000 1680
idle1 1791330941.055921467 64408000 46000 1680
idle1 1791330941.508175550 64408000 46000 1680
idle1 1791330941.762720817 64408000 46000 1680
idle1 1791330942.017180664 64408000 46000 1680
idle1 1791330942.271431435 64380000 47000 1680
idle1 1791330942.721074449 64380000 47000 1680
idle1 1791330942.975113371 64380000 47000 1680
idle1 1791330943.229401101 64380000 47000 1680
idle1 1791330943.483353128 64416000 47000 1699
idle1 1791330943.931943314 64416000 47000 1699
idle1 1791330944.185661469 64416000 47000 1699
idle1 1791330944.440167331 64416000 47000 1699
idle1 1791330944.694409635 64129000 47000 1680
idle1 1791330945.143035828 64129000 47000 1680
idle1 1791330945.397507734 64129000 47000 1680
idle1 1791330945.651551703 64129000 47000 1680
idle1 1791330945.905650115 64398000 47000 1680
idle1 1791330946.356106661 64398000 47000 1680
idle1 1791330946.611038485 64398000 47000 1680
idle1 1791330946.864334662 64398000 47000 1680
idle1 1791330947.117700711 64154000 47000 1680
idle1 1791330947.566284522 64154000 47000 1680
idle1 1791330947.820695262 64154000 47000 1680
idle1 1791330948.074927033 64154000 47000 1680
idle1 1791330948.329492234 64339000 47000 1680
idle1 1791330948.780366717 64339000 47000 1680
idle1 1791330949.034733453 64339000 47000 1680
idle1 1791330949.288722316 64339000 47000 1680
idle1 1791330949.542900415 63850000 47000 1680
idle1 1791330949.991702285 63850000 47000 1680
idle1 1791330950.245720823 63850000 47000 1680
idle1 1791330950.499944088 63850000 47000 1680
idle1 1791330950.754203961 64152000 47000 1680
idle1 1791330951.204614796 64152000 47000 1680
idle1 1791330951.458579943 64152000 47000 1680
idle1 1791330951.712663112 64152000 47000 1680
idle1 1791330951.966519413 63917000 46000 1680
idle1 1791330952.415560161 63917000 46000 1680
idle1 1791330952.669475032 63917000 46000 1680
idle1 1791330952.923558662 63917000 46000 1680
idle1 1791330953.177649485 63926000 47000 1680
idle1 1791330953.627579990 63926000 47000 1680
idle1 1791330953.881383561 63926000 47000 1680
idle1 1791330954.134842801 63926000 47000 1680
idle1 1791330954.388256025 64151000 46000 1680
idle1 1791330954.838516813 64151000 46000 1680
idle1 1791330955.091708999 64151000 46000 1680
idle1 1791330955.345050276 64151000 46000 1680
idle1 1791330955.598550022 63926000 47000 1680
idle1 1791330956.051577480 63926000 47000 1680
idle1 1791330956.305147428 63926000 47000 1680
idle1 1791330956.558607408 63926000 47000 1680
idle1 1791330956.812063952 63926000 46000 1680
idle1 1791330957.262215050 63926000 46000 1680
idle1 1791330957.515558730 63926000 46000 1680
idle1 1791330957.768907510 63926000 46000 1680
idle1 1791330958.022216315 63944000 46000 1680
idle1 1791330958.474688953 63944000 46000 1680
idle1 1791330958.727991525 63944000 46000 1680
idle1 1791330958.981382123 63944000 46000 1680
idle1 1791330959.235410825 63913000 46000 1680
idle1 1791330959.686132087 63913000 46000 1680
idle1 1791330959.940133016 63913000 46000 1680
idle1 1791330960.194447217 63913000 46000 1680
idle1 1791330960.448994026 63910000 46000 1680
idle1 1791330960.900441096 63910000 46000 1680
idle1 1791330961.154445050 63910000 46000 1680
idle1 1791330961.408097191 63910000 46000 1680
idle1 1791330961.661652548 63913000 46000 1680
idle1 1791330962.112625162 63913000 46000 1680
idle1 1791330962.367186828 63913000 46000 1680
idle1 1791330962.621232300 63913000 46000 1680
idle1 1791330962.875393881 64151000 46000 1680
idle1 1791330963.322138694 64151000 46000 1680
idle1 1791330963.575785363 64151000 46000 1680
idle1 1791330963.830028187 64151000 46000 1680
idle1 1791330964.083352116 63673000 46000 1680
idle1 1791330964.535598300 63673000 46000 1680
idle1 1791330964.789318998 63673000 46000 1680
idle1 1791330965.042488125 63673000 46000 1680
idle1 1791330965.295807475 63681000 46000 1680
idle1 1791330965.746484397 63681000 46000 1680
idle1 1791330965.999700402 63681000 46000 1680
idle1 1791330966.253072290 63681000 46000 1680
idle1 1791330966.506580315 63926000 46000 1680
idle1 1791330966.959575191 63926000 46000 1680
idle1 1791330967.212837882 63926000 46000 1680
idle1 1791330967.466544502 63926000 46000 1680
idle1 1791330967.719944162 63926000 46000 1680
idle1 1791330968.171041355 63926000 46000 1680
idle1 1791330968.424454760 63926000 46000 1680
idle1 1791330968.677464083 63926000 46000 1680
idle1 1791330968.931391188 63686000 46000 1680
idle1 1791330969.382270999 63686000 46000 1680
idle1 1791330969.635678884 63686000 46000 1680
idle1 1791330969.890006614 63686000 46000 1680
idle1 1791330970.144472355 63673000 46000 1680
idle1 1791330970.595613358 63673000 46000 1680
idle1 1791330970.849587611 63673000 46000 1680
idle1 1791330971.103459961 63673000 46000 1680
idle1 1791330971.357126633 63832000 46000 1680
idle1 1791330971.806842244 63832000 46000 1680
idle1 1791330972.061110061 63832000 46000 1680
idle1 1791330972.314491313 63832000 46000 1680
idle1 1791330972.567740236 63640000 46000 1680
idle1 1791330973.018755179 63640000 46000 1680
idle1 1791330973.272932974 63640000 46000 1680
idle1 1791330973.527034766 63640000 46000 1680
idle1 1791330973.780557695 63375000 46000 1660
idle1 1791330974.232704553 63375000 46000 1660
idle1 1791330974.486767851 63375000 46000 1660
idle1 1791330974.741121117 63375000 46000 1660
idle1 1791330974.994950124 63143000 46000 1680
idle1 1791330975.443741337 63143000 46000 1680
idle1 1791330975.697931284 63143000 46000 1680
idle1 1791330975.951589418 63143000 46000 1680
idle1 1791330976.205805393 63615000 46000 1660
idle1 1791330976.656189792 63615000 46000 1660
idle1 1791330976.910635671 63615000 46000 1660
idle1 1791330977.164541331 63615000 46000 1660
idle1 1791330977.418779899 63858000 46000 1660
idle1 1791330977.867317672 63858000 46000 1660
idle1 1791330978.121702495 63858000 46000 1660
idle1 1791330978.375452440 63858000 46000 1660
idle1 1791330978.629170425 63378000 46000 1680
idle1 1791330979.080842582 63378000 46000 1680
idle1 1791330979.335275625 63378000 46000 1680
idle1 1791330979.588321060 63378000 46000 1680
idle1 1791330979.841523311 63675000 46000 1660
idle1 1791330980.290584469 63675000 46000 1660
idle1 1791330980.544827093 63675000 46000 1660
idle1 1791330980.799017578 63675000 46000 1660
idle1 1791330981.052557386 63592000 47000 1660
idle1 1791330981.504845422 63592000 47000 1660
idle1 1791330981.758975583 63592000 47000 1660
idle1 1791330982.013144777 63592000 47000 1660
idle1 1791330982.267168527 63604000 46000 1660
idle1 1791330982.716197061 63604000 46000 1660
idle1 1791330982.969732609 63604000 46000 1660
idle1 1791330983.223394676 63604000 46000 1660
idle1 1791330983.477218598 63191000 46000 1660
idle1 1791330983.928051886 63191000 46000 1660
idle1 1791330984.182243312 63191000 46000 1660
idle1 1791330984.435682637 63191000 46000 1660
idle1 1791330984.689141991 63651000 46000 1660
idle1 1791330985.138662962 63651000 46000 1660
idle1 1791330985.392223495 63651000 46000 1660
idle1 1791330985.646394601 63651000 46000 1660
idle1 1791330985.899982837 63447000 46000 1680
load_X4 1791330986.352738341 63447000 46000 1680
load_X4 1791330986.606064472 63447000 46000 1680
load_X4 1791330986.858918672 63447000 46000 1680
load_X4 1791330987.112327589 63201000 68000 1960
load_X4 1791330987.562797448 63201000 68000 1960
load_X4 1791330987.816374041 63201000 68000 1960
load_X4 1791330988.069687337 63201000 68000 1960
load_X4 1791330988.323073620 84549000 67000 1960
load_X4 1791330988.774435381 84549000 67000 1960
load_X4 1791330989.027886777 84549000 67000 1960
load_X4 1791330989.281305051 84549000 67000 1960
load_X4 1791330989.534828242 84308000 69000 1960
load_X4 1791330989.989114230 84308000 69000 1960
load_X4 1791330990.244168190 84308000 69000 1960
load_X4 1791330990.497821566 84308000 69000 1960
load_X4 1791330990.752272828 84533000 69000 1960
load_X4 1791330991.199466851 84533000 69000 1960
load_X4 1791330991.453122652 84533000 69000 1960
load_X4 1791330991.706503643 84533000 69000 1960
load_X4 1791330991.959967652 84489000 69000 1920
load_X4 1791330992.412143686 84489000 69000 1920
load_X4 1791330992.666193680 84489000 69000 1920
load_X4 1791330992.920505708 84489000 69000 1920
load_X4 1791330993.174609050 84968000 68000 1960
load_X4 1791330993.623973887 84968000 68000 1960
load_X4 1791330993.877684720 84968000 68000 1960
load_X4 1791330994.131208390 84968000 68000 1960
load_X4 1791330994.385423654 84549000 68000 1960
load_X4 1791330994.837158493 84549000 68000 1960
load_X4 1791330995.090729682 84549000 68000 1960
load_X4 1791330995.345065083 84549000 68000 1960
load_X4 1791330995.598402610 84750000 68000 1960
load_X4 1791330996.046705382 84750000 68000 1960
load_X4 1791330996.300181981 84750000 68000 1960
load_X4 1791330996.553501655 84750000 68000 1960
load_X4 1791330996.806810728 84549000 68000 1960
load_X4 1791330997.258754950 84549000 68000 1960
load_X4 1791330997.512380430 84549000 68000 1960
load_X4 1791330997.765890151 84549000 68000 1960
load_X4 1791330998.019387940 84549000 69000 1960
load_X4 1791330998.572486266 84549000 69000 1960
load_X4 1791330998.825853317 84549000 69000 1960
load_X4 1791330999.079301532 84549000 69000 1960
load_X4 1791330999.332721553 84790000 68000 1960
load_X4 1791330999.885632083 84790000 68000 1960
load_X4 1791331000.139385743 84790000 68000 1960
load_X4 1791331000.392834628 84790000 68000 1960
load_X4 1791331000.646311806 84541000 68000 1960
load_X4 1791331001.098454760 84541000 68000 1960
load_X4 1791331001.352260077 84541000 68000 1960
load_X4 1791331001.606211209 84541000 68000 1960
load_X4 1791331001.860331621 84752000 68000 1979
load_X4 1791331002.311740849 84752000 68000 1979
load_X4 1791331002.565993459 84752000 68000 1979
load_X4 1791331002.820061411 84752000 68000 1979
load_X4 1791331003.073765416 84946000 68000 1979
load_X4 1791331003.522928624 84946000 68000 1979
load_X4 1791331003.776598635 84946000 68000 1979
load_X4 1791331004.030222618 84946000 68000 1979
load_X4 1791331004.284270702 84946000 69000 1960
load_X4 1791331004.735249666 84946000 69000 1960
load_X4 1791331004.989589460 84946000 69000 1960
load_X4 1791331005.243161354 84946000 69000 1960
load_X4 1791331005.496064967 84979000 68000 1979
load_X4 1791331005.946235775 84979000 68000 1979
load_X4 1791331006.200913956 84979000 68000 1979
load_X4 1791331006.456746647 84979000 68000 1979
load_X4 1791331006.709985833 84762000 68000 1979
load_X4 1791331007.159603345 84762000 68000 1979
load_X4 1791331007.414281516 84762000 68000 1979
load_X4 1791331007.668883914 84762000 68000 1979
load_X4 1791331007.922588297 85019000 69000 1960
load_X4 1791331008.371570299 85019000 69000 1960
load_X4 1791331008.625751561 85019000 69000 1960
load_X4 1791331008.879362418 85019000 69000 1960
load_X4 1791331009.133712539 85213000 69000 1979
load_X4 1791331009.582598338 85213000 69000 1979
load_X4 1791331009.836209364 85213000 69000 1979
load_X4 1791331010.089603590 85213000 69000 1979
load_X4 1791331010.342990393 84758000 69000 1979
load_X4 1791331010.793317511 84758000 69000 1979
load_X4 1791331011.047546272 84758000 69000 1979
load_X4 1791331011.301573582 84758000 69000 1979
load_X4 1791331011.554910240 84991000 68000 1979
load_X4 1791331012.007178410 84991000 68000 1979
load_X4 1791331012.260834249 84991000 68000 1979
load_X4 1791331012.514206903 84991000 68000 1979
load_X4 1791331012.767643238 85023000 69000 1979
load_X4 1791331013.317838619 85023000 69000 1979
load_X4 1791331013.571231782 85023000 69000 1979
load_X4 1791331013.823884297 85023000 69000 1979
load_X4 1791331014.077231423 85013000 69000 1979
load_X4 1791331014.530403776 85013000 69000 1979
load_X4 1791331014.783914761 85013000 69000 1979
load_X4 1791331015.037366153 85013000 69000 1979
load_X4 1791331015.290853172 85269000 69000 1979
load_X4 1791331015.742918085 85269000 69000 1979
load_X4 1791331015.996347645 85269000 69000 1979
load_X4 1791331016.249784820 85269000 69000 1979
load_X4 1791331016.503242994 85029000 69000 1979
load_X4 1791331016.954361529 85029000 69000 1979
load_X4 1791331017.208108017 85029000 69000 1979
load_X4 1791331017.461949864 85029000 69000 1979
load_X4 1791331017.715351481 85487000 68000 1979
load_X4 1791331018.166937538 85487000 68000 1979
load_X4 1791331018.420202637 85487000 68000 1979
load_X4 1791331018.673824639 85487000 68000 1979
load_X4 1791331018.927869719 85231000 70000 1979
load_X4 1791331019.380727915 85231000 70000 1979
load_X4 1791331019.634797872 85231000 70000 1979
load_X4 1791331019.888404885 85231000 70000 1979
load_X4 1791331020.142146001 85268000 69000 1979
load_X4 1791331020.591661108 85268000 69000 1979
load_X4 1791331020.845115182 85268000 69000 1979
load_X4 1791331021.097909731 85268000 69000 1979
load_X4 1791331021.351602195 83112000 68000 1979
load_X4 1791331021.803387104 83112000 68000 1979
load_X4 1791331022.057207839 83112000 68000 1979
load_X4 1791331022.310523271 83112000 68000 1979
load_X4 1791331022.563786754 85509000 69000 1979
load_X4 1791331023.014617381 85509000 69000 1979
load_X4 1791331023.268042168 85509000 69000 1979
load_X4 1791331023.521770799 85509000 69000 1979
load_X4 1791331023.775136656 85514000 69000 1979
load_X4 1791331024.226823427 85514000 69000 1979
load_X4 1791331024.480835161 85514000 69000 1979
load_X4 1791331024.733662410 85514000 69000 1979
load_X4 1791331024.987887778 85029000 69000 1979
load_X4 1791331025.439912425 85029000 69000 1979
load_X4 1791331025.693539143 85029000 69000 1979
load_X4 1791331025.947202139 85029000 69000 1979
load_X4 1791331026.200550541 85554000 69000 1979
load_X4 1791331026.650818302 85554000 69000 1979
load_X4 1791331026.904226867 85554000 69000 1979
load_X4 1791331027.157659888 85554000 69000 1979
load_X4 1791331027.411230368 85576000 69000 1979
load_X4 1791331027.863224737 85576000 69000 1979
load_X4 1791331028.116676192 85576000 69000 1979
load_X4 1791331028.369322588 85576000 69000 1979
load_X4 1791331028.622714481 85253000 70000 1979
load_X4 1791331029.074777187 85253000 70000 1979
load_X4 1791331029.328708808 85253000 70000 1979
load_X4 1791331029.582802965 85253000 70000 1979
load_X4 1791331029.836307069 85576000 70000 1979
load_X4 1791331030.286609703 85576000 70000 1979
load_X4 1791331030.540985091 85576000 70000 1979
load_X4 1791331030.795107842 85576000 70000 1979
load_X4 1791331031.048953770 85514000 68000 1979
load_X4 1791331031.500380484 85514000 68000 1979
load_X4 1791331031.753593477 85514000 68000 1979
load_X4 1791331032.006876433 85514000 68000 1979
load_X4 1791331032.260083094 85447000 69000 1979
load_X4 1791331032.712373848 85447000 69000 1979
load_X4 1791331032.965581350 85447000 69000 1979
load_X4 1791331033.219382082 85447000 69000 1979
load_X4 1791331033.472892747 85769000 69000 1979
load_X4 1791331033.923058549 85769000 69000 1979
load_X4 1791331034.176834734 85769000 69000 1979
load_X4 1791331034.430453151 85769000 69000 1979
load_X4 1791331034.684518722 85552000 70000 1979
load_X4 1791331035.134954864 85552000 70000 1979
load_X4 1791331035.388542983 85552000 70000 1979
load_X4 1791331035.641895438 85552000 70000 1979
load_X4 1791331035.895911065 85514000 69000 1979
load_X4 1791331036.348525074 85514000 69000 1979
load_X4 1791331036.601988738 85514000 69000 1979
load_X4 1791331036.855618696 85514000 69000 1979
load_X4 1791331037.109477596 85471000 68000 1979
load_X4 1791331037.559451723 85471000 68000 1979
load_X4 1791331037.813115805 85471000 68000 1979
load_X4 1791331038.066497414 85471000 68000 1979
load_X4 1791331038.320430734 85514000 70000 1979
load_X4 1791331038.770664520 85514000 70000 1979
load_X4 1791331039.024098617 85514000 70000 1979
load_X4 1791331039.277517696 85514000 70000 1979
load_X4 1791331039.530820936 85554000 71000 1979
load_X4 1791331039.984088586 85554000 71000 1979
load_X4 1791331040.237733320 85554000 71000 1979
load_X4 1791331040.491124816 85554000 71000 1979
load_X4 1791331040.744579041 85576000 68000 1979
load_X4 1791331041.195043750 85576000 68000 1979
load_X4 1791331041.448624062 85576000 68000 1979
load_X4 1791331041.702172223 85576000 68000 1979
load_X4 1791331041.955381165 85576000 69000 1979
load_X4 1791331042.406237823 85576000 69000 1979
load_X4 1791331042.659377984 85576000 69000 1979
load_X4 1791331042.912988682 85576000 69000 1979
load_X4 1791331043.166364638 85560000 69000 1979
load_X4 1791331043.618392475 85560000 69000 1979
load_X4 1791331043.871737662 85560000 69000 1979
load_X4 1791331044.125110091 85560000 69000 1979
load_X4 1791331044.378598307 85784000 69000 1979
load_X4 1791331044.830790474 85784000 69000 1979
load_X4 1791331045.084182539 85784000 69000 1979
load_X4 1791331045.337687276 85784000 69000 1979
load_X4 1791331045.591237459 85560000 70000 1979
load_X4 1791331046.042462069 85560000 70000 1979
load_X4 1791331046.295788308 85560000 70000 1979
load_X4 1791331046.549547295 85560000 70000 1979
load_X4 1791331046.803026664 85816000 69000 1999
load_X4 1791331047.255392746 85816000 69000 1999
load_X4 1791331047.508959630 85816000 69000 1999
load_X4 1791331047.762392501 85816000 69000 1999
load_X4 1791331048.015857011 85560000 69000 1979
load_X4 1791331048.467430326 85560000 69000 1979
load_X4 1791331048.720886350 85560000 69000 1979
load_X4 1791331048.974292390 85560000 69000 1979
load_X4 1791331049.227526334 85816000 69000 1999
load_X4 1791331049.678206733 85816000 69000 1999
load_X4 1791331049.932359361 85816000 69000 1999
load_X4 1791331050.185960268 85816000 69000 1999
load_X4 1791331050.439409358 85560000 70000 1999
load_X4 1791331050.890434527 85560000 70000 1999
load_X4 1791331051.143851937 85560000 70000 1999
load_X4 1791331051.397085459 85560000 70000 1999
load_X4 1791331051.650758341 85560000 70000 1979
load_X4 1791331052.102896188 85560000 70000 1979
load_X4 1791331052.355935494 85560000 70000 1979
load_X4 1791331052.609446911 85560000 70000 1979
load_X4 1791331052.862928250 86055000 69000 1979
load_X4 1791331053.315845608 86055000 69000 1979
load_X4 1791331053.569442565 86055000 69000 1979
load_X4 1791331053.823038901 86055000 69000 1979
load_X4 1791331054.076576346 85560000 69000 1979
load_X4 1791331054.527425930 85560000 69000 1979
load_X4 1791331054.781988500 85560000 69000 1979
load_X4 1791331055.036019485 85560000 69000 1979
load_X4 1791331055.290022238 86015000 69000 1979
load_X4 1791331055.738611075 86015000 69000 1979
load_X4 1791331055.992079097 86015000 69000 1979
load_X4 1791331056.245731347 86015000 69000 1979
load_X4 1791331056.499685287 85800000 70000 1979
load_X4 1791331056.950870373 85800000 70000 1979
load_X4 1791331057.204475494 85800000 70000 1979
load_X4 1791331057.458053964 85800000 70000 1979
load_X4 1791331057.712041777 85816000 70000 1979
load_X4 1791331058.163695196 85816000 70000 1979
load_X4 1791331058.417068348 85816000 70000 1979
load_X4 1791331058.670528205 85816000 70000 1979
load_X4 1791331058.923966721 86055000 69000 1999
load_X4 1791331059.374438047 86055000 69000 1999
load_X4 1791331059.627890429 86055000 69000 1999
load_X4 1791331059.881402363 86055000 69000 1999
load_X4 1791331060.134907374 85552000 69000 1979
load_X4 1791331060.587165220 85552000 69000 1979
load_X4 1791331060.840654601 85552000 69000 1979
load_X4 1791331061.094106882 85552000 69000 1979
load_X4 1791331061.347510581 85810000 70000 1979
load_X4 1791331061.799500882 85810000 70000 1979
load_X4 1791331062.052981887 85810000 70000 1979
load_X4 1791331062.306301416 85810000 70000 1979
load_X4 1791331062.560366372 85576000 69000 1979
load_X4 1791331063.011074122 85576000 69000 1979
load_X4 1791331063.264568191 85576000 69000 1979
load_X4 1791331063.517766381 85576000 69000 1979
load_X4 1791331063.771250651 86040000 71000 1999
load_X4 1791331064.223311503 86040000 71000 1999
load_X4 1791331064.476706163 86040000 71000 1999
load_X4 1791331064.729956672 86040000 71000 1999
load_X4 1791331064.983101741 86023000 70000 1979
load_X4 1791331065.434557420 86023000 70000 1979
load_X4 1791331065.687938845 86023000 70000 1979
load_X4 1791331065.941425108 86023000 70000 1979
load_X4 1791331066.194883618 86055000 70000 1979
load_X4 1791331066.647689153 86055000 70000 1979
load_X4 1791331066.901058084 86055000 70000 1979
load_X4 1791331067.154386418 86055000 70000 1979
load_X4 1791331067.407945938 86290000 69000 1979
load_X4 1791331067.858248519 86290000 69000 1979
load_X4 1791331068.111691269 86290000 69000 1979
load_X4 1791331068.365695137 86290000 69000 1979
load_X4 1791331068.619236271 86040000 70000 1979
load_X4 1791331069.069972280 86040000 70000 1979
load_X4 1791331069.322992942 86040000 70000 1979
load_X4 1791331069.576235503 86040000 70000 1979
load_X4 1791331069.829718608 86055000 69000 1999
load_X4 1791331070.283514459 86055000 69000 1999
load_X4 1791331070.536982655 86055000 69000 1999
load_X4 1791331070.790448437 86055000 69000 1999
load_X4 1791331071.044138742 86296000 70000 1979
load_X4 1791331071.495723670 86296000 70000 1979
load_X4 1791331071.749331519 86296000 70000 1979
load_X4 1791331072.002548391 86296000 70000 1979
load_X4 1791331072.255866754 86296000 70000 1999
load_X4 1791331072.707408158 86296000 70000 1999
load_X4 1791331072.960688559 86296000 70000 1999
load_X4 1791331073.214359337 86296000 70000 1999
load_X4 1791331073.467694070 86296000 47000 1999
load_X4 1791331073.918774624 86296000 47000 1999
load_X4 1791331074.172247087 86296000 47000 1999
load_X4 1791331074.425991713 86296000 47000 1999
load_X4 1791331074.679421214 86279000 69000 1999
load_X4 1791331075.130163279 86279000 69000 1999
load_X4 1791331075.383863821 86279000 69000 1999
load_X4 1791331075.637250742 86279000 69000 1999
load_X4 1791331075.890725478 86078000 69000 1999
load_X4 1791331076.342880538 86078000 69000 1999
load_X4 1791331076.596030912 86078000 69000 1999
load_X4 1791331076.849384238 86078000 69000 1999
load_X4 1791331077.102758685 86296000 71000 1999
load_X4 1791331077.555351329 86296000 71000 1999
load_X4 1791331077.808966119 86296000 71000 1999
load_X4 1791331078.062628188 86296000 71000 1999
load_X4 1791331078.316093234 84814000 71000 1999
load_X4 1791331078.767340519 84814000 71000 1999
load_X4 1791331079.020756052 84814000 71000 1999
load_X4 1791331079.273992948 84814000 71000 1999
load_X4 1791331079.527430783 86296000 70000 1999
load_X4 1791331079.979406872 86296000 70000 1999
load_X4 1791331080.233046628 86296000 70000 1999
load_X4 1791331080.486621941 86296000 70000 1999
load_X4 1791331080.740168712 86255000 70000 1979
load_X4 1791331081.191882935 86255000 70000 1979
load_X4 1791331081.445334165 86255000 70000 1979
load_X4 1791331081.698778982 86255000 70000 1979
load_X4 1791331081.952272952 86073000 69000 1999
load_X4 1791331082.404048099 86073000 69000 1999
load_X4 1791331082.657445416 86073000 69000 1999
load_X4 1791331082.910846651 86073000 69000 1999
load_X4 1791331083.164402056 86057000 70000 1979
load_X4 1791331083.614609224 86057000 70000 1979
load_X4 1791331083.868352263 86057000 70000 1979
load_X4 1791331084.121983481 86057000 70000 1979
load_X4 1791331084.375853068 86039000 70000 1979
load_X4 1791331084.827646529 86039000 70000 1979
load_X4 1791331085.081018577 86039000 70000 1979
load_X4 1791331085.334495001 86039000 70000 1979
load_X4 1791331085.587786167 86040000 69000 1999
load_X4 1791331086.140517787 86040000 69000 1999
load_X4 1791331086.394363037 86040000 69000 1999
load_X4 1791331086.647794677 86040000 69000 1999
load_X4 1791331086.901024556 86055000 69000 1999
load_X4 1791331087.453293472 86055000 69000 1999
load_X4 1791331087.706883470 86055000 69000 1999
load_X4 1791331087.960341750 86055000 69000 1999
load_X4 1791331088.213789590 86031000 70000 1999
load_X4 1791331088.665985486 86031000 70000 1999
load_X4 1791331088.919437323 86031000 70000 1999
load_X4 1791331089.172932773 86031000 70000 1999
load_X4 1791331089.426415658 86279000 70000 1999
load_X4 1791331089.876881259 86279000 70000 1999
load_X4 1791331090.130075419 86279000 70000 1999
load_X4 1791331090.383899278 86279000 70000 1999
load_X4 1791331090.636927725 86055000 70000 1999
load_X4 1791331091.089864688 86055000 70000 1999
load_X4 1791331091.343342092 86055000 70000 1999
load_X4 1791331091.597264686 86055000 70000 1999
load_X4 1791331091.850723556 86744000 70000 1999
load_X4 1791331092.301920925 86744000 70000 1999
load_X4 1791331092.555450127 86744000 70000 1999
load_X4 1791331092.809092512 86744000 70000 1999
load_X4 1791331093.062502317 86295000 69000 1979
load_X4 1791331093.613809752 86295000 69000 1979
load_X4 1791331093.867203909 86295000 69000 1979
load_X4 1791331094.120618142 86295000 69000 1979
load_X4 1791331094.374071139 86296000 71000 1999
load_X4 1791331094.826148126 86296000 71000 1999
load_X4 1791331095.079636610 86296000 71000 1999
load_X4 1791331095.332981472 86296000 71000 1999
load_X4 1791331095.586360088 86279000 70000 1999
load_X4 1791331096.038561610 86279000 70000 1999
load_X4 1791331096.291903817 86279000 70000 1999
load_X4 1791331096.545937007 86279000 70000 1999
load_X4 1791331096.799069458 86536000 71000 1999
load_X4 1791331097.251124582 86536000 71000 1999
load_X4 1791331097.504707844 86536000 71000 1999
load_X4 1791331097.758304310 86536000 71000 1999
load_X4 1791331098.011966249 86296000 70000 1999
load_X4 1791331098.461798999 86296000 70000 1999
load_X4 1791331098.715408750 86296000 70000 1999
load_X4 1791331098.968781293 86296000 70000 1999
load_X4 1791331099.222038458 84615000 70000 1999
load_X4 1791331099.675074752 84615000 70000 1999
load_X4 1791331099.928505233 84615000 70000 1999
load_X4 1791331100.182041976 84615000 70000 1999
load_X4 1791331100.435551787 86290000 69000 1999
load_X4 1791331100.886122528 86290000 69000 1999
load_X4 1791331101.139511260 86290000 69000 1999
load_X4 1791331101.392739820 86290000 69000 1999
load_X4 1791331101.646205738 86519000 70000 1999
load_X4 1791331102.099648938 86519000 70000 1999
load_X4 1791331102.353811660 86519000 70000 1999
load_X4 1791331102.607368119 86519000 70000 1999
load_X4 1791331102.860994840 86536000 70000 1999
load_X4 1791331103.309610239 86536000 70000 1999
load_X4 1791331103.563068191 86536000 70000 1999
load_X4 1791331103.816609821 86536000 70000 1999
load_X4 1791331104.069755684 86536000 70000 1999
load_X4 1791331104.522461761 86536000 70000 1999
load_X4 1791331104.776072050 86536000 70000 1999
load_X4 1791331105.029689362 86536000 70000 1999
load_X4 1791331105.283109702 86536000 70000 1999
load_X4 1791331105.734840257 86536000 70000 1999
load_X4 1791331105.988153956 86536000 70000 1999
load_X4 1791331106.241854355 86536000 70000 1999
load_X4 1791331106.495252943 86519000 70000 1999
load_X4 1791331106.946070305 86519000 70000 1999
load_X4 1791331107.199563311 86519000 70000 1999
load_X4 1791331107.452861841 86519000 70000 1999
load_X4 1791331107.706938639 86536000 71000 1999
load_X4 1791331108.159047015 86536000 71000 1999
load_X4 1791331108.412340805 86536000 71000 1999
load_X4 1791331108.665709747 86536000 71000 1999
load_X4 1791331108.919099929 86536000 71000 1999
load_X4 1791331109.371168710 86536000 71000 1999
load_X4 1791331109.624510921 86536000 71000 1999
load_X4 1791331109.878024345 86536000 71000 1999
load_X4 1791331110.131461806 86536000 71000 1999
load_X4 1791331110.582106879 86536000 71000 1999
load_X4 1791331110.835412951 86536000 71000 1999
load_X4 1791331111.088580893 86536000 71000 1999
load_X4 1791331111.341905760 86519000 70000 1999
load_X4 1791331111.794509819 86519000 70000 1999
load_X4 1791331112.047880984 86519000 70000 1999
load_X4 1791331112.301183318 86519000 70000 1999
load_X4 1791331112.554692894 86514000 70000 1999
load_X4 1791331113.005899545 86514000 70000 1999
load_X4 1791331113.259299093 86514000 70000 1999
load_X4 1791331113.513032561 86514000 70000 1999
load_X4 1791331113.766414415 86536000 70000 1999
load_X4 1791331114.218549486 86536000 70000 1999
load_X4 1791331114.471973590 86536000 70000 1999
load_X4 1791331114.726253468 86536000 70000 1999
load_X4 1791331114.980689571 86490000 70000 1999
load_X4 1791331115.431020027 86490000 70000 1999
load_X4 1791331115.684853512 86490000 70000 1999
load_X4 1791331115.938276413 86490000 70000 1999
load_X4 1791331116.191939216 86513000 70000 1999
load_X4 1791331116.642210950 86513000 70000 1999
load_X4 1791331116.895699495 86513000 70000 1999
load_X4 1791331117.149179783 86513000 70000 1999
load_X4 1791331117.402853045 86520000 71000 1999
load_X4 1791331117.853187597 86520000 71000 1999
load_X4 1791331118.106617330 86520000 71000 1999
load_X4 1791331118.360108909 86520000 71000 1999
load_X4 1791331118.613558178 86519000 70000 1999
load_X4 1791331119.065998853 86519000 70000 1999
load_X4 1791331119.319424738 86519000 70000 1999
load_X4 1791331119.572950010 86519000 70000 1999
load_X4 1791331119.827207764 86536000 71000 1999
load_X4 1791331120.279041713 86536000 71000 1999
load_X4 1791331120.532556275 86536000 71000 1999
load_X4 1791331120.786910601 86536000 71000 1999
load_X4 1791331121.040334161 86760000 71000 1999
load_X4 1791331121.491305311 86760000 71000 1999
load_X4 1791331121.745075244 86760000 71000 1999
load_X4 1791331121.999095149 86760000 71000 1999
load_X4 1791331122.252798806 86474000 70000 1999
load_X4 1791331122.702758637 86474000 70000 1999
load_X4 1791331122.956347278 86474000 70000 1999
load_X4 1791331123.210098465 86474000 70000 1999
load_X4 1791331123.463930103 86474000 70000 1999
load_X4 1791331123.914922872 86474000 70000 1999
load_X4 1791331124.168335630 86474000 70000 1999
load_X4 1791331124.422512921 86474000 70000 1999
load_X4 1791331124.676216097 86536000 71000 1999
load_X4 1791331125.125850131 86536000 71000 1999
load_X4 1791331125.379131320 86536000 71000 1999
load_X4 1791331125.633365688 86536000 71000 1999
load_X4 1791331125.887573425 86536000 70000 1999
load_X4 1791331126.339073009 86536000 70000 1999
load_X4 1791331126.592286049 86536000 70000 1999
load_X4 1791331126.846106345 86536000 70000 1999
load_X4 1791331127.100127760 86458000 70000 2020
load_X4 1791331127.552289432 86458000 70000 2020
load_X4 1791331127.805947492 86458000 70000 2020
load_X4 1791331128.059562399 86458000 70000 2020
load_X4 1791331128.312677574 86490000 70000 1939
load_X4 1791331128.763318506 86490000 70000 1939
load_X4 1791331129.016761920 86490000 70000 1939
load_X4 1791331129.270328546 86490000 70000 1939
load_X4 1791331129.523983729 86519000 70000 1999
load_X4 1791331129.975231906 86519000 70000 1999
load_X4 1791331130.229292964 86519000 70000 1999
load_X4 1791331130.483299640 86519000 70000 1999
load_X4 1791331130.736462073 86485000 70000 1999
load_X4 1791331131.187358355 86485000 70000 1999
load_X4 1791331131.440795526 86485000 70000 1999
load_X4 1791331131.694235803 86485000 70000 1999
load_X4 1791331131.947171117 86519000 69000 1999
load_X4 1791331132.398874841 86519000 69000 1999
load_X4 1791331132.652529442 86519000 69000 1999
load_X4 1791331132.906338915 86519000 69000 1999
load_X4 1791331133.160437664 86714000 69000 2020
load_X4 1791331133.610890016 86714000 69000 2020
load_X4 1791331133.864417697 86714000 69000 2020
load_X4 1791331134.117920861 86714000 69000 2020
load_X4 1791331134.372013868 86474000 70000 1999
load_X4 1791331134.823193352 86474000 70000 1999
load_X4 1791331135.076543257 86474000 70000 1999
load_X4 1791331135.330396601 86474000 70000 1999
load_X4 1791331135.584272168 86468000 70000 1999
idle2 1791331136.556585984 86468000 70000 1999
idle2 1791331136.810617916 86519000 71000 1999
idle2 1791331137.245690426 86519000 71000 1999
idle2 1791331137.499310490 86519000 71000 1999
idle2 1791331137.753256027 86519000 71000 1999
idle2 1791331138.006763759 65207000 48000 1699
idle2 1791331138.458317927 65207000 48000 1699
idle2 1791331138.712182441 65207000 48000 1699
idle2 1791331138.965480817 65207000 48000 1699
idle2 1791331139.219331956 65441000 48000 1699
idle2 1791331139.671470656 65441000 48000 1699
idle2 1791331139.924728305 65441000 48000 1699
idle2 1791331140.178382141 65441000 48000 1699
idle2 1791331140.432111359 65434000 48000 1719
idle2 1791331140.882781898 65434000 48000 1719
idle2 1791331141.136371503 65434000 48000 1719
idle2 1791331141.389621917 65434000 48000 1719
idle2 1791331141.643314506 65447000 48000 1699
idle2 1791331142.094183098 65447000 48000 1699
idle2 1791331142.347122755 65447000 48000 1699
idle2 1791331142.599653031 65447000 48000 1699
idle2 1791331142.853321514 65195000 48000 1699
idle2 1791331143.307993861 65195000 48000 1699
idle2 1791331143.561475742 65195000 48000 1699
idle2 1791331143.814822206 65195000 48000 1699
idle2 1791331144.067802911 65213000 48000 1699
idle2 1791331144.518709613 65213000 48000 1699
idle2 1791331144.772365511 65213000 48000 1699
idle2 1791331145.025919227 65213000 48000 1699
idle2 1791331145.279238549 65195000 48000 1699
idle2 1791331145.730886739 65195000 48000 1699
idle2 1791331145.984413093 65195000 48000 1699
idle2 1791331146.238130216 65195000 48000 1699
idle2 1791331146.491832551 65175000 47000 1699
idle2 1791331146.943408494 65175000 47000 1699
idle2 1791331147.196898608 65175000 47000 1699
idle2 1791331147.450643423 65175000 47000 1699
idle2 1791331147.704029471 64907000 47000 1699
idle2 1791331148.154762152 64907000 47000 1699
idle2 1791331148.409062585 64907000 47000 1699
idle2 1791331148.662768696 64907000 47000 1699
idle2 1791331148.917077515 64913000 47000 1699
idle2 1791331149.368168811 64913000 47000 1699
idle2 1791331149.622269998 64913000 47000 1699
idle2 1791331149.875405212 64913000 47000 1699
idle2 1791331150.128990314 65173000 48000 1699
idle2 1791331150.579948358 65173000 48000 1699
idle2 1791331150.833534302 65173000 48000 1699
idle2 1791331151.087152868 65173000 48000 1699
idle2 1791331151.341742144 64907000 48000 1699
idle2 1791331151.792414940 64907000 48000 1699
idle2 1791331152.046731732 64907000 48000 1699
idle2 1791331152.300741505 64907000 48000 1699
idle2 1791331152.554853300 64907000 48000 1680
idle2 1791331153.004315260 64907000 48000 1680
idle2 1791331153.258370438 64907000 48000 1680
idle2 1791331153.511954487 64907000 48000 1680
idle2 1791331153.765713296 64921000 47000 1699
idle2 1791331154.216463175 64921000 47000 1699
idle2 1791331154.470052023 64921000 47000 1699
idle2 1791331154.724328007 64921000 47000 1699
idle2 1791331154.977720986 64919000 47000 1699
idle2 1791331155.428772503 64919000 47000 1699
idle2 1791331155.682734654 64919000 47000 1699
idle2 1791331155.936612136 64919000 47000 1699
idle2 1791331156.190722037 64935000 47000 1699
idle2 1791331156.638862350 64935000 47000 1699
idle2 1791331156.893071748 64935000 47000 1699
idle2 1791331157.147524074 64935000 47000 1699
idle2 1791331157.401004737 64653000 47000 1699
idle2 1791331157.851456270 64653000 47000 1699
idle2 1791331158.105268688 64653000 47000 1699
idle2 1791331158.359381563 64653000 47000 1699
idle2 1791331158.613829781 64840000 47000 1699
idle2 1791331159.063298179 64840000 47000 1699
idle2 1791331159.317210625 64840000 47000 1699
idle2 1791331159.571296058 64840000 47000 1699
idle2 1791331159.825634548 64935000 47000 1699
idle2 1791331160.275430092 64935000 47000 1699
idle2 1791331160.529322531 64935000 47000 1699
idle2 1791331160.783108238 64935000 47000 1699
idle2 1791331161.036546419 64937000 47000 1680
idle2 1791331161.487416930 64937000 47000 1680
idle2 1791331161.740825906 64937000 47000 1680
idle2 1791331161.995260386 64937000 47000 1680
idle2 1791331162.249700678 64414000 47000 1699
idle2 1791331162.700378064 64414000 47000 1699
idle2 1791331162.954093708 64414000 47000 1699
idle2 1791331163.207300040 64414000 47000 1699
idle2 1791331163.461333253 64669000 47000 1680
idle2 1791331163.911468035 64669000 47000 1680
idle2 1791331164.165706124 64669000 47000 1680
idle2 1791331164.419099479 64669000 47000 1680
idle2 1791331164.673478904 64414000 47000 1680
idle2 1791331165.124487193 64414000 47000 1680
idle2 1791331165.377705478 64414000 47000 1680
idle2 1791331165.632496379 64414000 47000 1680
idle2 1791331165.885889453 64428000 47000 1680
idle2 1791331166.335501597 64428000 47000 1680
idle2 1791331166.589930886 64428000 47000 1680
idle2 1791331166.844270035 64428000 47000 1680
idle2 1791331167.098155187 64693000 47000 1699
idle2 1791331167.548731278 64693000 47000 1699
idle2 1791331167.802950911 64693000 47000 1699
idle2 1791331168.057324284 64693000 47000 1699
idle2 1791331168.311509131 64116000 47000 1680
idle2 1791331168.759157308 64116000 47000 1680
idle2 1791331169.012968800 64116000 47000 1680
idle2 1791331169.267410491 64116000 47000 1680
idle2 1791331169.520895798 64395000 47000 1680
idle2 1791331169.971973795 64395000 47000 1680
idle2 1791331170.226235737 64395000 47000 1680
idle2 1791331170.480642602 64395000 47000 1680
idle2 1791331170.734716969 64359000 47000 1680
idle2 1791331171.183647113 64359000 47000 1680
idle2 1791331171.437586876 64359000 47000 1680
idle2 1791331171.691948245 64359000 47000 1680
idle2 1791331171.946141847 64361000 47000 1680
idle2 1791331172.395939286 64361000 47000 1680
idle2 1791331172.649666268 64361000 47000 1680
idle2 1791331172.904157251 64361000 47000 1680
idle2 1791331173.157855758 64414000 46000 1680
idle2 1791331173.606834702 64414000 46000 1680
idle2 1791331173.861045116 64414000 46000 1680
idle2 1791331174.115574921 64414000 46000 1680
idle2 1791331174.369167017 64383000 47000 1680
idle2 1791331174.818579819 64383000 47000 1680
idle2 1791331175.072574796 64383000 47000 1680
idle2 1791331175.326889966 64383000 47000 1680
idle2 1791331175.581029434 63947000 46000 1680
idle2 1791331176.032478257 63947000 46000 1680
idle2 1791331176.286161955 63947000 46000 1680
idle2 1791331176.540300993 63947000 46000 1680
idle2 1791331176.794157417 64175000 47000 1680
idle2 1791331177.243679724 64175000 47000 1680
idle2 1791331177.497933347 64175000 47000 1680
idle2 1791331177.752299392 64175000 47000 1680
idle2 1791331178.006626173 64132000 47000 1680
idle2 1791331178.456021319 64132000 47000 1680
idle2 1791331178.709567217 64132000 47000 1680
idle2 1791331178.963959732 64132000 47000 1680
idle2 1791331179.218351234 64090000 47000 1680
idle2 1791331179.666999019 64090000 47000 1680
idle2 1791331179.920330191 64090000 47000 1680
idle2 1791331180.174210700 64090000 47000 1680
idle2 1791331180.427706252 63880000 47000 1680
idle2 1791331180.879441692 63880000 47000 1680
idle2 1791331181.133874832 63880000 47000 1680
idle2 1791331181.387955928 63880000 47000 1680
idle2 1791331181.642163483 64383000 47000 1680
idle2 1791331182.091880614 64383000 47000 1680
idle2 1791331182.345945700 64383000 47000 1680
idle2 1791331182.599488580 64383000 47000 1680
idle2 1791331182.853345152 64193000 47000 1680
idle2 1791331183.303312938 64193000 47000 1680
idle2 1791331183.556532578 64193000 47000 1680
idle2 1791331183.810778174 64193000 47000 1680
idle2 1791331184.064501244 64132000 47000 1680
idle2 1791331184.515925334 64132000 47000 1680
idle2 1791331184.769994125 64132000 47000 1680
idle2 1791331185.023483955 64132000 47000 1680
idle2 1791331185.277849025 63866000 46000 1680
idle2 1791331185.728839757 63866000 46000 1680
idle2 1791331185.983401238 63866000 46000 1680
idle2 1791331186.237461303 63866000 46000 1680
idle2 1791331186.491569588 63852000 46000 1680
idle2 1791331186.939457205 63852000 46000 1680
idle2 1791331187.193456805 63852000 46000 1680
idle2 1791331187.446966721 63852000 46000 1680
idle2 1791331187.700508006 63866000 46000 1680
idle2 1791331188.151514607 63866000 46000 1680
idle2 1791331188.405331552 63866000 46000 1680
idle2 1791331188.659388700 63866000 46000 1680
idle2 1791331188.913303931 63874000 47000 1680
idle2 1791331189.362487500 63874000 47000 1680
idle2 1791331189.616367634 63874000 47000 1680
idle2 1791331189.870057169 63874000 47000 1680
idle2 1791331190.124109027 63891000 46000 1680
idle2 1791331190.575807711 63891000 46000 1680
idle2 1791331190.829897350 63891000 46000 1680
idle2 1791331191.084009912 63891000 46000 1680
idle2 1791331191.337305142 63657000 47000 1680
idle2 1791331191.787074375 63657000 47000 1680
idle2 1791331192.041220871 63657000 47000 1680
idle2 1791331192.294845842 63657000 47000 1680
idle2 1791331192.549123966 63919000 47000 1680
idle2 1791331192.998703741 63919000 47000 1680
idle2 1791331193.252525273 63919000 47000 1680
idle2 1791331193.506905930 63919000 47000 1680
idle2 1791331193.760604139 63907000 46000 1680
idle2 1791331194.212235634 63907000 46000 1680
idle2 1791331194.466177493 63907000 46000 1680
idle2 1791331194.720169266 63907000 46000 1680
idle2 1791331194.973879998 63926000 47000 1680
idle2 1791331195.424593741 63926000 47000 1680
idle2 1791331195.678515581 63926000 47000 1680
idle2 1791331195.932738089 63926000 47000 1680
load_O1 1791331196.188339098 63657000 47000 1680
load_O1 1791331196.636821780 63657000 47000 1680
load_O1 1791331196.890672195 63657000 47000 1680
load_O1 1791331197.144548980 63657000 47000 1680
load_O1 1791331197.398384898 84315000 68000 1960
load_O1 1791331197.846673113 84315000 68000 1960
load_O1 1791331198.100353948 84315000 68000 1960
load_O1 1791331198.354082833 84315000 68000 1960
load_O1 1791331198.606560037 84248000 68000 1960
load_O1 1791331199.059538891 84248000 68000 1960
load_O1 1791331199.313383755 84248000 68000 1960
load_O1 1791331199.566889759 84248000 68000 1960
load_O1 1791331199.820810527 84264000 68000 1960
load_O1 1791331200.272489447 84264000 68000 1960
load_O1 1791331200.526021090 84264000 68000 1960
load_O1 1791331200.779497568 84264000 68000 1960
load_O1 1791331201.033065048 84303000 68000 1960
load_O1 1791331201.482600203 84303000 68000 1960
load_O1 1791331201.736030745 84303000 68000 1960
load_O1 1791331201.989368150 84303000 68000 1960
load_O1 1791331202.242369301 84549000 69000 1960
load_O1 1791331202.797022103 84549000 69000 1960
load_O1 1791331203.050415293 84549000 69000 1960
load_O1 1791331203.303899866 84549000 69000 1960
load_O1 1791331203.557319586 84549000 69000 1960
load_O1 1791331204.108746640 84549000 69000 1960
load_O1 1791331204.362060791 84549000 69000 1960
load_O1 1791331204.615403516 84549000 69000 1960
load_O1 1791331204.868733646 84549000 68000 1960
load_O1 1791331205.322212790 84549000 68000 1960
load_O1 1791331205.575857625 84549000 68000 1960
load_O1 1791331205.829403772 84549000 68000 1960
load_O1 1791331206.083285574 84533000 68000 1960
load_O1 1791331206.533188970 84533000 68000 1960
load_O1 1791331206.787073446 84533000 68000 1960
load_O1 1791331207.040926052 84533000 68000 1960
load_O1 1791331207.295285514 84489000 68000 1960
load_O1 1791331207.745369561 84489000 68000 1960
load_O1 1791331207.999088574 84489000 68000 1960
load_O1 1791331208.252621156 84489000 68000 1960
load_O1 1791331208.506018502 84991000 69000 1960
load_O1 1791331208.957430504 84991000 69000 1960
load_O1 1791331209.211272859 84991000 69000 1960
load_O1 1791331209.464854463 84991000 69000 1960
load_O1 1791331209.719255232 84527000 68000 1979
load_O1 1791331210.169231774 84527000 68000 1979
load_O1 1791331210.422743325 84527000 68000 1979
load_O1 1791331210.677344161 84527000 68000 1979
load_O1 1791331210.930921727 84774000 69000 1979
load_O1 1791331211.381742161 84774000 69000 1979
load_O1 1791331211.635107345 84774000 69000 1979
load_O1 1791331211.888597375 84774000 69000 1979
load_O1 1791331212.142226447 84796000 69000 1979
load_O1 1791331212.593297674 84796000 69000 1979
load_O1 1791331212.846539184 84796000 69000 1979
load_O1 1791331213.100151034 84796000 69000 1979
load_O1 1791331213.353628149 84555000 69000 1979
load_O1 1791331213.805943401 84555000 69000 1979
load_O1 1791331214.059309817 84555000 69000 1979
load_O1 1791331214.312977111 84555000 69000 1979
load_O1 1791331214.566556348 84991000 69000 1960
load_O1 1791331215.118497644 84991000 69000 1960
load_O1 1791331215.371885310 84991000 69000 1960
load_O1 1791331215.625500565 84991000 69000 1960
load_O1 1791331215.878957180 84968000 69000 1979
load_O1 1791331216.331434858 84968000 69000 1979
load_O1 1791331216.584670816 84968000 69000 1979
load_O1 1791331216.838141308 84968000 69000 1979
load_O1 1791331217.091613132 84819000 68000 1979
load_O1 1791331217.542853243 84819000 68000 1979
load_O1 1791331217.796021624 84819000 68000 1979
load_O1 1791331218.049558230 84819000 68000 1979
load_O1 1791331218.302855604 85058000 70000 1979
load_O1 1791331218.754928276 85058000 70000 1979
load_O1 1791331219.008438341 85058000 70000 1979
load_O1 1791331219.261892691 85058000 70000 1979
load_O1 1791331219.515117228 84752000 68000 1979
load_O1 1791331219.966114089 84752000 68000 1979
load_O1 1791331220.219552769 84752000 68000 1979
load_O1 1791331220.472888124 84752000 68000 1979
load_O1 1791331220.726452251 84968000 69000 1979
load_O1 1791331221.178597097 84968000 69000 1979
load_O1 1791331221.431451395 84968000 69000 1979
load_O1 1791331221.685044506 84968000 69000 1979
load_O1 1791331221.938515556 85007000 69000 1979
load_O1 1791331222.390788343 85007000 69000 1979
load_O1 1791331222.643959708 85007000 69000 1979
load_O1 1791331222.897251480 85007000 69000 1979
load_O1 1791331223.150797432 85035000 69000 1979
load_O1 1791331223.601864513 85035000 69000 1979
load_O1 1791331223.855713937 85035000 69000 1979
load_O1 1791331224.109149951 85035000 69000 1979
load_O1 1791331224.362714237 85051000 70000 1979
load_O1 1791331224.814480988 85051000 70000 1979
load_O1 1791331225.067994117 85051000 70000 1979
load_O1 1791331225.321247034 85051000 70000 1979
load_O1 1791331225.574399994 85058000 69000 1979
load_O1 1791331226.026069901 85058000 69000 1979
load_O1 1791331226.279524078 85058000 69000 1979
load_O1 1791331226.532861075 85058000 69000 1979
load_O1 1791331226.786601151 85074000 69000 1979
load_O1 1791331227.237192312 85074000 69000 1979
load_O1 1791331227.490490204 85074000 69000 1979
load_O1 1791331227.744159006 85074000 69000 1979
load_O1 1791331227.997460946 85051000 69000 1979
load_O1 1791331228.449679236 85051000 69000 1979
load_O1 1791331228.702720514 85051000 69000 1979
load_O1 1791331228.956336425 85051000 69000 1979
load_O1 1791331229.209193615 85035000 69000 1979
load_O1 1791331229.661951824 85035000 69000 1979
load_O1 1791331229.915356166 85035000 69000 1979
load_O1 1791331230.168868040 85035000 69000 1979
load_O1 1791331230.422268415 85223000 69000 1979
load_O1 1791331230.874286396 85223000 69000 1979
load_O1 1791331231.127720454 85223000 69000 1979
load_O1 1791331231.381102263 85223000 69000 1979
load_O1 1791331231.634457862 84337000 69000 1979
load_O1 1791331232.085441701 84337000 69000 1979
load_O1 1791331232.338434687 84337000 69000 1979
load_O1 1791331232.591826073 84337000 69000 1979
load_O1 1791331232.845103926 84538000 69000 1979
load_O1 1791331233.299319521 84538000 69000 1979
load_O1 1791331233.552699185 84538000 69000 1979
load_O1 1791331233.806124666 84538000 69000 1979
load_O1 1791331234.059529478 84794000 68000 1979
load_O1 1791331234.511249444 84794000 68000 1979
load_O1 1791331234.764754274 84794000 68000 1979
load_O1 1791331235.018269825 84794000 68000 1979
load_O1 1791331235.271809991 85290000 68000 1979
load_O1 1791331235.722765204 85290000 68000 1979
load_O1 1791331235.975701381 85290000 68000 1979
load_O1 1791331236.229551962 85290000 68000 1979
load_O1 1791331236.482826568 85275000 69000 1979
load_O1 1791331236.935526171 85275000 69000 1979
load_O1 1791331237.188864145 85275000 69000 1979
load_O1 1791331237.442144511 85275000 69000 1979
load_O1 1791331237.695622179 85298000 69000 1979
load_O1 1791331238.147313379 85298000 69000 1979
load_O1 1791331238.400896545 85298000 69000 1979
load_O1 1791331238.654285896 85298000 69000 1979
load_O1 1791331238.907685957 85058000 69000 1979
load_O1 1791331239.358224862 85058000 69000 1979
load_O1 1791331239.611380222 85058000 69000 1979
load_O1 1791331239.864795421 85058000 69000 1979
load_O1 1791331240.117883062 85231000 69000 1979
load_O1 1791331240.570541045 85231000 69000 1979
load_O1 1791331240.824051643 85231000 69000 1979
load_O1 1791331241.077717385 85231000 69000 1979
load_O1 1791331241.331087999 85035000 69000 1979
load_O1 1791331241.782146023 85035000 69000 1979
load_O1 1791331242.035552284 85035000 69000 1979
load_O1 1791331242.289050880 85035000 69000 1979
load_O1 1791331242.542626471 85051000 69000 1979
load_O1 1791331242.993599373 85051000 69000 1979
load_O1 1791331243.246889244 85051000 69000 1979
load_O1 1791331243.500314822 85051000 69000 1979
load_O1 1791331243.753291613 85514000 69000 1979
load_O1 1791331244.205786165 85514000 69000 1979
load_O1 1791331244.459436045 85514000 69000 1979
load_O1 1791331244.712940632 85514000 69000 1979
load_O1 1791331244.966214873 85275000 69000 1979
load_O1 1791331245.418147845 85275000 69000 1979
load_O1 1791331245.672424478 85275000 69000 1979
load_O1 1791331245.925966284 85275000 69000 1979
load_O1 1791331246.179596837 85290000 70000 1939
load_O1 1791331246.631507286 85290000 70000 1939
load_O1 1791331246.885711381 85290000 70000 1939
load_O1 1791331247.138991112 85290000 70000 1939
load_O1 1791331247.392493864 85538000 69000 1780
load_O1 1791331247.844426905 85538000 69000 1780
load_O1 1791331248.098133180 85538000 69000 1780
load_O1 1791331248.352233469 85538000 69000 1780
load_O1 1791331248.605916210 85514000 69000 1979
load_O1 1791331249.055046653 85514000 69000 1979
load_O1 1791331249.308717731 85514000 69000 1979
load_O1 1791331249.562249046 85514000 69000 1979
load_O1 1791331249.815360319 85570000 69000 1979
load_O1 1791331250.266049391 85570000 69000 1979
load_O1 1791331250.519021431 85570000 69000 1979
load_O1 1791331250.772641563 85570000 69000 1979
load_O1 1791331251.026138192 85570000 70000 1979
load_O1 1791331251.478628321 85570000 70000 1979
load_O1 1791331251.732081819 85570000 70000 1979
load_O1 1791331251.985827087 85570000 70000 1979
load_O1 1791331252.239413755 85554000 69000 1979
load_O1 1791331252.691009797 85554000 69000 1979
load_O1 1791331252.944536112 85554000 69000 1979
load_O1 1791331253.198016009 85554000 69000 1979
load_O1 1791331253.451271943 85336000 70000 1979
load_O1 1791331253.902712922 85336000 70000 1979
load_O1 1791331254.155437744 85336000 70000 1979
load_O1 1791331254.408867886 85336000 70000 1979
load_O1 1791331254.662001870 85576000 69000 1979
load_O1 1791331255.114941345 85576000 69000 1979
load_O1 1791331255.368344737 85576000 69000 1979
load_O1 1791331255.621641948 85576000 69000 1979
load_O1 1791331255.875585369 85544000 69000 1979
load_O1 1791331256.327233978 85544000 69000 1979
load_O1 1791331256.580393529 85544000 69000 1979
load_O1 1791331256.834924377 85544000 69000 1979
load_O1 1791331257.088412248 85538000 70000 1979
load_O1 1791331257.539497904 85538000 70000 1979
load_O1 1791331257.793146919 85538000 70000 1979
load_O1 1791331258.046344852 85538000 70000 1979
load_O1 1791331258.300308570 85514000 69000 1979
load_O1 1791331258.750745491 85514000 69000 1979
load_O1 1791331259.004528218 85514000 69000 1979
load_O1 1791331259.258593377 85514000 69000 1979
load_O1 1791331259.511954557 85514000 69000 1979
load_O1 1791331259.963758608 85514000 69000 1979
load_O1 1791331260.216944307 85514000 69000 1979
load_O1 1791331260.470712245 85514000 69000 1979
load_O1 1791331260.725062602 85560000 69000 1979
load_O1 1791331261.175976121 85560000 69000 1979
load_O1 1791331261.429277529 85560000 69000 1979
load_O1 1791331261.682548729 85560000 69000 1979
load_O1 1791331261.935743265 85554000 68000 1979
load_O1 1791331262.386128476 85554000 68000 1979
load_O1 1791331262.639922182 85554000 68000 1979
load_O1 1791331262.893394422 85554000 68000 1979
load_O1 1791331263.146889824 84119000 69000 1979
load_O1 1791331263.598970374 84119000 69000 1979
load_O1 1791331263.852571757 84119000 69000 1979
load_O1 1791331264.105642628 84119000 69000 1979
load_O1 1791331264.359178998 85538000 69000 1979
load_O1 1791331264.809719983 85538000 69000 1979
load_O1 1791331265.063215666 85538000 69000 1979
load_O1 1791331265.316823189 85538000 69000 1979
load_O1 1791331265.570069912 85304000 70000 1979
load_O1 1791331266.023012878 85304000 70000 1979
load_O1 1791331266.276915728 85304000 70000 1979
load_O1 1791331266.530597632 85304000 70000 1979
load_O1 1791331266.784155932 85560000 70000 1999
load_O1 1791331267.234640248 85560000 70000 1999
load_O1 1791331267.488319998 85560000 70000 1999
load_O1 1791331267.742088164 85560000 70000 1999
load_O1 1791331267.996350682 85816000 69000 1979
load_O1 1791331268.445871540 85816000 69000 1979
load_O1 1791331268.700066952 85816000 69000 1979
load_O1 1791331268.953560950 85816000 69000 1979
load_O1 1791331269.207465413 85514000 69000 1979
load_O1 1791331269.659754422 85514000 69000 1979
load_O1 1791331269.913744096 85514000 69000 1979
load_O1 1791331270.167741313 85514000 69000 1979
load_O1 1791331270.421394702 85514000 69000 1979
load_O1 1791331270.871555716 85514000 69000 1979
load_O1 1791331271.124879082 85514000 69000 1979
load_O1 1791331271.378056101 85514000 69000 1979
load_O1 1791331271.632264917 85769000 70000 1999
load_O1 1791331272.082612814 85769000 70000 1999
load_O1 1791331272.335889751 85769000 70000 1999
load_O1 1791331272.589337541 85769000 70000 1999
load_O1 1791331272.843928678 85570000 69000 1979
load_O1 1791331273.294463997 85570000 69000 1979
load_O1 1791331273.547797021 85570000 69000 1979
load_O1 1791331273.802678535 85570000 69000 1979
load_O1 1791331274.056213740 85816000 69000 1979
load_O1 1791331274.507227451 85816000 69000 1979
load_O1 1791331274.761392243 85816000 69000 1979
load_O1 1791331275.015411881 85816000 69000 1979
load_O1 1791331275.269614424 85532000 69000 1979
load_O1 1791331275.719420906 85532000 69000 1979
load_O1 1791331275.973730511 85532000 69000 1979
load_O1 1791331276.227488155 85532000 69000 1979
load_O1 1791331276.481358781 85753000 70000 1999
load_O1 1791331276.931299617 85753000 70000 1999
load_O1 1791331277.185102405 85753000 70000 1999
load_O1 1791331277.439010452 85753000 70000 1999
load_O1 1791331277.692135792 85769000 69000 1979
load_O1 1791331278.143803395 85769000 69000 1979
load_O1 1791331278.398372999 85769000 69000 1979
load_O1 1791331278.652140140 85769000 69000 1979
load_O1 1791331278.906489749 85514000 70000 1979
load_O1 1791331279.355372908 85514000 70000 1979
load_O1 1791331279.609062993 85514000 70000 1979
load_O1 1791331279.863021454 85514000 70000 1979
load_O1 1791331280.116515700 85514000 70000 1979
load_O1 1791331280.567438375 85514000 70000 1979
load_O1 1791331280.821325973 85514000 70000 1979
load_O1 1791331281.074731110 85514000 70000 1979
load_O1 1791331281.328307519 85498000 70000 1979
load_O1 1791331281.779342917 85498000 70000 1979
load_O1 1791331282.033403941 85498000 70000 1979
load_O1 1791331282.286901572 85498000 70000 1979
load_O1 1791331282.540597317 85993000 70000 1999
load_O1 1791331282.992094486 85993000 70000 1999
load_O1 1791331283.245466359 85993000 70000 1999
load_O1 1791331283.498863470 85993000 70000 1999
load_O1 1791331283.752622273 85754000 70000 1979
load_O1 1791331284.205135518 85754000 70000 1979
load_O1 1791331284.459139103 85754000 70000 1979
load_O1 1791331284.712902905 85754000 70000 1979
load_O1 1791331284.966588781 85497000 69000 1979
load_O1 1791331285.415242153 85497000 69000 1979
load_O1 1791331285.669307443 85497000 69000 1979
load_O1 1791331285.923325836 85497000 69000 1979
load_O1 1791331286.177641749 85987000 70000 1979
load_O1 1791331286.627794810 85987000 70000 1979
load_O1 1791331286.882050891 85987000 70000 1979
load_O1 1791331287.135374281 85987000 70000 1979
load_O1 1791331287.388959636 85732000 69000 1979
load_O1 1791331287.840351063 85732000 69000 1979
load_O1 1791331288.094579881 85732000 69000 1979
load_O1 1791331288.350041636 85732000 69000 1979
load_O1 1791331288.604273290 85760000 70000 1999
load_O1 1791331289.051214911 85760000 70000 1999
load_O1 1791331289.304710285 85760000 70000 1999
load_O1 1791331289.558330185 85760000 70000 1999
load_O1 1791331289.811821732 86009000 70000 1979
load_O1 1791331290.264601716 86009000 70000 1979
load_O1 1791331290.518049170 86009000 70000 1979
load_O1 1791331290.771809184 86009000 70000 1979
load_O1 1791331291.025385921 86033000 69000 1999
load_O1 1791331291.576258376 86033000 69000 1999
load_O1 1791331291.829733782 86033000 69000 1999
load_O1 1791331292.083624452 86033000 69000 1999
load_O1 1791331292.337315054 85737000 71000 1999
load_O1 1791331292.787550717 85737000 71000 1999
load_O1 1791331293.041433942 85737000 71000 1999
load_O1 1791331293.295336875 85737000 71000 1999
load_O1 1791331293.548915154 85794000 70000 1999
load_O1 1791331294.000906760 85794000 70000 1999
load_O1 1791331294.254579457 85794000 70000 1999
load_O1 1791331294.508011641 85794000 70000 1999
load_O1 1791331294.761404791 85778000 69000 1979
load_O1 1791331295.212875273 85778000 69000 1979
load_O1 1791331295.466368982 85778000 69000 1979
load_O1 1791331295.719975905 85778000 69000 1979
load_O1 1791331295.973453755 84859000 69000 1999
load_O1 1791331296.524864963 84859000 69000 1999
load_O1 1791331296.778311974 84859000 69000 1999
load_O1 1791331297.031512971 84859000 69000 1999
load_O1 1791331297.284872156 85815000 69000 1999
load_O1 1791331297.837171479 85815000 69000 1999
load_O1 1791331298.090789492 85815000 69000 1999
load_O1 1791331298.343952928 85815000 69000 1999
load_O1 1791331298.597312764 86055000 70000 1999
load_O1 1791331299.049720682 86055000 70000 1999
load_O1 1791331299.302778067 86055000 70000 1999
load_O1 1791331299.556279350 86055000 70000 1999
load_O1 1791331299.810802540 85576000 70000 1999
load_O1 1791331300.262303827 85576000 70000 1999
load_O1 1791331300.515747130 85576000 70000 1999
load_O1 1791331300.768838058 85576000 70000 1999
load_O1 1791331301.023060241 85800000 70000 1999
load_O1 1791331301.475999860 85800000 70000 1999
load_O1 1791331301.730067341 85800000 70000 1999
load_O1 1791331301.984054710 85800000 70000 1999
load_O1 1791331302.238387340 85993000 69000 1979
load_O1 1791331302.686688448 85993000 69000 1979
load_O1 1791331302.939932484 85993000 69000 1979
load_O1 1791331303.193128610 85993000 69000 1979
load_O1 1791331303.446508262 86233000 69000 1899
load_O1 1791331303.899756323 86233000 69000 1899
load_O1 1791331304.153134933 86233000 69000 1899
load_O1 1791331304.406399046 86233000 69000 1899
load_O1 1791331304.660407033 86039000 70000 1920
load_O1 1791331305.110888564 86039000 70000 1920
load_O1 1791331305.365071340 86039000 70000 1920
load_O1 1791331305.618841689 86039000 70000 1920
load_O1 1791331305.872218004 85799000 70000 1999
load_O1 1791331306.322648097 85799000 70000 1999
load_O1 1791331306.575537343 85799000 70000 1999
load_O1 1791331306.829815870 85799000 70000 1999
load_O1 1791331307.083265723 85576000 69000 1979
load_O1 1791331307.534509580 85576000 69000 1979
load_O1 1791331307.788322418 85576000 69000 1979
load_O1 1791331308.041985674 85576000 69000 1979
load_O1 1791331308.296147190 86001000 69000 1999
load_O1 1791331308.746287665 86001000 69000 1999
load_O1 1791331309.000024720 86001000 69000 1999
load_O1 1791331309.254470271 86001000 69000 1999
load_O1 1791331309.508553318 85993000 69000 1999
load_O1 1791331309.960307347 85993000 69000 1999
load_O1 1791331310.214881280 85993000 69000 1999
load_O1 1791331310.468680111 85993000 69000 1999
load_O1 1791331310.722046035 85737000 69000 1979
load_O1 1791331311.171472061 85737000 69000 1979
load_O1 1791331311.425284326 85737000 69000 1979
load_O1 1791331311.679545538 85737000 69000 1979
load_O1 1791331311.933331856 85994000 71000 1999
load_O1 1791331312.382244011 85994000 71000 1999
load_O1 1791331312.636231968 85994000 71000 1999
load_O1 1791331312.889952270 85994000 71000 1999
load_O1 1791331313.143478856 85977000 70000 1999
load_O1 1791331313.595561663 85977000 70000 1999
load_O1 1791331313.848914422 85977000 70000 1999
load_O1 1791331314.102872231 85977000 70000 1999
load_O1 1791331314.356318195 86017000 70000 1999
load_O1 1791331314.807515631 86017000 70000 1999
load_O1 1791331315.061156102 86017000 70000 1999
load_O1 1791331315.315020545 86017000 70000 1999
load_O1 1791331315.569206895 86217000 69000 1979
load_O1 1791331316.018927415 86217000 69000 1979
load_O1 1791331316.272389769 86217000 69000 1979
load_O1 1791331316.526170975 86217000 69000 1979
load_O1 1791331316.780643966 86211000 69000 1999
load_O1 1791331317.230336161 86211000 69000 1999
load_O1 1791331317.484352039 86211000 69000 1999
load_O1 1791331317.738272086 86211000 69000 1999
load_O1 1791331317.991231371 79013000 70000 1999
load_O1 1791331318.443838314 79013000 70000 1999
load_O1 1791331318.698054710 79013000 70000 1999
load_O1 1791331318.951528606 79013000 70000 1999
load_O1 1791331319.205866561 83834000 70000 1999
load_O1 1791331319.654976116 83834000 70000 1999
load_O1 1791331319.908856327 83834000 70000 1999
load_O1 1791331320.162530300 83834000 70000 1999
load_O1 1791331320.415946255 83337000 69000 1999
load_O1 1791331320.868556664 83337000 69000 1999
load_O1 1791331321.122407229 83337000 69000 1999
load_O1 1791331321.376267973 83337000 69000 1999
load_O1 1791331321.629703045 85514000 70000 1999
load_O1 1791331322.080634987 85514000 70000 1999
load_O1 1791331322.334365024 85514000 70000 1999
load_O1 1791331322.588008087 85514000 70000 1999
load_O1 1791331322.841030360 85993000 69000 1999
load_O1 1791331323.291884233 85993000 69000 1999
load_O1 1791331323.545680866 85993000 69000 1999
load_O1 1791331323.799289003 85993000 69000 1999
load_O1 1791331324.053510057 85754000 70000 1999
load_O1 1791331324.503955108 85754000 70000 1999
load_O1 1791331324.757495557 85754000 70000 1999
load_O1 1791331325.011230934 85754000 70000 1999
load_O1 1791331325.264740756 86233000 70000 1999
load_O1 1791331325.714728454 86233000 70000 1999
load_O1 1791331325.968209972 86233000 70000 1999
load_O1 1791331326.221892078 86233000 70000 1999
load_O1 1791331326.475612215 85977000 70000 1999
load_O1 1791331326.928320255 85977000 70000 1999
load_O1 1791331327.182054830 85977000 70000 1999
load_O1 1791331327.435987077 85977000 70000 1999
load_O1 1791331327.689503560 86233000 70000 1999
load_O1 1791331328.138658887 86233000 70000 1999
load_O1 1791331328.392843000 86233000 70000 1999
load_O1 1791331328.646035962 86233000 70000 1999
load_O1 1791331328.899299829 86233000 70000 1999
load_O1 1791331329.351799574 86233000 70000 1999
load_O1 1791331329.605248740 86233000 70000 1999
load_O1 1791331329.859724883 86233000 70000 1999
load_O1 1791331330.113647521 86273000 70000 1999
load_O1 1791331330.564232434 86273000 70000 1999
load_O1 1791331330.817946589 86273000 70000 1999
load_O1 1791331331.071535428 86273000 70000 1999
load_O1 1791331331.324991286 86033000 70000 1999
load_O1 1791331331.773805156 86033000 70000 1999
load_O1 1791331332.027214476 86033000 70000 1999
load_O1 1791331332.280576036 86033000 70000 1999
load_O1 1791331332.533848778 86057000 70000 1999
load_O1 1791331332.986466494 86057000 70000 1999
load_O1 1791331333.239999707 86057000 70000 1999
load_O1 1791331333.493102388 86057000 70000 1999
load_O1 1791331333.746451844 86055000 70000 1999
load_O1 1791331334.197250088 86055000 70000 1999
load_O1 1791331334.450530032 86055000 70000 1999
load_O1 1791331334.703937879 86055000 70000 1999
load_O1 1791331334.957412321 86263000 70000 1999
load_O1 1791331335.409603230 86263000 70000 1999
load_O1 1791331335.663634643 86263000 70000 1999
load_O1 1791331335.917274827 86263000 70000 1999
load_O1 1791331336.171315868 86296000 67000 1999
load_O1 1791331336.622030802 86296000 67000 1999
load_O1 1791331336.876267662 86296000 67000 1999
load_O1 1791331337.130265400 86296000 67000 1999
load_O1 1791331337.383554522 85993000 69000 1999
load_O1 1791331337.836447685 85993000 69000 1999
load_O1 1791331338.090426758 85993000 69000 1999
load_O1 1791331338.344073234 85993000 69000 1999
load_O1 1791331338.597815339 86019000 69000 1999
load_O1 1791331339.047386295 86019000 69000 1999
load_O1 1791331339.301574211 86019000 69000 1999
load_O1 1791331339.555407228 86019000 69000 1999
load_O1 1791331339.808468449 86217000 69000 1999
load_O1 1791331340.260721724 86217000 69000 1999
load_O1 1791331340.514502022 86217000 69000 1999
load_O1 1791331340.768567297 86217000 69000 1999
load_O1 1791331341.022320132 86290000 70000 1999
load_O1 1791331341.470691954 86290000 70000 1999
load_O1 1791331341.724634206 86290000 70000 1999
load_O1 1791331341.978081886 86290000 70000 1999
load_O1 1791331342.232078681 86272000 70000 1999
load_O1 1791331342.681788457 86272000 70000 1999
load_O1 1791331342.935803666 86272000 70000 1999
load_O1 1791331343.189704701 86272000 70000 1999
load_O1 1791331343.443138864 86017000 70000 1999
load_O1 1791331343.895802131 86017000 70000 1999
load_O1 1791331344.148917282 86017000 70000 1999
load_O1 1791331344.402239494 86017000 70000 1999
load_O1 1791331344.655703143 86233000 70000 1999
load_O1 1791331345.106997748 86233000 70000 1999
load_O1 1791331345.360686130 86233000 70000 1999
load_O1 1791331345.614345077 86233000 70000 1999
load_O1 1791331345.868137345 86233000 70000 1999
idle3 1791331346.393360618 86233000 70000 1999
idle3 1791331346.646568894 86233000 70000 1999
idle3 1791331346.900509482 86233000 70000 1999
idle3 1791331347.154760506 65654000 49000 1699
idle3 1791331347.532224615 65654000 49000 1699
idle3 1791331347.786246436 65654000 49000 1699
idle3 1791331348.040370049 65654000 49000 1699
idle3 1791331348.294357224 65409000 48000 1699
idle3 1791331348.742973494 65409000 48000 1699
idle3 1791331348.996852786 65409000 48000 1699
idle3 1791331349.250841815 65409000 48000 1699
idle3 1791331349.503951524 65393000 48000 1699
idle3 1791331349.955384487 65393000 48000 1699
idle3 1791331350.208874454 65393000 48000 1699
idle3 1791331350.462380832 65393000 48000 1699
idle3 1791331350.716520965 65195000 48000 1699
idle3 1791331351.167716500 65195000 48000 1699
idle3 1791331351.421382949 65195000 48000 1699
idle3 1791331351.674695471 65195000 48000 1699
idle3 1791331351.928051515 65195000 48000 1699
idle3 1791331352.379426186 65195000 48000 1699
idle3 1791331352.632656783 65195000 48000 1699
idle3 1791331352.886088910 65195000 48000 1699
idle3 1791331353.139484849 65195000 48000 1699
idle3 1791331353.591540916 65195000 48000 1699
idle3 1791331353.844846013 65195000 48000 1699
idle3 1791331354.098460434 65195000 48000 1699
idle3 1791331354.351831746 65195000 47000 1699
idle3 1791331354.801803439 65195000 47000 1699
idle3 1791331355.055475308 65195000 47000 1699
idle3 1791331355.309384214 65195000 47000 1699
idle3 1791331355.563126355 65183000 48000 1699
idle3 1791331356.015611300 65183000 48000 1699
idle3 1791331356.269623881 65183000 48000 1699
idle3 1791331356.523643555 65183000 48000 1699
idle3 1791331356.777675423 64919000 47000 1699
idle3 1791331357.227121985 64919000 47000 1699
idle3 1791331357.481492020 64919000 47000 1699
idle3 1791331357.735550367 64919000 47000 1699
idle3 1791331357.989599597 64911000 48000 1699
idle3 1791331358.439410135 64911000 48000 1699
idle3 1791331358.693245842 64911000 48000 1699
idle3 1791331358.946492969 64911000 48000 1699
idle3 1791331359.200411812 65177000 47000 1699
idle3 1791331359.650983906 65177000 47000 1699
idle3 1791331359.904757957 65177000 47000 1699
idle3 1791331360.158180213 65177000 47000 1699
idle3 1791331360.412405394 64955000 47000 1699
idle3 1791331360.862750610 64955000 47000 1699
idle3 1791331361.116881844 64955000 47000 1699
idle3 1791331361.371084632 64955000 47000 1699
idle3 1791331361.625072476 65167000 47000 1699
idle3 1791331362.076841407 65167000 47000 1699
idle3 1791331362.330584969 65167000 47000 1699
idle3 1791331362.584814978 65167000 47000 1699
idle3 1791331362.838810906 64925000 47000 1699
idle3 1791331363.286297959 64925000 47000 1699
idle3 1791331363.539680640 64925000 47000 1699
idle3 1791331363.793088458 64925000 47000 1699
idle3 1791331364.046773189 64699000 47000 1699
idle3 1791331364.498387908 64699000 47000 1699
idle3 1791331364.751849748 64699000 47000 1699
idle3 1791331365.005142128 64699000 47000 1699
idle3 1791331365.258650125 64715000 47000 1699
idle3 1791331365.710696377 64715000 47000 1699
idle3 1791331365.964215385 64715000 47000 1699
idle3 1791331366.217562979 64715000 47000 1699
idle3 1791331366.471458647 64715000 47000 1699
idle3 1791331366.922639636 64715000 47000 1699
idle3 1791331367.176101776 64715000 47000 1699
idle3 1791331367.429597740 64715000 47000 1699
idle3 1791331367.683575953 64715000 47000 1680
idle3 1791331368.134740782 64715000 47000 1680
idle3 1791331368.388155452 64715000 47000 1680
idle3 1791331368.641442361 64715000 47000 1680
idle3 1791331368.895901812 64408000 47000 1699
idle3 1791331369.346382529 64408000 47000 1699
idle3 1791331369.600693509 64408000 47000 1699
idle3 1791331369.854866690 64408000 47000 1699
idle3 1791331370.108975850 64629000 47000 1680
idle3 1791331370.559395040 64629000 47000 1680
idle3 1791331370.813279296 64629000 47000 1680
idle3 1791331371.067391902 64629000 47000 1680
idle3 1791331371.321655873 64668000 47000 1699
idle3 1791331371.772402732 64668000 47000 1699
idle3 1791331372.026678305 64668000 47000 1699
idle3 1791331372.280542862 64668000 47000 1699
idle3 1791331372.534708318 64379000 47000 1680
idle3 1791331372.981998054 64379000 47000 1680
idle3 1791331373.235492904 64379000 47000 1680
idle3 1791331373.488991932 64379000 47000 1680
idle3 1791331373.742402763 64715000 47000 1680
idle3 1791331374.195082176 64715000 47000 1680
idle3 1791331374.448439396 64715000 47000 1680
idle3 1791331374.701999078 64715000 47000 1680
idle3 1791331374.955356518 64715000 47000 1680
idle3 1791331375.407146382 64715000 47000 1680
idle3 1791331375.660564167 64715000 47000 1680
idle3 1791331375.913921978 64715000 47000 1680
idle3 1791331376.167294085 64648000 47000 1680
idle3 1791331376.618491160 64648000 47000 1680
idle3 1791331376.872086650 64648000 47000 1680
idle3 1791331377.125644698 64648000 47000 1680
idle3 1791331377.379047523 64419000 47000 1680
idle3 1791331377.830078986 64419000 47000 1680
idle3 1791331378.083702357 64419000 47000 1680
idle3 1791331378.337056019 64419000 47000 1680
idle3 1791331378.590416735 64167000 46000 1680
idle3 1791331379.043154786 64167000 46000 1680
idle3 1791331379.297264605 64167000 46000 1680
idle3 1791331379.550948129 64167000 46000 1680
idle3 1791331379.804604282 64408000 47000 1680
idle3 1791331380.255424034 64408000 47000 1680
idle3 1791331380.509574669 64408000 47000 1680
idle3 1791331380.763134470 64408000 47000 1680
idle3 1791331381.016341154 64408000 47000 1680
idle3 1791331381.469055239 64408000 47000 1680
idle3 1791331381.723558650 64408000 47000 1680
idle3 1791331381.977278392 64408000 47000 1680
idle3 1791331382.231289583 64207000 47000 1680
idle3 1791331382.679991188 64207000 47000 1680
idle3 1791331382.934122577 64207000 47000 1680
idle3 1791331383.187823703 64207000 47000 1680
idle3 1791331383.441684141 64138000 47000 1680
idle3 1791331383.891270354 64138000 47000 1680
idle3 1791331384.145157151 64138000 47000 1680
idle3 1791331384.398914393 64138000 47000 1680
idle3 1791331384.652596994 64395000 47000 1680
idle3 1791331385.104229838 64395000 47000 1680
idle3 1791331385.358068313 64395000 47000 1680
idle3 1791331385.612871317 64395000 47000 1680
idle3 1791331385.867102032 64361000 47000 1680
idle3 1791331386.316292919 64361000 47000 1680
idle3 1791331386.570054178 64361000 47000 1680
idle3 1791331386.824061782 64361000 47000 1680
idle3 1791331387.077715198 63880000 47000 1680
idle3 1791331387.528242785 63880000 47000 1680
idle3 1791331387.782333556 63880000 47000 1680
idle3 1791331388.036576333 63880000 47000 1680
idle3 1791331388.290556755 64361000 46000 1680
idle3 1791331388.740221023 64361000 46000 1680
idle3 1791331388.994048978 64361000 46000 1680
idle3 1791331389.247673338 64361000 46000 1680
idle3 1791331389.501290545 63926000 47000 1680
idle3 1791331389.950778049 63926000 47000 1680
idle3 1791331390.204257375 63926000 47000 1680
idle3 1791331390.457727244 63926000 47000 1680
idle3 1791331390.711074692 64167000 46000 1680
idle3 1791331391.161850826 64167000 46000 1680
idle3 1791331391.415383724 64167000 46000 1680
idle3 1791331391.668801493 64167000 46000 1680
idle3 1791331391.922246375 63926000 46000 1680
idle3 1791331392.373729603 63926000 46000 1680
idle3 1791331392.627137253 63926000 46000 1680
idle3 1791331392.880538742 63926000 46000 1680
idle3 1791331393.134556804 63993000 47000 1680
idle3 1791331393.586017059 63993000 47000 1680
idle3 1791331393.840489958 63993000 47000 1680
idle3 1791331394.094558816 63993000 47000 1680
idle3 1791331394.348626511 63913000 47000 1680
idle3 1791331394.800421727 63913000 47000 1680
idle3 1791331395.054652931 63913000 47000 1680
idle3 1791331395.308836364 63913000 47000 1680
idle3 1791331395.562962309 63896000 46000 1680
idle3 1791331396.013203913 63896000 46000 1680
idle3 1791331396.267503616 63896000 46000 1680
idle3 1791331396.521608080 63896000 46000 1680
idle3 1791331396.775584963 63926000 46000 1680
idle3 1791331397.223407373 63926000 46000 1680
idle3 1791331397.476748187 63926000 46000 1680
idle3 1791331397.730321779 63926000 46000 1680
idle3 1791331397.983902635 63926000 46000 1680
idle3 1791331398.435446315 63926000 46000 1680
idle3 1791331398.689609038 63926000 46000 1680
idle3 1791331398.943777963 63926000 46000 1680
idle3 1791331399.197671349 63915000 47000 1680
idle3 1791331399.647153348 63915000 47000 1680
idle3 1791331399.901530757 63915000 47000 1680
idle3 1791331400.155781836 63915000 47000 1680
idle3 1791331400.409634284 64138000 47000 1680
idle3 1791331400.859590568 64138000 47000 1680
idle3 1791331401.113207051 64138000 47000 1680
idle3 1791331401.366749974 64138000 47000 1680
idle3 1791331401.620245458 63926000 47000 1680
idle3 1791331402.072032385 63926000 47000 1680
idle3 1791331402.326362283 63926000 47000 1680
idle3 1791331402.580017999 63926000 47000 1680
idle3 1791331402.833745140 63907000 46000 1680
idle3 1791331403.283270340 63907000 46000 1680
idle3 1791331403.536640206 63907000 46000 1680
idle3 1791331403.790105673 63907000 46000 1680
idle3 1791331404.044220926 63926000 46000 1680
idle3 1791331404.494308436 63926000 46000 1680
idle3 1791331404.747902655 63926000 46000 1680
idle3 1791331405.001752217 63926000 46000 1680
idle3 1791331405.256144031 63910000 46000 1680
idle3 1791331405.708580431 63910000 46000 1680
idle3 1791331405.962768301 63910000 46000 1680
