idle0 1791446672.753506568 80481000 70000 1899
idle0 1791446673.131416857 80481000 70000 1899
idle0 1791446673.384863939 80481000 70000 1899
idle0 1791446673.638243082 80481000 70000 1899
idle0 1791446673.892206516 74498000 58000 1820
idle0 1791446674.338212541 74498000 58000 1820
idle0 1791446674.592452807 74498000 58000 1820
idle0 1791446674.846580852 74498000 58000 1820
idle0 1791446675.100612735 74429000 58000 1839
idle0 1791446675.549229720 74429000 58000 1839
idle0 1791446675.802654019 74429000 58000 1839
idle0 1791446676.056094229 74429000 58000 1839
idle0 1791446676.309165884 74498000 57000 1820
idle0 1791446676.861546969 74498000 57000 1820
idle0 1791446677.114959738 74498000 57000 1820
idle0 1791446677.367698056 74498000 57000 1820
idle0 1791446677.621141182 74478000 58000 1820
idle0 1791446678.074467529 74478000 58000 1820
idle0 1791446678.328177758 74478000 58000 1820
idle0 1791446678.581394107 74478000 58000 1820
idle0 1791446678.834522280 74498000 58000 1820
idle0 1791446679.285066788 74498000 58000 1820
idle0 1791446679.538917834 74498000 58000 1820
idle0 1791446679.792616812 74498000 58000 1820
idle0 1791446680.046701047 74443000 58000 1820
idle0 1791446680.499468363 74443000 58000 1820
idle0 1791446680.752926960 74443000 58000 1820
idle0 1791446681.006256313 74443000 58000 1820
idle0 1791446681.259985389 74683000 58000 1820
idle0 1791446681.709640794 74683000 58000 1820
idle0 1791446681.963685636 74683000 58000 1820
idle0 1791446682.217612365 74683000 58000 1820
idle0 1791446682.470921301 74498000 57000 1820
idle0 1791446682.920576977 74498000 57000 1820
idle0 1791446683.174296817 74498000 57000 1820
idle0 1791446683.427768530 74498000 57000 1820
idle0 1791446683.681128091 74498000 58000 1820
idle0 1791446684.134341600 74498000 58000 1820
idle0 1791446684.388153645 74498000 58000 1820
idle0 1791446684.641830093 74498000 58000 1820
idle0 1791446684.896043373 74424000 57000 1820
idle0 1791446685.347674854 74424000 57000 1820
idle0 1791446685.601623205 74424000 57000 1820
idle0 1791446685.855139824 74424000 57000 1820
idle0 1791446686.109188334 74437000 58000 1820
idle0 1791446686.559542880 74437000 58000 1820
idle0 1791446686.813204232 74437000 58000 1820
idle0 1791446687.066711403 74437000 58000 1820
idle0 1791446687.319938767 74478000 58000 1820
idle0 1791446687.769186470 74478000 58000 1820
idle0 1791446688.022947680 74478000 58000 1820
idle0 1791446688.276038237 74478000 58000 1820
idle0 1791446688.529293003 74483000 58000 1820
idle0 1791446688.980587472 74483000 58000 1820
idle0 1791446689.233715660 74483000 58000 1820
idle0 1791446689.486981278 74483000 58000 1820
idle0 1791446689.740437674 74483000 58000 1839
idle0 1791446690.192506102 74483000 58000 1839
idle0 1791446690.446658751 74483000 58000 1839
idle0 1791446690.700515101 74483000 58000 1839
idle0 1791446690.954254732 74217000 57000 1820
idle0 1791446691.405968873 74217000 57000 1820
idle0 1791446691.659440971 74217000 57000 1820
idle0 1791446691.912125354 74217000 57000 1820
idle0 1791446692.165488005 74483000 58000 1839
idle0 1791446692.617902176 74483000 58000 1839
idle0 1791446692.871026078 74483000 58000 1839
idle0 1791446693.124840721 74483000 58000 1839
idle0 1791446693.378217690 74498000 58000 1820
idle0 1791446693.830288696 74498000 58000 1820
idle0 1791446694.083684050 74498000 58000 1820
idle0 1791446694.336709637 74498000 58000 1820
idle0 1791446694.589943227 74483000 58000 1820
idle0 1791446695.041287464 74483000 58000 1820
idle0 1791446695.294508961 74483000 58000 1820
idle0 1791446695.547655006 74483000 58000 1820
idle0 1791446695.801253323 74478000 58000 1820
idle0 1791446696.253495944 74478000 58000 1820
idle0 1791446696.506675643 74478000 58000 1820
idle0 1791446696.759997720 74478000 58000 1820
idle0 1791446697.013448770 74243000 57000 1820
idle0 1791446697.465547100 74243000 57000 1820
idle0 1791446697.719596247 74243000 57000 1820
idle0 1791446697.973341412 74243000 57000 1820
idle0 1791446698.227219567 74423000 58000 1820
idle0 1791446698.678109753 74423000 58000 1820
idle0 1791446698.931931542 74423000 58000 1820
idle0 1791446699.185690353 74423000 58000 1820
idle0 1791446699.439848065 74664000 57000 1820
idle0 1791446699.889258685 74664000 57000 1820
idle0 1791446700.142908090 74664000 57000 1820
idle0 1791446700.396812205 74664000 57000 1820
idle0 1791446700.650532053 74477000 58000 1820
idle0 1791446701.103170714 74477000 58000 1820
idle0 1791446701.356956858 74477000 58000 1820
idle0 1791446701.610411787 74477000 58000 1820
idle0 1791446701.864508937 74396000 58000 1839
idle0 1791446702.314771934 74396000 58000 1839
idle0 1791446702.568985623 74396000 58000 1839
idle0 1791446702.822765195 74396000 58000 1839
idle0 1791446703.076815016 74443000 57000 1820
idle0 1791446703.527041645 74443000 57000 1820
idle0 1791446703.780704267 74443000 57000 1820
idle0 1791446704.034120485 74443000 57000 1820
idle0 1791446704.287720409 74443000 58000 1839
idle0 1791446704.737191777 74443000 58000 1839
idle0 1791446704.990819593 74443000 58000 1839
idle0 1791446705.243973768 74443000 58000 1839
idle0 1791446705.497182276 74498000 57000 1820
idle0 1791446705.949176116 74498000 57000 1820
idle0 1791446706.202584189 74498000 57000 1820
idle0 1791446706.455924025 74498000 57000 1820
idle0 1791446706.709403984 74498000 58000 1820
idle0 1791446707.160718876 74498000 58000 1820
idle0 1791446707.414326055 74498000 58000 1820
idle0 1791446707.667910181 74498000 58000 1820
idle0 1791446707.921611157 74498000 58000 1820
idle0 1791446708.373662698 74498000 58000 1820
idle0 1791446708.627194686 74498000 58000 1820
idle0 1791446708.880763012 74498000 58000 1820
idle0 1791446709.134296854 74498000 58000 1820
idle0 1791446709.586673920 74498000 58000 1820
idle0 1791446709.840336524 74498000 58000 1820
idle0 1791446710.093698482 74498000 58000 1820
idle0 1791446710.347497184 74390000 58000 1820
idle0 1791446710.799282445 74390000 58000 1820
idle0 1791446711.052688467 74390000 58000 1820
idle0 1791446711.306540960 74390000 58000 1820
idle0 1791446711.560593991 74410000 58000 1839
idle0 1791446712.011142403 74410000 58000 1839
idle0 1791446712.265154026 74410000 58000 1839
idle0 1791446712.518871756 74410000 58000 1839
idle0 1791446712.772750129 74189000 58000 1820
idle0 1791446713.221716532 74189000 58000 1820
idle0 1791446713.475221582 74189000 58000 1820
idle0 1791446713.729297968 74189000 58000 1820
idle0 1791446713.983336582 74458000 58000 1820
idle0 1791446714.435229179 74458000 58000 1820
idle0 1791446714.689110698 74458000 58000 1820
idle0 1791446714.943036451 74458000 58000 1820
idle0 1791446715.196702013 74443000 58000 1820
idle0 1791446715.646013479 74443000 58000 1820
idle0 1791446715.899895289 74443000 58000 1820
idle0 1791446716.153380192 74443000 58000 1820
idle0 1791446716.406813918 74498000 58000 1820
idle0 1791446716.957872343 74498000 58000 1820
idle0 1791446717.211285712 74498000 58000 1820
idle0 1791446717.464679513 74498000 58000 1820
idle0 1791446717.718000448 74498000 57000 1820
idle0 1791446718.169827013 74498000 57000 1820
idle0 1791446718.422987526 74498000 57000 1820
idle0 1791446718.676216828 74498000 57000 1820
idle0 1791446718.929655685 74498000 58000 1820
idle0 1791446719.383638203 74498000 58000 1820
idle0 1791446719.636984226 74498000 58000 1820
idle0 1791446719.890449723 74498000 58000 1820
idle0 1791446720.143800756 74237000 57000 1820
idle0 1791446720.594310513 74237000 57000 1820
idle0 1791446720.848100522 74237000 57000 1820
idle0 1791446721.102011640 74237000 57000 1820
idle0 1791446721.355454396 74243000 57000 1820
idle0 1791446721.806414993 74243000 57000 1820
idle0 1791446722.059687137 74243000 57000 1820
idle0 1791446722.313103304 74243000 57000 1820
idle0 1791446722.566396458 74498000 58000 1820
idle0 1791446723.019381719 74498000 58000 1820
idle0 1791446723.272263089 74498000 58000 1820
idle0 1791446723.525344855 74498000 58000 1820
idle0 1791446723.778478610 74258000 57000 1820
idle0 1791446724.231189636 74258000 57000 1820
idle0 1791446724.484689942 74258000 57000 1820
idle0 1791446724.738021439 74258000 57000 1820
idle0 1791446724.991341836 74463000 58000 1820
idle0 1791446725.441545330 74463000 58000 1820
idle0 1791446725.695073879 74463000 58000 1820
idle0 1791446725.948603621 74463000 58000 1820
idle0 1791446726.202597417 74737000 57000 1820
idle0 1791446726.655506848 74737000 57000 1820
idle0 1791446726.908868273 74737000 57000 1820
idle0 1791446727.162142745 74737000 57000 1820
idle0 1791446727.415356011 74498000 58000 1820
idle0 1791446727.866381024 74498000 58000 1820
idle0 1791446728.119861634 74498000 58000 1820
idle0 1791446728.373159189 74498000 58000 1820
idle0 1791446728.626473196 74478000 58000 1820
idle0 1791446729.079471377 74478000 58000 1820
idle0 1791446729.333049090 74478000 58000 1820
idle0 1791446729.586317672 74478000 58000 1820
idle0 1791446729.839448323 74497000 57000 1820
idle0 1791446730.291378533 74497000 57000 1820
idle0 1791446730.544805934 74497000 57000 1820
idle0 1791446730.798118839 74497000 57000 1820
idle0 1791446731.051380608 74478000 58000 1820
idle0 1791446731.503316751 74478000 58000 1820
idle0 1791446731.756356482 74478000 58000 1820
load_X5 1791446732.012459403 74478000 58000 1820
load_X5 1791446732.266280426 74243000 57000 1820
load_X5 1791446732.714223287 74243000 57000 1820
load_X5 1791446732.967460361 74243000 57000 1820
load_X5 1791446733.221343862 74243000 57000 1820
load_X5 1791446733.474935334 119024000 105000 2440
load_X5 1791446733.925928432 119024000 105000 2440
load_X5 1791446734.179149906 119024000 105000 2440
load_X5 1791446734.432619809 119024000 105000 2440
load_X5 1791446734.686063242 115185000 107000 2459
load_X5 1791446735.138328858 115185000 107000 2459
load_X5 1791446735.391594827 115185000 107000 2459
load_X5 1791446735.645176150 115185000 107000 2459
load_X5 1791446735.898588374 119524000 103000 2459
load_X5 1791446736.350616403 119524000 103000 2459
load_X5 1791446736.604234105 119524000 103000 2459
load_X5 1791446736.857706744 119524000 103000 2459
load_X5 1791446737.111247501 119831000 101000 2459
load_X5 1791446737.561891635 119831000 101000 2459
load_X5 1791446737.815297217 119831000 101000 2459
load_X5 1791446738.068679998 119831000 101000 2459
load_X5 1791446738.322294745 119571000 101000 2459
load_X5 1791446738.774934308 119571000 101000 2459
load_X5 1791446739.028446572 119571000 101000 2459
load_X5 1791446739.281627553 119571000 101000 2459
load_X5 1791446739.534817170 117407000 105000 2459
load_X5 1791446739.987627966 117407000 105000 2459
load_X5 1791446740.241266479 117407000 105000 2459
load_X5 1791446740.494736524 117407000 105000 2459
load_X5 1791446740.748105630 120050000 103000 2459
load_X5 1791446741.198385760 120050000 103000 2459
load_X5 1791446741.451990240 120050000 103000 2459
load_X5 1791446741.705553171 120050000 103000 2459
load_X5 1791446741.958869056 120790000 104000 2480
load_X5 1791446742.411120040 120790000 104000 2480
load_X5 1791446742.664642515 120790000 104000 2480
load_X5 1791446742.918644714 120790000 104000 2480
load_X5 1791446743.171734575 120770000 105000 2480
load_X5 1791446743.623429342 120770000 105000 2480
load_X5 1791446743.876886785 120770000 105000 2480
load_X5 1791446744.130133091 120770000 105000 2480
load_X5 1791446744.383657951 116918000 105000 2480
load_X5 1791446744.833853204 116918000 105000 2480
load_X5 1791446745.087182166 116918000 105000 2480
load_X5 1791446745.340449462 116918000 105000 2480
load_X5 1791446745.593952582 120746000 108000 2500
load_X5 1791446746.047076362 120746000 108000 2500
load_X5 1791446746.300547543 120746000 108000 2500
load_X5 1791446746.553812976 120746000 108000 2500
load_X5 1791446746.807215416 119594000 102000 2480
load_X5 1791446747.258135978 119594000 102000 2480
load_X5 1791446747.511576340 119594000 102000 2480
load_X5 1791446747.765065475 119594000 102000 2480
load_X5 1791446748.018569948 121215000 105000 2480
load_X5 1791446748.470134784 121215000 105000 2480
load_X5 1791446748.723444722 121215000 105000 2480
load_X5 1791446748.977102104 121215000 105000 2480
load_X5 1791446749.230294941 118387000 106000 2480
load_X5 1791446749.682864440 118387000 106000 2480
load_X5 1791446749.936907119 118387000 106000 2480
load_X5 1791446750.189974259 118387000 106000 2480
load_X5 1791446750.443338300 121215000 105000 2480
load_X5 1791446750.894485711 121215000 105000 2480
load_X5 1791446751.147839001 121215000 105000 2480
load_X5 1791446751.401088065 121215000 105000 2480
load_X5 1791446751.654500928 121215000 109000 2480
load_X5 1791446752.106559566 121215000 109000 2480
load_X5 1791446752.360085643 121215000 109000 2480
load_X5 1791446752.613353493 121215000 109000 2480
load_X5 1791446752.866650678 121750000 105000 2500
load_X5 1791446753.318076235 121750000 105000 2500
load_X5 1791446753.571432221 121750000 105000 2500
load_X5 1791446753.824866254 121750000 105000 2500
load_X5 1791446754.078136129 121730000 105000 2379
load_X5 1791446754.530112264 121730000 105000 2379
load_X5 1791446754.783131516 121730000 105000 2379
load_X5 1791446755.036534421 121730000 105000 2379
load_X5 1791446755.289907140 121970000 102000 2500
load_X5 1791446755.742733488 121970000 102000 2500
load_X5 1791446755.995894117 121970000 102000 2500
load_X5 1791446756.249339523 121970000 102000 2500
load_X5 1791446756.502621722 121970000 108000 2500
load_X5 1791446756.954823133 121970000 108000 2500
load_X5 1791446757.208237310 121970000 108000 2500
load_X5 1791446757.461575855 121970000 108000 2500
load_X5 1791446757.715266504 122210000 107000 2500
load_X5 1791446758.166615089 122210000 107000 2500
load_X5 1791446758.420076296 122210000 107000 2500
load_X5 1791446758.673395946 122210000 107000 2500
load_X5 1791446758.926817909 122204000 104000 2500
load_X5 1791446759.377722870 122204000 104000 2500
load_X5 1791446759.630917134 122204000 104000 2500
load_X5 1791446759.884387989 122204000 104000 2500
load_X5 1791446760.137253745 122449000 109000 2500
load_X5 1791446760.590729440 122449000 109000 2500
load_X5 1791446760.844235441 122449000 109000 2500
load_X5 1791446761.097169897 122449000 109000 2500
load_X5 1791446761.350564980 122186000 106000 2520
load_X5 1791446761.803413434 122186000 106000 2520
load_X5 1791446762.056775515 122186000 106000 2520
load_X5 1791446762.310169416 122186000 106000 2520
load_X5 1791446762.563604145 120527000 109000 2500
load_X5 1791446763.014460567 120527000 109000 2500
load_X5 1791446763.267566156 120527000 109000 2500
load_X5 1791446763.520949858 120527000 109000 2500
load_X5 1791446763.774045368 122691000 107000 2520
load_X5 1791446764.226968064 122691000 107000 2520
load_X5 1791446764.480375271 122691000 107000 2520
load_X5 1791446764.733766128 122691000 107000 2520
load_X5 1791446764.987151875 122705000 110000 2520
load_X5 1791446765.438399095 122705000 110000 2520
load_X5 1791446765.691683441 122705000 110000 2520
load_X5 1791446765.945150802 122705000 110000 2520
load_X5 1791446766.198552660 122709000 109000 2520
load_X5 1791446766.650747256 122709000 109000 2520
load_X5 1791446766.904237891 122709000 109000 2520
load_X5 1791446767.157604483 122709000 109000 2520
load_X5 1791446767.410858463 122930000 108000 2520
load_X5 1791446767.863049984 122930000 108000 2520
load_X5 1791446768.116309685 122930000 108000 2520
load_X5 1791446768.369568725 122930000 108000 2520
load_X5 1791446768.622845428 123255000 105000 2520
load_X5 1791446769.075029526 123255000 105000 2520
load_X5 1791446769.328572300 123255000 105000 2520
load_X5 1791446769.581949083 123255000 105000 2520
load_X5 1791446769.835249912 123257000 109000 2540
load_X5 1791446770.287810850 123257000 109000 2540
load_X5 1791446770.541161724 123257000 109000 2540
load_X5 1791446770.794557091 123257000 109000 2540
load_X5 1791446771.048064580 123476000 105000 2520
load_X5 1791446771.498111965 123476000 105000 2520
load_X5 1791446771.751057836 123476000 105000 2520
load_X5 1791446772.004663811 123476000 105000 2520
load_X5 1791446772.258280105 123255000 105000 2520
load_X5 1791446772.711638428 123255000 105000 2520
load_X5 1791446772.964991346 123255000 105000 2520
load_X5 1791446773.218321732 123255000 105000 2520
load_X5 1791446773.471672257 123735000 107000 2520
load_X5 1791446773.921736795 123735000 107000 2520
load_X5 1791446774.175187238 123735000 107000 2520
load_X5 1791446774.428530318 123735000 107000 2520
load_X5 1791446774.681842531 121332000 106000 2540
load_X5 1791446775.136153179 121332000 106000 2540
load_X5 1791446775.389788180 121332000 106000 2540
load_X5 1791446775.643089712 121332000 106000 2540
load_X5 1791446775.896386617 123956000 109000 2520
load_X5 1791446776.346512092 123956000 109000 2520
load_X5 1791446776.599703087 123956000 109000 2520
load_X5 1791446776.853052500 123956000 109000 2520
load_X5 1791446777.106729410 123976000 103000 2520
load_X5 1791446777.558666299 123976000 103000 2520
load_X5 1791446777.811969165 123976000 103000 2520
load_X5 1791446778.065115606 123976000 103000 2520
load_X5 1791446778.318383217 123737000 109000 2540
load_X5 1791446778.770993294 123737000 109000 2540
load_X5 1791446779.024372764 123737000 109000 2540
load_X5 1791446779.277931143 123737000 109000 2540
load_X5 1791446779.531325762 124196000 111000 2540
load_X5 1791446779.983032338 124196000 111000 2540
load_X5 1791446780.236733456 124196000 111000 2540
load_X5 1791446780.490030863 124196000 111000 2540
load_X5 1791446780.743429450 124285000 109000 2560
load_X5 1791446781.195482440 124285000 109000 2560
load_X5 1791446781.448555605 124285000 109000 2560
load_X5 1791446781.701453350 124285000 109000 2560
load_X5 1791446781.954545440 124261000 109000 2540
load_X5 1791446782.406714078 124261000 109000 2540
load_X5 1791446782.659478091 124261000 109000 2540
load_X5 1791446782.912293531 124261000 109000 2540
load_X5 1791446783.165633910 124784000 107000 2560
load_X5 1791446783.620060122 124784000 107000 2560
load_X5 1791446783.872541093 124784000 107000 2560
load_X5 1791446784.125595413 124784000 107000 2560
load_X5 1791446784.378564293 124740000 108000 2540
load_X5 1791446784.831998988 124740000 108000 2540
load_X5 1791446785.084793249 124740000 108000 2540
load_X5 1791446785.337975681 124740000 108000 2540
load_X5 1791446785.591245538 124999000 104000 2560
load_X5 1791446786.043034914 124999000 104000 2560
load_X5 1791446786.295963769 124999000 104000 2560
load_X5 1791446786.548684973 124999000 104000 2560
load_X5 1791446786.802124881 124760000 108000 2560
load_X5 1791446787.256031317 124760000 108000 2560
load_X5 1791446787.509323767 124760000 108000 2560
load_X5 1791446787.762626316 124760000 108000 2560
load_X5 1791446788.015407724 124784000 112000 2560
load_X5 1791446788.465805250 124784000 112000 2560
load_X5 1791446788.719204793 124784000 112000 2560
load_X5 1791446788.972561805 124784000 112000 2560
load_X5 1791446789.225883943 125389000 111000 2560
load_X5 1791446789.678002812 125389000 111000 2560
load_X5 1791446789.931463250 125389000 111000 2560
load_X5 1791446790.184152395 125389000 111000 2560
load_X5 1791446790.437710657 125175000 107000 2560
load_X5 1791446790.891316849 125175000 107000 2560
load_X5 1791446791.144699832 125175000 107000 2560
load_X5 1791446791.398175569 125175000 107000 2560
load_X5 1791446791.651375737 121575000 109000 2560
load_X5 1791446792.101938808 121575000 109000 2560
load_X5 1791446792.355312714 121575000 109000 2560
load_X5 1791446792.608673505 121575000 109000 2560
load_X5 1791446792.861846031 125358000 111000 2520
load_X5 1791446793.314856864 125358000 111000 2520
load_X5 1791446793.568260897 125358000 111000 2520
load_X5 1791446793.821159027 125358000 111000 2520
load_X5 1791446794.074486496 125654000 111000 2580
load_X5 1791446794.527548375 125654000 111000 2580
load_X5 1791446794.780911892 125654000 111000 2580
load_X5 1791446795.034311137 125654000 111000 2580
load_X5 1791446795.287780874 125395000 109000 2560
load_X5 1791446795.738288593 125395000 109000 2560
load_X5 1791446795.991033505 125395000 109000 2560
load_X5 1791446796.244490850 125395000 109000 2560
load_X5 1791446796.497668948 122949000 111000 2580
load_X5 1791446796.950223343 122949000 111000 2580
load_X5 1791446797.203725913 122949000 111000 2580
load_X5 1791446797.456579280 122949000 111000 2580
load_X5 1791446797.710059989 125839000 112000 2560
load_X5 1791446798.162857483 125839000 112000 2560
load_X5 1791446798.416110083 125839000 112000 2560
load_X5 1791446798.669497266 125839000 112000 2560
load_X5 1791446798.923393588 125874000 105000 2580
load_X5 1791446799.374731113 125874000 105000 2580
load_X5 1791446799.628152120 125874000 105000 2580
load_X5 1791446799.881677344 125874000 105000 2580
load_X5 1791446800.134875522 126115000 109000 2580
load_X5 1791446800.585895699 126115000 109000 2580
load_X5 1791446800.838947661 126115000 109000 2580
load_X5 1791446801.092054878 126115000 109000 2580
load_X5 1791446801.345416003 126115000 112000 2580
load_X5 1791446801.798682984 126115000 112000 2580
load_X5 1791446802.051963778 126115000 112000 2580
load_X5 1791446802.305450891 126115000 112000 2580
load_X5 1791446802.558878322 126078000 110000 2580
load_X5 1791446803.009837977 126078000 110000 2580
load_X5 1791446803.263213289 126078000 110000 2580
load_X5 1791446803.516610203 126078000 110000 2580
load_X5 1791446803.770116242 124436000 109000 2580
load_X5 1791446804.222353805 124436000 109000 2580
load_X5 1791446804.475722406 124436000 109000 2580
load_X5 1791446804.728599370 124436000 109000 2580
load_X5 1791446804.981989441 126355000 111000 2480
load_X5 1791446805.436001728 126355000 111000 2480
load_X5 1791446805.689227119 126355000 111000 2480
load_X5 1791446805.942572356 126355000 111000 2480
load_X5 1791446806.195739518 126355000 112000 2580
load_X5 1791446806.647171956 126355000 112000 2580
load_X5 1791446806.900586855 126355000 112000 2580
load_X5 1791446807.154229763 126355000 112000 2580
load_X5 1791446807.407652757 126384000 110000 2600
load_X5 1791446807.859688863 126384000 110000 2600
load_X5 1791446808.112784400 126384000 110000 2600
load_X5 1791446808.365968385 126384000 110000 2600
load_X5 1791446808.619458686 124432000 108000 2620
load_X5 1791446809.070287869 124432000 108000 2620
load_X5 1791446809.323767942 124432000 108000 2620
load_X5 1791446809.577054509 124432000 108000 2620
load_X5 1791446809.830472004 127037000 108000 2600
load_X5 1791446810.282274341 127037000 108000 2600
load_X5 1791446810.535647182 127037000 108000 2600
load_X5 1791446810.789061331 127037000 108000 2600
load_X5 1791446811.042476010 126901000 112000 2600
load_X5 1791446811.495120986 126901000 112000 2600
load_X5 1791446811.748240340 126901000 112000 2600
load_X5 1791446812.000916237 126901000 112000 2600
load_X5 1791446812.254376783 127103000 112000 2600
load_X5 1791446812.706047324 127103000 112000 2600
load_X5 1791446812.959472865 127103000 112000 2600
load_X5 1791446813.212930407 127103000 112000 2600
load_X5 1791446813.466451137 127140000 108000 2600
load_X5 1791446813.917791547 127140000 108000 2600
load_X5 1791446814.171179307 127140000 108000 2600
load_X5 1791446814.424579751 127140000 108000 2600
load_X5 1791446814.677819352 127380000 109000 2600
load_X5 1791446815.130091077 127380000 109000 2600
load_X5 1791446815.383407614 127380000 109000 2600
load_X5 1791446815.636325028 127380000 109000 2600
load_X5 1791446815.889660290 127140000 112000 2600
load_X5 1791446816.444683533 127140000 112000 2600
load_X5 1791446816.697866158 127140000 112000 2600
load_X5 1791446816.951230765 127140000 112000 2600
load_X5 1791446817.204277264 127103000 113000 2600
load_X5 1791446817.757693731 127103000 113000 2600
load_X5 1791446818.011060312 127103000 113000 2600
load_X5 1791446818.264551980 127103000 113000 2600
load_X5 1791446818.517909395 127620000 111000 2600
load_X5 1791446818.969465744 127620000 111000 2600
load_X5 1791446819.222624776 127620000 111000 2600
load_X5 1791446819.475951062 127620000 111000 2600
load_X5 1791446819.729448791 126626000 114000 2600
load_X5 1791446820.179802997 126626000 114000 2600
load_X5 1791446820.433141357 126626000 114000 2600
load_X5 1791446820.686691275 126626000 114000 2600
load_X5 1791446820.940059701 127620000 109000 2620
load_X5 1791446821.393925573 127620000 109000 2620
load_X5 1791446821.647127386 127620000 109000 2620
load_X5 1791446821.900160731 127620000 109000 2620
load_X5 1791446822.153380688 127075000 109000 2600
load_X5 1791446822.604995551 127075000 109000 2600
load_X5 1791446822.858817613 127075000 109000 2600
load_X5 1791446823.112283233 127075000 109000 2600
load_X5 1791446823.365711943 127576000 110000 2600
load_X5 1791446823.817949911 127576000 110000 2600
load_X5 1791446824.071358954 127576000 110000 2600
load_X5 1791446824.324657140 127576000 110000 2600
load_X5 1791446824.578133220 128099000 111000 2620
load_X5 1791446825.028998702 128099000 111000 2620
load_X5 1791446825.282382770 128099000 111000 2620
load_X5 1791446825.535398874 128099000 111000 2620
load_X5 1791446825.788618572 128302000 112000 2620
load_X5 1791446826.241225055 128302000 112000 2620
load_X5 1791446826.494580759 128302000 112000 2620
load_X5 1791446826.747957333 128302000 112000 2620
load_X5 1791446827.001428355 128340000 112000 2500
load_X5 1791446827.451969177 128340000 112000 2500
load_X5 1791446827.705331815 128340000 112000 2500
load_X5 1791446827.958413754 128340000 112000 2500
load_X5 1791446828.211821497 128333000 112000 2620
load_X5 1791446828.767046730 128333000 112000 2620
load_X5 1791446829.020721747 128333000 112000 2620
load_X5 1791446829.274022809 128333000 112000 2620
load_X5 1791446829.527430663 128340000 114000 2620
load_X5 1791446829.978510192 128340000 114000 2620
load_X5 1791446830.231793221 128340000 114000 2620
load_X5 1791446830.484728274 128340000 114000 2620
load_X5 1791446830.737983972 128819000 110000 2620
load_X5 1791446831.189774260 128819000 110000 2620
load_X5 1791446831.443256755 128819000 110000 2620
load_X5 1791446831.696726336 128819000 110000 2620
load_X5 1791446831.949724198 128061000 110000 2639
load_X5 1791446832.401182692 128061000 110000 2639
load_X5 1791446832.654695044 128061000 110000 2639
load_X5 1791446832.907928841 128061000 110000 2639
load_X5 1791446833.161399564 128542000 116000 2620
load_X5 1791446833.613779255 128542000 116000 2620
load_X5 1791446833.867008043 128542000 116000 2620
load_X5 1791446834.120001297 128542000 116000 2620
load_X5 1791446834.373072018 128542000 112000 2639
load_X5 1791446834.826927749 128542000 112000 2639
load_X5 1791446835.080524771 128542000 112000 2639
load_X5 1791446835.333873496 128542000 112000 2639
load_X5 1791446835.587185120 128794000 111000 2639
load_X5 1791446836.038787207 128794000 111000 2639
load_X5 1791446836.292158064 128794000 111000 2639
load_X5 1791446836.545274161 128794000 111000 2639
load_X5 1791446836.798596466 128820000 113000 2639
load_X5 1791446837.250471257 128820000 113000 2639
load_X5 1791446837.503668968 128820000 113000 2639
load_X5 1791446837.756961818 128820000 113000 2639
load_X5 1791446838.009758463 129060000 114000 2639
load_X5 1791446838.462181318 129060000 114000 2639
load_X5 1791446838.715412342 129060000 114000 2639
load_X5 1791446838.968835538 129060000 114000 2639
load_X5 1791446839.222071441 129021000 113000 2620
load_X5 1791446839.673730147 129021000 113000 2620
load_X5 1791446839.927187087 129021000 113000 2620
load_X5 1791446840.180330056 129021000 113000 2620
load_X5 1791446840.433500857 129299000 113000 2639
load_X5 1791446840.885181405 129299000 113000 2639
load_X5 1791446841.138663012 129299000 113000 2639
load_X5 1791446841.391925045 129299000 113000 2639
load_X5 1791446841.644715961 129273000 111000 2639
load_X5 1791446842.098818061 129273000 111000 2639
load_X5 1791446842.352177198 129273000 111000 2639
load_X5 1791446842.605509885 129273000 111000 2639
load_X5 1791446842.858474147 129059000 112000 2639
load_X5 1791446843.309354750 129059000 112000 2639
load_X5 1791446843.562799128 129059000 112000 2639
load_X5 1791446843.816230661 129059000 112000 2639
load_X5 1791446844.069389911 129740000 110000 2639
load_X5 1791446844.521919141 129740000 110000 2639
load_X5 1791446844.775186094 129740000 110000 2639
load_X5 1791446845.028722355 129740000 110000 2639
load_X5 1791446845.281993427 129539000 114000 2639
load_X5 1791446845.733282451 129539000 114000 2639
load_X5 1791446845.986645997 129539000 114000 2639
load_X5 1791446846.239972724 129539000 114000 2639
load_X5 1791446846.493503585 129539000 115000 2660
load_X5 1791446846.945588989 129539000 115000 2660
load_X5 1791446847.199028609 129539000 115000 2660
load_X5 1791446847.451907533 129539000 115000 2660
load_X5 1791446847.705338136 129513000 115000 2660
load_X5 1791446848.157737793 129513000 115000 2660
load_X5 1791446848.410769776 129513000 115000 2660
load_X5 1791446848.663769006 129513000 115000 2660
load_X5 1791446848.916850853 129539000 114000 2639
load_X5 1791446849.369970046 129539000 114000 2639
load_X5 1791446849.623458549 129539000 114000 2639
load_X5 1791446849.876811767 129539000 114000 2639
load_X5 1791446850.130254464 129533000 115000 2639
load_X5 1791446850.582323870 129533000 115000 2639
load_X5 1791446850.835665978 129533000 115000 2639
load_X5 1791446851.088998347 129533000 115000 2639
load_X5 1791446851.342329995 125903000 115000 2639
load_X5 1791446851.793416280 125903000 115000 2639
load_X5 1791446852.046322727 125903000 115000 2639
load_X5 1791446852.299088169 125903000 115000 2639
load_X5 1791446852.551871775 130019000 115000 2639
load_X5 1791446853.005926623 130019000 115000 2639
load_X5 1791446853.258994555 130019000 115000 2639
load_X5 1791446853.512492336 130019000 115000 2639
load_X5 1791446853.765713717 130044000 113000 2639
load_X5 1791446854.218081348 130044000 113000 2639
load_X5 1791446854.471403118 130044000 113000 2639
load_X5 1791446854.724841719 130044000 113000 2639
load_X5 1791446854.978103597 130325000 113000 2660
load_X5 1791446855.430275239 130325000 113000 2660
load_X5 1791446855.683387756 130325000 113000 2660
load_X5 1791446855.936617974 130325000 113000 2660
load_X5 1791446856.189510617 130325000 112000 2639
load_X5 1791446856.641843393 130325000 112000 2639
load_X5 1791446856.895300279 130325000 112000 2639
load_X5 1791446857.148592444 130325000 112000 2639
load_X5 1791446857.401971193 130325000 110000 2660
load_X5 1791446857.853162480 130325000 110000 2660
load_X5 1791446858.106445659 130325000 110000 2660
load_X5 1791446858.359906132 130325000 110000 2660
load_X5 1791446858.613380211 130526000 112000 2660
load_X5 1791446859.065703270 130526000 112000 2660
load_X5 1791446859.318524579 130526000 112000 2660
load_X5 1791446859.571620416 130526000 112000 2660
load_X5 1791446859.824647373 130325000 115000 2660
load_X5 1791446860.278123966 130325000 115000 2660
load_X5 1791446860.531459485 130325000 115000 2660
load_X5 1791446860.784821673 130325000 115000 2660
load_X5 1791446861.038072252 130805000 112000 2660
load_X5 1791446861.489678402 130805000 112000 2660
load_X5 1791446861.743150048 130805000 112000 2660
load_X5 1791446861.996544317 130805000 112000 2660
load_X5 1791446862.249800146 130767000 112000 2660
load_X5 1791446862.701542915 130767000 112000 2660
load_X5 1791446862.954536009 130767000 112000 2660
load_X5 1791446863.208098465 130767000 112000 2660
load_X5 1791446863.460765185 130805000 114000 2660
load_X5 1791446863.915111539 130805000 114000 2660
load_X5 1791446864.168320881 130805000 114000 2660
load_X5 1791446864.422011149 130805000 114000 2660
load_X5 1791446864.675413174 126930000 115000 2660
load_X5 1791446865.126562697 126930000 115000 2660
load_X5 1791446865.379549480 126930000 115000 2660
load_X5 1791446865.632692317 126930000 115000 2660
load_X5 1791446865.885618756 130998000 112000 2660
load_X5 1791446866.338728302 130998000 112000 2660
load_X5 1791446866.591769198 130998000 112000 2660
load_X5 1791446866.844954786 130998000 112000 2660
load_X5 1791446867.097939836 130766000 117000 2679
load_X5 1791446867.550189923 130766000 117000 2679
load_X5 1791446867.803561692 130766000 117000 2679
load_X5 1791446868.057361358 130766000 117000 2679
load_X5 1791446868.310725693 129572000 113000 2679
load_X5 1791446868.762862407 129572000 113000 2679
load_X5 1791446869.016301424 129572000 113000 2679
load_X5 1791446869.269801926 129572000 113000 2679
load_X5 1791446869.522892726 131018000 115000 2679
load_X5 1791446869.973687724 131018000 115000 2679
load_X5 1791446870.227264861 131018000 115000 2679
load_X5 1791446870.480580836 131018000 115000 2679
load_X5 1791446870.733633154 131247000 112000 2679
load_X5 1791446871.187219381 131247000 112000 2679
load_X5 1791446871.440518384 131247000 112000 2679
load_X5 1791446871.694342366 131247000 112000 2679
load_X5 1791446871.947758079 131285000 117000 2679
load_X5 1791446872.398228878 131285000 117000 2679
load_X5 1791446872.651611940 131285000 117000 2679
load_X5 1791446872.905098116 131285000 117000 2679
load_X5 1791446873.158593500 131285000 113000 2679
load_X5 1791446873.609408838 131285000 113000 2679
load_X5 1791446873.862446630 131285000 113000 2679
load_X5 1791446874.115665844 131285000 113000 2679
load_X5 1791446874.368993422 131285000 114000 2679
load_X5 1791446874.822506292 131285000 114000 2679
load_X5 1791446875.075876461 131285000 114000 2679
load_X5 1791446875.329503013 131285000 114000 2679
load_X5 1791446875.582649330 131524000 117000 2679
load_X5 1791446876.033150938 131524000 117000 2679
load_X5 1791446876.286717447 131524000 117000 2679
load_X5 1791446876.540174600 131524000 117000 2679
load_X5 1791446876.793599231 130504000 116000 2660
load_X5 1791446877.246628623 130504000 116000 2660
load_X5 1791446877.499667899 130504000 116000 2660
load_X5 1791446877.753125022 130504000 116000 2660
load_X5 1791446878.006642809 128645000 114000 2699
load_X5 1791446878.459237092 128645000 114000 2699
load_X5 1791446878.712995793 128645000 114000 2699
load_X5 1791446878.966461894 128645000 114000 2699
load_X5 1791446879.219965205 132004000 117000 2679
load_X5 1791446879.670989961 132004000 117000 2679
load_X5 1791446879.924207343 132004000 117000 2679
load_X5 1791446880.177710504 132004000 117000 2679
load_X5 1791446880.431096795 131726000 112000 2679
load_X5 1791446880.882411678 131726000 112000 2679
load_X5 1791446881.135339104 131726000 112000 2679
load_X5 1791446881.388624445 131726000 112000 2679
load_X5 1791446881.641993995 132198000 115000 2699
idle1 1791446882.298311289 132198000 115000 2699
idle1 1791446882.551750910 132198000 115000 2699
idle1 1791446882.805416428 132205000 68000 2020
idle1 1791446883.205108018 132205000 68000 2020
idle1 1791446883.458567478 132205000 68000 2020
idle1 1791446883.711870973 132205000 68000 2020
idle1 1791446883.965579723 85516000 68000 2040
idle1 1791446884.518615433 85516000 68000 2040
idle1 1791446884.771454274 85516000 68000 2040
idle1 1791446885.024573092 85516000 68000 2040
idle1 1791446885.277904180 85052000 68000 2020
idle1 1791446885.730091871 85052000 68000 2020
idle1 1791446885.983471000 85052000 68000 2020
idle1 1791446886.236856481 85052000 68000 2020
idle1 1791446886.490109252 85075000 67000 2020
idle1 1791446886.941106871 85075000 67000 2020
idle1 1791446887.194733767 85075000 67000 2020
idle1 1791446887.448208046 85075000 67000 2020
idle1 1791446887.701749021 85285000 67000 2020
idle1 1791446888.154715730 85285000 67000 2020
idle1 1791446888.407796909 85285000 67000 2020
idle1 1791446888.661203170 85285000 67000 2020
idle1 1791446888.914606595 84835000 67000 2020
idle1 1791446889.367402634 84835000 67000 2020
idle1 1791446889.621177650 84835000 67000 2020
idle1 1791446889.874513318 84835000 67000 2020
idle1 1791446890.127772864 84572000 67000 2020
idle1 1791446890.577587485 84572000 67000 2020
idle1 1791446890.830530453 84572000 67000 2020
idle1 1791446891.083811409 84572000 67000 2020
idle1 1791446891.337313551 84288000 67000 1999
idle1 1791446891.790152603 84288000 67000 1999
idle1 1791446892.043616212 84288000 67000 1999
idle1 1791446892.297430443 84288000 67000 1999
idle1 1791446892.551053955 84064000 66000 2020
idle1 1791446893.003472575 84064000 66000 2020
idle1 1791446893.257055540 84064000 66000 2020
idle1 1791446893.510822071 84064000 66000 2020
idle1 1791446893.764203477 84529000 67000 1999
idle1 1791446894.213831590 84529000 67000 1999
idle1 1791446894.467537378 84529000 67000 1999
idle1 1791446894.721393127 84529000 67000 1999
idle1 1791446894.974694813 83808000 66000 1999
idle1 1791446895.427575585 83808000 66000 1999
idle1 1791446895.681326468 83808000 66000 1999
idle1 1791446895.935391041 83808000 66000 1999
idle1 1791446896.188830968 83546000 66000 1999
idle1 1791446896.638870277 83546000 66000 1999
idle1 1791446896.892062378 83546000 66000 1999
idle1 1791446897.145142627 83546000 66000 1999
idle1 1791446897.398300994 83546000 67000 2020
idle1 1791446897.850916177 83546000 67000 2020
idle1 1791446898.104437708 83546000 67000 2020
idle1 1791446898.358408626 83546000 67000 2020
idle1 1791446898.611712267 83786000 66000 1999
idle1 1791446899.062998446 83786000 66000 1999
idle1 1791446899.316497446 83786000 66000 1999
idle1 1791446899.570205559 83786000 66000 1999
idle1 1791446899.823611733 83568000 66000 1999
idle1 1791446900.274532625 83568000 66000 1999
idle1 1791446900.528119250 83568000 66000 1999
idle1 1791446900.781624351 83568000 66000 1999
idle1 1791446901.035158848 83546000 66000 1999
idle1 1791446901.486885799 83546000 66000 1999
idle1 1791446901.740693370 83546000 66000 1999
idle1 1791446901.993897745 83546000 66000 1999
idle1 1791446902.247528353 83343000 66000 1999
idle1 1791446902.699678483 83343000 66000 1999
idle1 1791446902.953320292 83343000 66000 1999
idle1 1791446903.206620508 83343000 66000 1999
idle1 1791446903.460335064 83081000 65000 1999
idle1 1791446903.909652137 83081000 65000 1999
idle1 1791446904.163172378 83081000 65000 1999
idle1 1791446904.416808056 83081000 65000 1999
idle1 1791446904.670356961 82848000 66000 1979
idle1 1791446905.123353907 82848000 66000 1979
idle1 1791446905.377157302 82848000 66000 1979
idle1 1791446905.630682252 82848000 66000 1979
idle1 1791446905.884133012 83081000 65000 1979
idle1 1791446906.334553395 83081000 65000 1979
idle1 1791446906.588315682 83081000 65000 1979
idle1 1791446906.842252188 83081000 65000 1979
idle1 1791446907.095700965 82864000 65000 1979
idle1 1791446907.545759396 82864000 65000 1979
idle1 1791446907.799163559 82864000 65000 1979
idle1 1791446908.052526916 82864000 65000 1979
idle1 1791446908.305735110 82585000 65000 1979
idle1 1791446908.758014296 82585000 65000 1979
idle1 1791446909.011528977 82585000 65000 1979
idle1 1791446909.265208520 82585000 65000 1979
idle1 1791446909.518702192 82841000 65000 1979
idle1 1791446909.969962399 82841000 65000 1979
idle1 1791446910.223266835 82841000 65000 1979
idle1 1791446910.476768172 82841000 65000 1979
idle1 1791446910.730273647 82601000 65000 1979
idle1 1791446911.181429989 82601000 65000 1979
idle1 1791446911.435270144 82601000 65000 1979
idle1 1791446911.688777493 82601000 65000 1979
idle1 1791446911.942003622 82367000 65000 1979
idle1 1791446912.395104017 82367000 65000 1979
idle1 1791446912.648444572 82367000 65000 1979
idle1 1791446912.901681231 82367000 65000 1979
idle1 1791446913.154828772 82607000 65000 1979
idle1 1791446913.606101064 82607000 65000 1979
idle1 1791446913.859290515 82607000 65000 1979
idle1 1791446914.112620299 82607000 65000 1979
idle1 1791446914.366403318 82338000 65000 1979
idle1 1791446914.818798546 82338000 65000 1979
idle1 1791446915.072239210 82338000 65000 1979
idle1 1791446915.325511237 82338000 65000 1979
idle1 1791446915.578877711 82128000 65000 1979
idle1 1791446916.030317400 82128000 65000 1979
idle1 1791446916.283753145 82128000 65000 1979
idle1 1791446916.537189321 82128000 65000 1979
idle1 1791446916.790580703 81866000 65000 1979
idle1 1791446917.242567613 81866000 65000 1979
idle1 1791446917.496262096 81866000 65000 1979
idle1 1791446917.749608844 81866000 65000 1979
idle1 1791446918.002897432 82105000 65000 1960
idle1 1791446918.454483849 82105000 65000 1960
idle1 1791446918.707738754 82105000 65000 1960
idle1 1791446918.961319784 82105000 65000 1960
idle1 1791446919.214673425 81881000 64000 1979
idle1 1791446919.665780579 81881000 64000 1979
idle1 1791446919.919562227 81881000 64000 1979
idle1 1791446920.172959531 81881000 64000 1979
idle1 1791446920.426327500 81881000 65000 1960
idle1 1791446920.878188004 81881000 65000 1960
idle1 1791446921.131913727 81881000 65000 1960
idle1 1791446921.385176478 81881000 65000 1960
idle1 1791446921.638671566 81888000 64000 1960
idle1 1791446922.090457190 81888000 64000 1960
idle1 1791446922.344067866 81888000 64000 1960
idle1 1791446922.597462476 81888000 64000 1960
idle1 1791446922.850820878 81626000 64000 1960
idle1 1791446923.302212850 81626000 64000 1960
idle1 1791446923.555938824 81626000 64000 1960
idle1 1791446923.809623571 81626000 64000 1960
idle1 1791446924.062958518 81559000 64000 1960
idle1 1791446924.513494970 81559000 64000 1960
idle1 1791446924.767359155 81559000 64000 1960
idle1 1791446925.020875865 81559000 64000 1960
idle1 1791446925.273952176 81385000 64000 1960
idle1 1791446925.727301668 81385000 64000 1960
idle1 1791446925.980650933 81385000 64000 1960
idle1 1791446926.234316534 81385000 64000 1960
idle1 1791446926.487291314 81581000 64000 1960
idle1 1791446926.939135891 81581000 64000 1960
idle1 1791446927.192694662 81581000 64000 1960
idle1 1791446927.446230809 81581000 64000 1960
idle1 1791446927.699330635 81574000 64000 1960
idle1 1791446928.150512274 81574000 64000 1960
idle1 1791446928.403934558 81574000 64000 1960
idle1 1791446928.657154831 81574000 64000 1960
idle1 1791446928.910679547 81099000 64000 1960
idle1 1791446929.362270408 81099000 64000 1960
idle1 1791446929.615820402 81099000 64000 1960
idle1 1791446929.869219052 81099000 64000 1960
idle1 1791446930.122408858 81078000 64000 1960
idle1 1791446930.574165852 81078000 64000 1960
idle1 1791446930.827840291 81078000 64000 1960
idle1 1791446931.081511234 81078000 64000 1960
idle1 1791446931.334825635 81333000 64000 1960
idle1 1791446931.786274279 81333000 64000 1960
idle1 1791446932.039903303 81333000 64000 1960
idle1 1791446932.293460512 81333000 64000 1960
idle1 1791446932.546732594 81093000 64000 1960
idle1 1791446932.998418525 81093000 64000 1960
idle1 1791446933.251624813 81093000 64000 1960
idle1 1791446933.505137148 81093000 64000 1960
idle1 1791446933.758615278 81159000 64000 1960
idle1 1791446934.211161491 81159000 64000 1960
idle1 1791446934.464344656 81159000 64000 1960
idle1 1791446934.717856490 81159000 64000 1960
idle1 1791446934.971611282 80854000 64000 1939
idle1 1791446935.423687179 80854000 64000 1939
idle1 1791446935.677063048 80854000 64000 1939
idle1 1791446935.930500031 80854000 64000 1939
idle1 1791446936.184185513 80838000 64000 1960
idle1 1791446936.635555070 80838000 64000 1960
idle1 1791446936.889623343 80838000 64000 1960
idle1 1791446937.142973844 80838000 64000 1960
idle1 1791446937.396360593 80875000 63000 1939
idle1 1791446937.847084785 80875000 63000 1939
idle1 1791446938.100569549 80875000 63000 1939
idle1 1791446938.354167827 80875000 63000 1939
idle1 1791446938.607720059 80614000 64000 1939
idle1 1791446939.057658732 80614000 64000 1939
idle1 1791446939.311579177 80614000 64000 1939
idle1 1791446939.565310917 80614000 64000 1939
idle1 1791446939.818842600 80614000 63000 1939
idle1 1791446940.270830534 80614000 63000 1939
idle1 1791446940.524523081 80614000 63000 1939
idle1 1791446940.778359408 80614000 63000 1939
idle1 1791446941.031734235 80619000 63000 1939
idle1 1791446941.481933841 80619000 63000 1939
idle1 1791446941.735432873 80619000 63000 1939
idle1 1791446941.988643532 80619000 63000 1939
load_G22_ons 1791446942.244465701 80358000 63000 1939
load_G22_ons 1791446942.695348425 80358000 63000 1939
load_G22_ons 1791446942.948660675 80358000 63000 1939
load_G22_ons 1791446943.201914576 80358000 63000 1939
load_G22_ons 1791446943.454902646 96420000 78000 2159
load_G22_ons 1791446943.905796490 96420000 78000 2159
load_G22_ons 1791446944.159435858 96420000 78000 2159
load_G22_ons 1791446944.413279810 96420000 78000 2159
load_G22_ons 1791446944.666529784 95949000 80000 2159
load_G22_ons 1791446945.119136587 95949000 80000 2159
load_G22_ons 1791446945.372493943 95949000 80000 2159
load_G22_ons 1791446945.625717828 95949000 80000 2159
load_G22_ons 1791446945.879541032 96420000 80000 2159
load_G22_ons 1791446946.331560128 96420000 80000 2159
load_G22_ons 1791446946.584765578 96420000 80000 2159
load_G22_ons 1791446946.838139736 96420000 80000 2159
load_G22_ons 1791446947.091597402 96687000 80000 2159
load_G22_ons 1791446947.541972973 96687000 80000 2159
load_G22_ons 1791446947.795404659 96687000 80000 2159
load_G22_ons 1791446948.048741157 96687000 80000 2159
load_G22_ons 1791446948.302157265 96428000 79000 2159
load_G22_ons 1791446948.755365302 96428000 79000 2159
load_G22_ons 1791446949.008811116 96428000 79000 2159
load_G22_ons 1791446949.262179805 96428000 79000 2159
load_G22_ons 1791446949.515190238 96446000 80000 2159
load_G22_ons 1791446949.966459784 96446000 80000 2159
load_G22_ons 1791446950.219872907 96446000 80000 2159
load_G22_ons 1791446950.473128012 96446000 80000 2159
load_G22_ons 1791446950.726741232 96650000 79000 2159
load_G22_ons 1791446951.178392036 96650000 79000 2159
load_G22_ons 1791446951.432009675 96650000 79000 2159
load_G22_ons 1791446951.685547593 96650000 79000 2159
load_G22_ons 1791446951.938732997 96423000 80000 2159
load_G22_ons 1791446952.390053009 96423000 80000 2159
load_G22_ons 1791446952.643530764 96423000 80000 2159
load_G22_ons 1791446952.896880047 96423000 80000 2159
load_G22_ons 1791446953.150025557 96420000 79000 2159
load_G22_ons 1791446953.603496081 96420000 79000 2159
load_G22_ons 1791446953.856860884 96420000 79000 2159
load_G22_ons 1791446954.110580335 96420000 79000 2159
load_G22_ons 1791446954.364082517 96446000 80000 2159
load_G22_ons 1791446954.813964621 96446000 80000 2159
load_G22_ons 1791446955.067189209 96446000 80000 2159
load_G22_ons 1791446955.320610780 96446000 80000 2159
load_G22_ons 1791446955.574014266 96379000 79000 2159
load_G22_ons 1791446956.025753870 96379000 79000 2159
load_G22_ons 1791446956.279302009 96379000 79000 2159
load_G22_ons 1791446956.532663917 96379000 79000 2159
load_G22_ons 1791446956.786226673 96379000 79000 2159
load_G22_ons 1791446957.238864681 96379000 79000 2159
load_G22_ons 1791446957.492286342 96379000 79000 2159
load_G22_ons 1791446957.745672215 96379000 79000 2159
load_G22_ons 1791446957.998982066 96445000 78000 2159
load_G22_ons 1791446958.450663321 96445000 78000 2159
load_G22_ons 1791446958.704075254 96445000 78000 2159
load_G22_ons 1791446958.957326885 96445000 78000 2159
load_G22_ons 1791446959.210727547 96405000 81000 2159
load_G22_ons 1791446959.662151028 96405000 81000 2159
load_G22_ons 1791446959.915585904 96405000 81000 2159
load_G22_ons 1791446960.169043503 96405000 81000 2159
load_G22_ons 1791446960.422129883 96155000 80000 2159
load_G22_ons 1791446960.875112141 96155000 80000 2159
load_G22_ons 1791446961.128706318 96155000 80000 2159
load_G22_ons 1791446961.382434458 96155000 80000 2159
load_G22_ons 1791446961.635600939 96362000 79000 2159
load_G22_ons 1791446962.087145068 96362000 79000 2159
load_G22_ons 1791446962.340273899 96362000 79000 2159
load_G22_ons 1791446962.593720458 96362000 79000 2159
load_G22_ons 1791446962.847194228 96399000 80000 2159
load_G22_ons 1791446963.299086524 96399000 80000 2159
load_G22_ons 1791446963.552577317 96399000 80000 2159
load_G22_ons 1791446963.806065635 96399000 80000 2159
load_G22_ons 1791446964.059570935 96373000 79000 2159
load_G22_ons 1791446964.510587682 96373000 79000 2159
load_G22_ons 1791446964.763980380 96373000 79000 2159
load_G22_ons 1791446965.017447519 96373000 79000 2159
load_G22_ons 1791446965.270938553 96619000 80000 2159
load_G22_ons 1791446965.722792788 96619000 80000 2159
load_G22_ons 1791446965.976210724 96619000 80000 2159
load_G22_ons 1791446966.229871699 96619000 80000 2159
load_G22_ons 1791446966.483309532 96379000 79000 2159
load_G22_ons 1791446966.935139062 96379000 79000 2159
load_G22_ons 1791446967.188577447 96379000 79000 2159
load_G22_ons 1791446967.441536258 96379000 79000 2159
load_G22_ons 1791446967.694867762 96139000 80000 2159
load_G22_ons 1791446968.146653139 96139000 80000 2159
load_G22_ons 1791446968.400505164 96139000 80000 2159
load_G22_ons 1791446968.654179303 96139000 80000 2159
load_G22_ons 1791446968.907650130 96139000 79000 2159
load_G22_ons 1791446969.359491002 96139000 79000 2159
load_G22_ons 1791446969.612971787 96139000 79000 2159
load_G22_ons 1791446969.866446963 96139000 79000 2159
load_G22_ons 1791446970.119927868 96379000 79000 2159
load_G22_ons 1791446970.571139185 96379000 79000 2159
load_G22_ons 1791446970.824476631 96379000 79000 2159
load_G22_ons 1791446971.077686987 96379000 79000 2159
load_G22_ons 1791446971.331278221 96379000 79000 2159
load_G22_ons 1791446971.782449633 96379000 79000 2159
load_G22_ons 1791446972.034782587 96379000 79000 2159
load_G22_ons 1791446972.288171019 96379000 79000 2159
load_G22_ons 1791446972.541701469 96440000 79000 2159
load_G22_ons 1791446972.995143930 96440000 79000 2159
load_G22_ons 1791446973.248725177 96440000 79000 2159
load_G22_ons 1791446973.501825707 96440000 79000 2159
load_G22_ons 1791446973.755012970 96668000 79000 2159
load_G22_ons 1791446974.207015690 96668000 79000 2159
load_G22_ons 1791446974.460406056 96668000 79000 2159
load_G22_ons 1791446974.713063201 96668000 79000 2159
load_G22_ons 1791446974.966545261 96397000 80000 2159
load_G22_ons 1791446975.417595055 96397000 80000 2159
load_G22_ons 1791446975.671453334 96397000 80000 2159
load_G22_ons 1791446975.925031885 96397000 80000 2159
load_G22_ons 1791446976.178271168 95949000 79000 2159
load_G22_ons 1791446976.630467192 95949000 79000 2159
load_G22_ons 1791446976.883931990 95949000 79000 2159
load_G22_ons 1791446977.137391417 95949000 79000 2159
load_G22_ons 1791446977.390694130 96182000 79000 2140
load_G22_ons 1791446977.843065225 96182000 79000 2140
load_G22_ons 1791446978.096579906 96182000 79000 2140
load_G22_ons 1791446978.349492864 96182000 79000 2140
load_G22_ons 1791446978.602935942 96183000 79000 2159
load_G22_ons 1791446979.055000169 96183000 79000 2159
load_G22_ons 1791446979.308583000 96183000 79000 2159
load_G22_ons 1791446979.561942499 96183000 79000 2159
load_G22_ons 1791446979.815511444 96422000 79000 2080
load_G22_ons 1791446980.266829937 96422000 79000 2080
load_G22_ons 1791446980.520083768 96422000 79000 2080
load_G22_ons 1791446980.773642363 96422000 79000 2080
load_G22_ons 1791446981.026929687 96180000 79000 2159
load_G22_ons 1791446981.479013523 96180000 79000 2159
load_G22_ons 1791446981.732516023 96180000 79000 2159
load_G22_ons 1791446981.985398645 96180000 79000 2159
load_G22_ons 1791446982.238883582 95949000 81000 2159
load_G22_ons 1791446982.690108149 95949000 81000 2159
load_G22_ons 1791446982.943259197 95949000 81000 2159
load_G22_ons 1791446983.196597388 95949000 81000 2159
load_G22_ons 1791446983.450019176 96206000 80000 2159
load_G22_ons 1791446983.903773289 96206000 80000 2159
load_G22_ons 1791446984.157124725 96206000 80000 2159
load_G22_ons 1791446984.410515034 96206000 80000 2159
load_G22_ons 1791446984.664110400 96456000 80000 2140
load_G22_ons 1791446985.115073285 96456000 80000 2140
load_G22_ons 1791446985.368685072 96456000 80000 2140
load_G22_ons 1791446985.621540093 96456000 80000 2140
load_G22_ons 1791446985.874824984 95934000 80000 2159
load_G22_ons 1791446986.326936694 95934000 80000 2159
load_G22_ons 1791446986.580251973 95934000 80000 2159
load_G22_ons 1791446986.833770264 95934000 80000 2159
load_G22_ons 1791446987.087316567 95966000 79000 1979
load_G22_ons 1791446987.538117409 95966000 79000 1979
load_G22_ons 1791446987.791407109 95966000 79000 1979
load_G22_ons 1791446988.044618172 95966000 79000 1979
load_G22_ons 1791446988.298064908 96188000 80000 2159
load_G22_ons 1791446988.751077347 96188000 80000 2159
load_G22_ons 1791446989.004519134 96188000 80000 2159
load_G22_ons 1791446989.257558964 96188000 80000 2159
load_G22_ons 1791446989.510836242 96188000 79000 2060
load_G22_ons 1791446989.963336967 96188000 79000 2060
load_G22_ons 1791446990.216931813 96188000 79000 2060
load_G22_ons 1791446990.469831900 96188000 79000 2060
load_G22_ons 1791446990.723287624 96414000 80000 2159
load_G22_ons 1791446991.174611843 96414000 80000 2159
load_G22_ons 1791446991.428139032 96414000 80000 2159
load_G22_ons 1791446991.681469310 96414000 80000 2159
load_G22_ons 1791446991.934868688 95923000 78000 2159
load_G22_ons 1791446992.386700264 95923000 78000 2159
load_G22_ons 1791446992.639993953 95923000 78000 2159
load_G22_ons 1791446992.892875246 95923000 78000 2159
load_G22_ons 1791446993.146451057 96446000 79000 2159
load_G22_ons 1791446993.598365699 96446000 79000 2159
load_G22_ons 1791446993.851776960 96446000 79000 2159
load_G22_ons 1791446994.105300423 96446000 79000 2159
load_G22_ons 1791446994.358646842 95231000 80000 2159
load_G22_ons 1791446994.810186248 95231000 80000 2159
load_G22_ons 1791446995.063629690 95231000 80000 2159
load_G22_ons 1791446995.317152282 95231000 80000 2159
load_G22_ons 1791446995.570698768 96171000 79000 2159
load_G22_ons 1791446996.022393507 96171000 79000 2159
load_G22_ons 1791446996.275760235 96171000 79000 2159
load_G22_ons 1791446996.528634556 96171000 79000 2159
load_G22_ons 1791446996.782127261 95949000 79000 2159
load_G22_ons 1791446997.235011622 95949000 79000 2159
load_G22_ons 1791446997.488635395 95949000 79000 2159
load_G22_ons 1791446997.741917403 95949000 79000 2159
load_G22_ons 1791446997.995195324 95966000 79000 2159
load_G22_ons 1791446998.447065155 95966000 79000 2159
load_G22_ons 1791446998.700646888 95966000 79000 2159
load_G22_ons 1791446998.953807990 95966000 79000 2159
load_G22_ons 1791446999.207251283 95934000 79000 2159
load_G22_ons 1791446999.659302816 95934000 79000 2159
load_G22_ons 1791446999.912686927 95934000 79000 2159
load_G22_ons 1791447000.165589572 95934000 79000 2159
load_G22_ons 1791447000.419046160 95949000 80000 2140
load_G22_ons 1791447000.870428193 95949000 80000 2140
load_G22_ons 1791447001.124103143 95949000 80000 2140
load_G22_ons 1791447001.377531488 95949000 80000 2140
load_G22_ons 1791447001.630926931 95966000 79000 2159
load_G22_ons 1791447002.082323461 95966000 79000 2159
load_G22_ons 1791447002.335871232 95966000 79000 2159
load_G22_ons 1791447002.589427228 95966000 79000 2159
load_G22_ons 1791447002.842665856 95940000 79000 2159
load_G22_ons 1791447003.294812962 95940000 79000 2159
load_G22_ons 1791447003.548132663 95940000 79000 2159
load_G22_ons 1791447003.800523043 95940000 79000 2159
load_G22_ons 1791447004.053940829 95947000 79000 2159
load_G22_ons 1791447004.508033160 95947000 79000 2159
load_G22_ons 1791447004.761403667 95947000 79000 2159
load_G22_ons 1791447005.014602631 95947000 79000 2159
load_G22_ons 1791447005.268015418 96165000 80000 2140
load_G22_ons 1791447005.719703279 96165000 80000 2140
load_G22_ons 1791447005.973171591 96165000 80000 2140
load_G22_ons 1791447006.226405210 96165000 80000 2140
load_G22_ons 1791447006.479783843 95966000 79000 2159
load_G22_ons 1791447006.929881849 95966000 79000 2159
load_G22_ons 1791447007.183001435 95966000 79000 2159
load_G22_ons 1791447007.436011614 95966000 79000 2159
load_G22_ons 1791447007.689487540 96171000 79000 2159
load_G22_ons 1791447008.142370003 96171000 79000 2159
load_G22_ons 1791447008.395897397 96171000 79000 2159
load_G22_ons 1791447008.649024887 96171000 79000 2159
load_G22_ons 1791447008.902515872 95683000 79000 2159
load_G22_ons 1791447009.354433287 95683000 79000 2159
load_G22_ons 1791447009.607829855 95683000 79000 2159
load_G22_ons 1791447009.861348733 95683000 79000 2159
load_G22_ons 1791447010.115109787 96189000 79000 2159
load_G22_ons 1791447010.565896984 96189000 79000 2159
load_G22_ons 1791447010.819514648 96189000 79000 2159
load_G22_ons 1791447011.072477549 96189000 79000 2159
load_G22_ons 1791447011.325939951 95961000 81000 2159
load_G22_ons 1791447011.778078534 95961000 81000 2159
load_G22_ons 1791447012.031404729 95961000 81000 2159
load_G22_ons 1791447012.284973813 95961000 81000 2159
load_G22_ons 1791447012.538241568 96189000 79000 2159
load_G22_ons 1791447012.989776574 96189000 79000 2159
load_G22_ons 1791447013.243034852 96189000 79000 2159
load_G22_ons 1791447013.496247695 96189000 79000 2159
load_G22_ons 1791447013.749570013 96449000 80000 2159
load_G22_ons 1791447014.202618392 96449000 80000 2159
load_G22_ons 1791447014.456159863 96449000 80000 2159
load_G22_ons 1791447014.709541093 96449000 80000 2159
load_G22_ons 1791447014.962985232 96189000 80000 2159
load_G22_ons 1791447015.415651100 96189000 80000 2159
load_G22_ons 1791447015.669394002 96189000 80000 2159
load_G22_ons 1791447015.922939201 96189000 80000 2159
load_G22_ons 1791447016.176244117 96209000 79000 2159
load_G22_ons 1791447016.626209478 96209000 79000 2159
load_G22_ons 1791447016.879521568 96209000 79000 2159
load_G22_ons 1791447017.132831775 96209000 79000 2159
load_G22_ons 1791447017.386008901 94504000 79000 2159
load_G22_ons 1791447017.838879135 94504000 79000 2159
load_G22_ons 1791447018.092318014 94504000 79000 2159
load_G22_ons 1791447018.345505129 94504000 79000 2159
load_G22_ons 1791447018.598952154 93561000 79000 2159
load_G22_ons 1791447019.051404442 93561000 79000 2159
load_G22_ons 1791447019.305008683 93561000 79000 2159
load_G22_ons 1791447019.558525600 93561000 79000 2159
load_G22_ons 1791447019.812321282 95984000 80000 2159
load_G22_ons 1791447020.262349422 95984000 80000 2159
load_G22_ons 1791447020.515655883 95984000 80000 2159
load_G22_ons 1791447020.769141601 95984000 80000 2159
load_G22_ons 1791447021.022667645 96200000 79000 2159
load_G22_ons 1791447021.474879701 96200000 79000 2159
load_G22_ons 1791447021.728535871 96200000 79000 2159
load_G22_ons 1791447021.981911352 96200000 79000 2159
load_G22_ons 1791447022.235366603 96174000 79000 2140
load_G22_ons 1791447022.686109121 96174000 79000 2140
load_G22_ons 1791447022.939559573 96174000 79000 2140
load_G22_ons 1791447023.193097681 96174000 79000 2140
load_G22_ons 1791447023.446493941 96171000 79000 2159
load_G22_ons 1791447023.899043704 96171000 79000 2159
load_G22_ons 1791447024.152435416 96171000 79000 2159
load_G22_ons 1791447024.405919462 96171000 79000 2159
load_G22_ons 1791447024.659311866 96189000 79000 2159
load_G22_ons 1791447025.111010496 96189000 79000 2159
load_G22_ons 1791447025.364319873 96189000 79000 2159
load_G22_ons 1791447025.617751721 96189000 79000 2159
load_G22_ons 1791447025.871101855 96171000 80000 2159
load_G22_ons 1791447026.323010792 96171000 80000 2159
load_G22_ons 1791447026.576598474 96171000 80000 2159
load_G22_ons 1791447026.830007148 96171000 80000 2159
load_G22_ons 1791447027.083401877 96171000 79000 2159
load_G22_ons 1791447027.534817946 96171000 79000 2159
load_G22_ons 1791447027.788225779 96171000 79000 2159
load_G22_ons 1791447028.041636448 96171000 79000 2159
load_G22_ons 1791447028.294674114 95960000 81000 2159
load_G22_ons 1791447028.746889769 95960000 81000 2159
load_G22_ons 1791447029.000428760 95960000 81000 2159
load_G22_ons 1791447029.253850340 95960000 81000 2159
load_G22_ons 1791447029.507099815 93795000 79000 2159
load_G22_ons 1791447029.959001680 93795000 79000 2159
load_G22_ons 1791447030.212531614 93795000 79000 2159
load_G22_ons 1791447030.466103427 93795000 79000 2159
load_G22_ons 1791447030.719549042 94505000 79000 2159
load_G22_ons 1791447031.171036337 94505000 79000 2159
load_G22_ons 1791447031.424418683 94505000 79000 2159
load_G22_ons 1791447031.677914162 94505000 79000 2159
load_G22_ons 1791447031.931188265 95470000 80000 2159
load_G22_ons 1791447032.383007405 95470000 80000 2159
load_G22_ons 1791447032.636472377 95470000 80000 2159
load_G22_ons 1791447032.890114613 95470000 80000 2159
load_G22_ons 1791447033.143435905 94016000 79000 2159
load_G22_ons 1791447033.594830917 94016000 79000 2159
load_G22_ons 1791447033.848033264 94016000 79000 2159
load_G22_ons 1791447034.101715917 94016000 79000 2159
load_G22_ons 1791447034.355443655 95941000 79000 2159
load_G22_ons 1791447034.807150374 95941000 79000 2159
load_G22_ons 1791447035.060587444 95941000 79000 2159
load_G22_ons 1791447035.313904278 95941000 79000 2159
load_G22_ons 1791447035.567219789 96163000 79000 2159
load_G22_ons 1791447036.020269429 96163000 79000 2159
load_G22_ons 1791447036.273936273 96163000 79000 2159
load_G22_ons 1791447036.527658070 96163000 79000 2159
load_G22_ons 1791447036.781426605 96171000 79000 2159
load_G22_ons 1791447037.230298354 96171000 79000 2159
load_G22_ons 1791447037.483802000 96171000 79000 2159
load_G22_ons 1791447037.737099668 96171000 79000 2159
load_G22_ons 1791447037.990497095 89715000 80000 2140
load_G22_ons 1791447038.443422752 89715000 80000 2140
load_G22_ons 1791447038.696961154 89715000 80000 2140
load_G22_ons 1791447038.950436668 89715000 80000 2140
load_G22_ons 1791447039.204116807 95925000 80000 2159
load_G22_ons 1791447039.655396985 95925000 80000 2159
load_G22_ons 1791447039.909188865 95925000 80000 2159
load_G22_ons 1791447040.162682934 95925000 80000 2159
load_G22_ons 1791447040.416349628 95228000 79000 2159
load_G22_ons 1791447040.867290016 95228000 79000 2159
load_G22_ons 1791447041.120715546 95228000 79000 2159
load_G22_ons 1791447041.374365929 95228000 79000 2159
load_G22_ons 1791447041.627847465 95947000 79000 2179
load_G22_ons 1791447042.080063918 95947000 79000 2179
load_G22_ons 1791447042.333159567 95947000 79000 2179
load_G22_ons 1791447042.586591259 95947000 79000 2179
load_G22_ons 1791447042.839911971 96188000 79000 2159
load_G22_ons 1791447043.290221642 96188000 79000 2159
load_G22_ons 1791447043.543672841 96188000 79000 2159
load_G22_ons 1791447043.797597883 96188000 79000 2159
load_G22_ons 1791447044.050876056 96189000 79000 2159
load_G22_ons 1791447044.504018855 96189000 79000 2159
load_G22_ons 1791447044.757360548 96189000 79000 2159
load_G22_ons 1791447045.010929559 96189000 79000 2159
load_G22_ons 1791447045.264489434 89023000 79000 2159
load_G22_ons 1791447045.715106846 89023000 79000 2159
load_G22_ons 1791447045.968534992 89023000 79000 2159
load_G22_ons 1791447046.222212398 89023000 79000 2159
load_G22_ons 1791447046.475678897 95943000 79000 1960
load_G22_ons 1791447046.927975202 95943000 79000 1960
load_G22_ons 1791447047.181682935 95943000 79000 1960
load_G22_ons 1791447047.435248751 95943000 79000 1960
load_G22_ons 1791447047.688555990 95720000 79000 2159
load_G22_ons 1791447048.139944084 95720000 79000 2159
load_G22_ons 1791447048.393681253 95720000 79000 2159
load_G22_ons 1791447048.647120521 95720000 79000 2159
load_G22_ons 1791447048.900476602 95966000 79000 2159
load_G22_ons 1791447049.350473706 95966000 79000 2159
load_G22_ons 1791447049.603950395 95966000 79000 2159
load_G22_ons 1791447049.857345239 95966000 79000 2159
load_G22_ons 1791447050.110805686 90203000 79000 2159
load_G22_ons 1791447050.563895369 90203000 79000 2159
load_G22_ons 1791447050.817557066 90203000 79000 2159
load_G22_ons 1791447051.070975144 90203000 79000 2159
load_G22_ons 1791447051.324165102 96206000 79000 2159
load_G22_ons 1791447051.875331392 96206000 79000 2159
load_G22_ons 1791447052.129056489 96206000 79000 2159
load_G22_ons 1791447052.382620022 96206000 79000 2159
load_G22_ons 1791447052.636432363 91620000 79000 2159
load_G22_ons 1791447053.189790574 91620000 79000 2159
load_G22_ons 1791447053.443278113 91620000 79000 2159
load_G22_ons 1791447053.696206670 91620000 79000 2159
load_G22_ons 1791447053.949550599 95966000 64000 2159
load_G22_ons 1791447054.401746669 95966000 64000 2159
load_G22_ons 1791447054.655335720 95966000 64000 2159
load_G22_ons 1791447054.908762736 95966000 64000 2159
load_G22_ons 1791447055.161922188 96206000 79000 2159
load_G22_ons 1791447055.613709618 96206000 79000 2159
load_G22_ons 1791447055.867117278 96206000 79000 2159
load_G22_ons 1791447056.120781381 96206000 79000 2159
load_G22_ons 1791447056.373897722 96188000 79000 2159
load_G22_ons 1791447056.825525863 96188000 79000 2159
load_G22_ons 1791447057.079224321 96188000 79000 2159
load_G22_ons 1791447057.331917605 96188000 79000 2159
load_G22_ons 1791447057.585226419 95967000 79000 2159
load_G22_ons 1791447058.037174733 95967000 79000 2159
load_G22_ons 1791447058.291112793 95967000 79000 2159
load_G22_ons 1791447058.544558595 95967000 79000 2159
load_G22_ons 1791447058.797973419 96200000 79000 2140
load_G22_ons 1791447059.350485007 96200000 79000 2140
load_G22_ons 1791447059.603732255 96200000 79000 2140
load_G22_ons 1791447059.857312712 96200000 79000 2140
load_G22_ons 1791447060.110699603 95960000 79000 2140
load_G22_ons 1791447060.561234977 95960000 79000 2140
load_G22_ons 1791447060.814540675 95960000 79000 2140
load_G22_ons 1791447061.067681584 95960000 79000 2140
load_G22_ons 1791447061.321154628 95947000 80000 2040
load_G22_ons 1791447061.773815156 95947000 80000 2040
load_G22_ons 1791447062.026996060 95947000 80000 2040
load_G22_ons 1791447062.280191662 95947000 80000 2040
load_G22_ons 1791447062.533410076 95949000 79000 2159
load_G22_ons 1791447062.985940189 95949000 79000 2159
load_G22_ons 1791447063.239352069 95949000 79000 2159
load_G22_ons 1791447063.492978482 95949000 79000 2159
load_G22_ons 1791447063.746210132 96157000 79000 2159
load_G22_ons 1791447064.198049644 96157000 79000 2159
load_G22_ons 1791447064.451546674 96157000 79000 2159
load_G22_ons 1791447064.705401609 96157000 79000 2159
load_G22_ons 1791447064.958705305 95966000 79000 2159
load_G22_ons 1791447065.409026567 95966000 79000 2159
load_G22_ons 1791447065.662486407 95966000 79000 2159
load_G22_ons 1791447065.916139261 95966000 79000 2159
load_G22_ons 1791447066.169187846 95690000 80000 2159
load_G22_ons 1791447066.620882106 95690000 80000 2159
load_G22_ons 1791447066.874358287 95690000 80000 2159
load_G22_ons 1791447067.127506220 95690000 80000 2159
load_G22_ons 1791447067.380779269 95923000 79000 2140
load_G22_ons 1791447067.834382966 95923000 79000 2140
load_G22_ons 1791447068.088217433 95923000 79000 2140
load_G22_ons 1791447068.341659711 95923000 79000 2140
load_G22_ons 1791447068.595159207 96206000 79000 2159
load_G22_ons 1791447069.045504956 96206000 79000 2159
load_G22_ons 1791447069.298455979 96206000 79000 2159
load_G22_ons 1791447069.551902535 96206000 79000 2159
load_G22_ons 1791447069.804883334 95966000 79000 2159
load_G22_ons 1791447070.258999458 95966000 79000 2159
load_G22_ons 1791447070.512633668 95966000 79000 2159
load_G22_ons 1791447070.766163120 95966000 79000 2159
load_G22_ons 1791447071.019739110 96189000 79000 2159
load_G22_ons 1791447071.470013577 96189000 79000 2159
load_G22_ons 1791447071.723778423 96189000 79000 2159
load_G22_ons 1791447071.976762168 96189000 79000 2159
load_G22_ons 1791447072.230336796 95917000 80000 2159
load_G22_ons 1791447072.683147992 95917000 80000 2159
load_G22_ons 1791447072.936067065 95917000 80000 2159
load_G22_ons 1791447073.189454741 95917000 80000 2159
load_G22_ons 1791447073.442456600 95947000 79000 2140
load_G22_ons 1791447073.894477067 95947000 79000 2140
load_G22_ons 1791447074.148017802 95947000 79000 2140
load_G22_ons 1791447074.401695244 95947000 79000 2140
load_G22_ons 1791447074.655170856 96206000 79000 2159
load_G22_ons 1791447075.107191785 96206000 79000 2159
load_G22_ons 1791447075.360873876 96206000 79000 2159
load_G22_ons 1791447075.614331494 96206000 79000 2159
load_G22_ons 1791447075.867744519 96171000 79000 2159
load_G22_ons 1791447076.316935485 96171000 79000 2159
load_G22_ons 1791447076.570070797 96171000 79000 2159
load_G22_ons 1791447076.823487338 96171000 79000 2159
load_G22_ons 1791447077.077443977 95485000 79000 2159
load_G22_ons 1791447077.530448650 95485000 79000 2159
load_G22_ons 1791447077.783874068 95485000 79000 2159
load_G22_ons 1791447078.037022113 95485000 79000 2159
load_G22_ons 1791447078.290706239 95966000 80000 2159
load_G22_ons 1791447078.743165615 95966000 80000 2159
load_G22_ons 1791447078.996597155 95966000 80000 2159
load_G22_ons 1791447079.249867742 95966000 80000 2159
load_G22_ons 1791447079.503413146 95966000 79000 2159
load_G22_ons 1791447079.953815407 95966000 79000 2159
load_G22_ons 1791447080.207277635 95966000 79000 2159
load_G22_ons 1791447080.461279179 95966000 79000 2159
load_G22_ons 1791447080.714690331 95196000 79000 2159
load_G22_ons 1791447081.167625434 95196000 79000 2159
load_G22_ons 1791447081.420901963 95196000 79000 2159
load_G22_ons 1791447081.674466594 95196000 79000 2159
load_G22_ons 1791447081.927195761 95590000 79000 2159
load_G22_ons 1791447082.378709757 95590000 79000 2159
load_G22_ons 1791447082.631777192 95590000 79000 2159
load_G22_ons 1791447082.884879673 95590000 79000 2159
load_G22_ons 1791447083.137813827 95830000 81000 2159
load_G22_ons 1791447083.591903326 95830000 81000 2159
load_G22_ons 1791447083.844931537 95830000 81000 2159
load_G22_ons 1791447084.098115051 95830000 81000 2159
load_G22_ons 1791447084.351045518 95830000 80000 2159
load_G22_ons 1791447084.802542343 95830000 80000 2159
load_G22_ons 1791447085.056421387 95830000 80000 2159
load_G22_ons 1791447085.309458776 95830000 80000 2159
load_G22_ons 1791447085.562844180 95830000 80000 2159
load_G22_ons 1791447086.015262812 95830000 80000 2159
load_G22_ons 1791447086.268527379 95830000 80000 2159
load_G22_ons 1791447086.521881555 95830000 80000 2159
load_G22_ons 1791447086.775183112 96070000 80000 2159
load_G22_ons 1791447087.227851535 96070000 80000 2159
load_G22_ons 1791447087.480934911 96070000 80000 2159
load_G22_ons 1791447087.734444931 96070000 80000 2159
load_G22_ons 1791447087.987708536 96070000 79000 2159
load_G22_ons 1791447088.439311102 96070000 79000 2159
load_G22_ons 1791447088.693099957 96070000 79000 2159
load_G22_ons 1791447088.946466386 96070000 79000 2159
load_G22_ons 1791447089.199744890 95940000 79000 2159
load_G22_ons 1791447089.650026748 95940000 79000 2159
load_G22_ons 1791447089.903356769 95940000 79000 2159
load_G22_ons 1791447090.156879934 95940000 79000 2159
load_G22_ons 1791447090.410616171 95917000 79000 2140
load_G22_ons 1791447090.862592581 95917000 79000 2140
load_G22_ons 1791447091.115489206 95917000 79000 2140
load_G22_ons 1791447091.369264697 95917000 79000 2140
load_G22_ons 1791447091.622688755 95442000 81000 2159
idle2 1791447092.546439109 95442000 81000 2159
idle2 1791447092.799415795 93093000 79000 2159
idle2 1791447093.186169157 93093000 79000 2159
idle2 1791447093.439484441 93093000 79000 2159
idle2 1791447093.693013057 93093000 79000 2159
idle2 1791447093.946500546 79900000 62000 1920
idle2 1791447094.396946444 79900000 62000 1920
idle2 1791447094.650252210 79900000 62000 1920
idle2 1791447094.903772521 79900000 62000 1920
idle2 1791447095.157456400 79418000 63000 1920
idle2 1791447095.608769894 79418000 63000 1920
idle2 1791447095.862017601 79418000 63000 1920
idle2 1791447096.115771051 79418000 63000 1920
idle2 1791447096.369217543 79397000 62000 1920
idle2 1791447096.821300697 79397000 62000 1920
idle2 1791447097.075043618 79397000 62000 1920
idle2 1791447097.328790246 79397000 62000 1920
idle2 1791447097.582339712 79674000 62000 1920
idle2 1791447098.033345476 79674000 62000 1920
idle2 1791447098.286439054 79674000 62000 1920
idle2 1791447098.540157549 79674000 62000 1920
idle2 1791447098.793391140 79418000 62000 1920
idle2 1791447099.244791869 79418000 62000 1920
idle2 1791447099.497892851 79418000 62000 1920
idle2 1791447099.751181306 79418000 62000 1920
idle2 1791447100.004723308 79433000 62000 1920
idle2 1791447100.457325702 79433000 62000 1920
idle2 1791447100.710586495 79433000 62000 1920
idle2 1791447100.963704439 79433000 62000 1920
idle2 1791447101.217448022 79418000 62000 1920
idle2 1791447101.668423831 79418000 62000 1920
idle2 1791447101.921584767 79418000 62000 1920
idle2 1791447102.175648433 79418000 62000 1920
idle2 1791447102.428891853 79178000 63000 1920
idle2 1791447102.880599562 79178000 63000 1920
idle2 1791447103.133985602 79178000 63000 1920
idle2 1791447103.387332357 79178000 63000 1920
idle2 1791447103.640749666 78953000 62000 1920
idle2 1791447104.094359089 78953000 62000 1920
idle2 1791447104.347577402 78953000 62000 1920
idle2 1791447104.600992256 78953000 62000 1920
idle2 1791447104.854494646 79157000 62000 1899
idle2 1791447105.305564303 79157000 62000 1899
idle2 1791447105.558882395 79157000 62000 1899
idle2 1791447105.812550236 79157000 62000 1899
idle2 1791447106.065752160 78687000 62000 1920
idle2 1791447106.516930573 78687000 62000 1920
idle2 1791447106.770290374 78687000 62000 1920
idle2 1791447107.023710729 78687000 62000 1920
idle2 1791447107.277152434 78693000 62000 1899
idle2 1791447107.730190872 78693000 62000 1899
idle2 1791447107.983646323 78693000 62000 1899
idle2 1791447108.236796740 78693000 62000 1899
idle2 1791447108.490524755 78917000 62000 1899
idle2 1791447108.941622827 78917000 62000 1899
idle2 1791447109.195097044 78917000 62000 1899
idle2 1791447109.448468037 78917000 62000 1899
idle2 1791447109.701687935 78938000 62000 1920
idle2 1791447110.153589552 78938000 62000 1920
idle2 1791447110.407066013 78938000 62000 1920
idle2 1791447110.660449790 78938000 62000 1920
idle2 1791447110.913766160 78678000 61000 1920
idle2 1791447111.365586675 78678000 61000 1920
idle2 1791447111.618901883 78678000 61000 1920
idle2 1791447111.872000302 78678000 61000 1920
idle2 1791447112.125558157 78678000 62000 1899
idle2 1791447112.577102191 78678000 62000 1899
idle2 1791447112.830571039 78678000 62000 1899
idle2 1791447113.084017825 78678000 62000 1899
idle2 1791447113.337193841 78708000 61000 1899
idle2 1791447113.789416114 78708000 61000 1899
idle2 1791447114.042810952 78708000 61000 1899
idle2 1791447114.296373727 78708000 61000 1899
idle2 1791447114.549640013 78911000 62000 1899
idle2 1791447115.102307402 78911000 62000 1899
idle2 1791447115.355411402 78911000 62000 1899
idle2 1791447115.608938951 78911000 62000 1899
idle2 1791447115.862277003 78678000 62000 1899
idle2 1791447116.315081133 78678000 62000 1899
idle2 1791447116.568238805 78678000 62000 1899
idle2 1791447116.821377050 78678000 62000 1899
idle2 1791447117.074727636 78438000 62000 1899
idle2 1791447117.525825922 78438000 62000 1899
idle2 1791447117.779258813 78438000 62000 1899
idle2 1791447118.032399433 78438000 62000 1899
idle2 1791447118.285641044 78714000 61000 1899
idle2 1791447118.738793240 78714000 61000 1899
idle2 1791447118.992342150 78714000 61000 1899
idle2 1791447119.245697495 78714000 61000 1899
idle2 1791447119.498732907 78218000 61000 1899
idle2 1791447119.949442171 78218000 61000 1899
idle2 1791447120.202775856 78218000 61000 1899
idle2 1791447120.456463628 78218000 61000 1899
idle2 1791447120.709682586 78474000 62000 1899
idle2 1791447121.162932758 78474000 62000 1899
idle2 1791447121.416257606 78474000 62000 1899
idle2 1791447121.669447560 78474000 62000 1899
idle2 1791447121.922730729 78699000 62000 1899
idle2 1791447122.374094168 78699000 62000 1899
idle2 1791447122.627697161 78699000 62000 1899
idle2 1791447122.880940927 78699000 62000 1899
idle2 1791447123.134340295 78459000 61000 1899
idle2 1791447123.585429487 78459000 61000 1899
idle2 1791447123.838670948 78459000 61000 1899
idle2 1791447124.092257059 78459000 61000 1899
idle2 1791447124.345975679 78233000 61000 1899
idle2 1791447124.797495392 78233000 61000 1899
idle2 1791447125.050718860 78233000 61000 1899
idle2 1791447125.304297126 78233000 61000 1899
idle2 1791447125.557891403 78167000 61000 1899
idle2 1791447126.010032798 78167000 61000 1899
idle2 1791447126.263329043 78167000 61000 1899
idle2 1791447126.517108368 78167000 61000 1899
idle2 1791447126.770279989 78152000 61000 1899
idle2 1791447127.223869632 78152000 61000 1899
idle2 1791447127.477579267 78152000 61000 1899
idle2 1791447127.730902593 78152000 61000 1899
idle2 1791447127.984367777 78152000 61000 1899
idle2 1791447128.434751831 78152000 61000 1899
idle2 1791447128.688191547 78152000 61000 1899
idle2 1791447128.941520374 78152000 61000 1899
idle2 1791447129.195324738 78212000 61000 1899
idle2 1791447129.647058646 78212000 61000 1899
idle2 1791447129.900355222 78212000 61000 1899
idle2 1791447130.153580134 78212000 61000 1899
idle2 1791447130.406478911 78131000 61000 1899
idle2 1791447130.857583564 78131000 61000 1899
idle2 1791447131.110998233 78131000 61000 1899
idle2 1791447131.364322302 78131000 61000 1899
idle2 1791447131.617764293 77977000 61000 1880
idle2 1791447132.070846051 77977000 61000 1880
idle2 1791447132.324347624 77977000 61000 1880
idle2 1791447132.577857473 77977000 61000 1880
idle2 1791447132.831011251 78197000 61000 1899
idle2 1791447133.283015290 78197000 61000 1899
idle2 1791447133.536720076 78197000 61000 1899
idle2 1791447133.790189419 78197000 61000 1899
idle2 1791447134.044100674 78197000 61000 1899
idle2 1791447134.495384777 78197000 61000 1899
idle2 1791447134.748862796 78197000 61000 1899
idle2 1791447135.002210991 78197000 61000 1899
idle2 1791447135.255626713 77971000 61000 1899
idle2 1791447135.707433671 77971000 61000 1899
idle2 1791447135.960489976 77971000 61000 1899
idle2 1791447136.213910918 77971000 61000 1899
idle2 1791447136.467052895 77906000 61000 1899
idle2 1791447136.919105125 77906000 61000 1899
idle2 1791447137.172526959 77906000 61000 1899
idle2 1791447137.425953382 77906000 61000 1899
idle2 1791447137.679312678 78167000 61000 1880
idle2 1791447138.129602629 78167000 61000 1880
idle2 1791447138.382753783 78167000 61000 1880
idle2 1791447138.636168524 78167000 61000 1880
idle2 1791447138.889649119 77906000 61000 1899
idle2 1791447139.342718737 77906000 61000 1899
idle2 1791447139.596055602 77906000 61000 1899
idle2 1791447139.849309169 77906000 61000 1899
idle2 1791447140.102730393 77666000 61000 1899
idle2 1791447140.554312609 77666000 61000 1899
idle2 1791447140.807799235 77666000 61000 1899
idle2 1791447141.060937235 77666000 61000 1899
idle2 1791447141.314327671 77957000 61000 1880
idle2 1791447141.765572662 77957000 61000 1880
idle2 1791447142.018785243 77957000 61000 1880
idle2 1791447142.272172062 77957000 61000 1880
idle2 1791447142.525648971 77671000 60000 1880
idle2 1791447142.979241846 77671000 60000 1880
idle2 1791447143.232509762 77671000 60000 1880
idle2 1791447143.485487460 77671000 60000 1880
idle2 1791447143.738741679 77671000 60000 1899
idle2 1791447144.191089409 77671000 60000 1899
idle2 1791447144.444340473 77671000 60000 1899
idle2 1791447144.697639387 77671000 60000 1899
idle2 1791447144.950716753 77446000 60000 1899
idle2 1791447145.403068030 77446000 60000 1899
idle2 1791447145.656537025 77446000 60000 1899
idle2 1791447145.909751590 77446000 60000 1899
idle2 1791447146.162877378 77666000 61000 1880
idle2 1791447146.614917960 77666000 61000 1880
idle2 1791447146.868307736 77666000 61000 1880
idle2 1791447147.121699415 77666000 61000 1880
idle2 1791447147.375174942 77666000 60000 1880
idle2 1791447147.826116594 77666000 60000 1880
idle2 1791447148.079578355 77666000 60000 1880
idle2 1791447148.333101302 77666000 60000 1880
idle2 1791447148.586578392 77411000 60000 1880
idle2 1791447149.038138119 77411000 60000 1880
idle2 1791447149.291385877 77411000 60000 1880
idle2 1791447149.544530642 77411000 60000 1880
idle2 1791447149.797877747 77446000 61000 1880
idle2 1791447150.250407402 77446000 61000 1880
idle2 1791447150.504132951 77446000 61000 1880
idle2 1791447150.757874179 77446000 61000 1880
idle2 1791447151.011330421 77206000 61000 1880
idle2 1791447151.462463284 77206000 61000 1880
idle2 1791447151.715819848 77206000 61000 1880
idle2 1791447151.969205657 77206000 61000 1880
load_G32_tecT 1791447152.224726028 77446000 60000 1880
load_G32_tecT 1791447152.674534486 77446000 60000 1880
load_G32_tecT 1791447152.927888766 77446000 60000 1880
load_G32_tecT 1791447153.181139671 77446000 60000 1880
load_G32_tecT 1791447153.434784238 92299000 79000 2080
load_G32_tecT 1791447153.885881245 92299000 79000 2080
load_G32_tecT 1791447154.139203805 92299000 79000 2080
load_G32_tecT 1791447154.392485548 92299000 79000 2080
load_G32_tecT 1791447154.645909299 92298000 77000 2100
load_G32_tecT 1791447155.098670562 92298000 77000 2100
load_G32_tecT 1791447155.352210723 92298000 77000 2100
load_G32_tecT 1791447155.605700088 92298000 77000 2100
load_G32_tecT 1791447155.858796472 92269000 80000 2080
load_G32_tecT 1791447156.310752548 92269000 80000 2080
load_G32_tecT 1791447156.564252313 92269000 80000 2080
load_G32_tecT 1791447156.817690050 92269000 80000 2080
load_G32_tecT 1791447157.071038891 92407000 73000 2100
load_G32_tecT 1791447157.524334832 92407000 73000 2100
load_G32_tecT 1791447157.778268294 92407000 73000 2100
load_G32_tecT 1791447158.032355045 92407000 73000 2100
load_G32_tecT 1791447158.285982010 92522000 73000 2100
load_G32_tecT 1791447158.735969517 92522000 73000 2100
load_G32_tecT 1791447158.989623453 92522000 73000 2100
load_G32_tecT 1791447159.243280735 92522000 73000 2100
load_G32_tecT 1791447159.496561517 92516000 76000 2100
load_G32_tecT 1791447159.948255661 92516000 76000 2100
load_G32_tecT 1791447160.202031497 92516000 76000 2100
load_G32_tecT 1791447160.455689851 92516000 76000 2100
load_G32_tecT 1791447160.708973930 92688000 72000 2100
load_G32_tecT 1791447161.159924814 92688000 72000 2100
load_G32_tecT 1791447161.413125706 92688000 72000 2100
load_G32_tecT 1791447161.666718808 92688000 72000 2100
load_G32_tecT 1791447161.920127692 92522000 80000 2100
load_G32_tecT 1791447162.372865874 92522000 80000 2100
load_G32_tecT 1791447162.626602115 92522000 80000 2100
load_G32_tecT 1791447162.880074549 92522000 80000 2100
load_G32_tecT 1791447163.133392422 92534000 80000 2100
load_G32_tecT 1791447163.584730116 92534000 80000 2100
load_G32_tecT 1791447163.838709235 92534000 80000 2100
load_G32_tecT 1791447164.092960186 92534000 80000 2100
load_G32_tecT 1791447164.346545123 92934000 75000 2100
load_G32_tecT 1791447164.795730692 92934000 75000 2100
load_G32_tecT 1791447165.049542436 92934000 75000 2100
load_G32_tecT 1791447165.303376903 92934000 75000 2100
load_G32_tecT 1791447165.556808841 92282000 80000 2100
load_G32_tecT 1791447166.009020452 92282000 80000 2100
load_G32_tecT 1791447166.262884645 92282000 80000 2100
load_G32_tecT 1791447166.516140692 92282000 80000 2100
load_G32_tecT 1791447166.769577380 92517000 79000 2100
load_G32_tecT 1791447167.219110264 92517000 79000 2100
load_G32_tecT 1791447167.472882094 92517000 79000 2100
load_G32_tecT 1791447167.726646258 92517000 79000 2100
load_G32_tecT 1791447167.979990452 92522000 73000 2100
load_G32_tecT 1791447168.431763107 92522000 73000 2100
load_G32_tecT 1791447168.685523054 92522000 73000 2100
load_G32_tecT 1791447168.939497094 92522000 73000 2100
load_G32_tecT 1791447169.193074948 92540000 80000 2100
load_G32_tecT 1791447169.643781194 92540000 80000 2100
load_G32_tecT 1791447169.897540500 92540000 80000 2100
load_G32_tecT 1791447170.150882049 92540000 80000 2100
load_G32_tecT 1791447170.404284373 92756000 71000 2100
load_G32_tecT 1791447170.855520828 92756000 71000 2100
load_G32_tecT 1791447171.109508856 92756000 71000 2100
load_G32_tecT 1791447171.362820479 92756000 71000 2100
load_G32_tecT 1791447171.616544549 92744000 72000 2100
load_G32_tecT 1791447172.067938681 92744000 72000 2100
load_G32_tecT 1791447172.321474647 92744000 72000 2100
load_G32_tecT 1791447172.574660443 92744000 72000 2100
load_G32_tecT 1791447172.827957198 92517000 80000 2100
load_G32_tecT 1791447173.279779317 92517000 80000 2100
load_G32_tecT 1791447173.533422335 92517000 80000 2100
load_G32_tecT 1791447173.787325764 92517000 80000 2100
load_G32_tecT 1791447174.040711326 92534000 72000 2100
load_G32_tecT 1791447174.491370826 92534000 72000 2100
load_G32_tecT 1791447174.744646391 92534000 72000 2100
load_G32_tecT 1791447174.998298366 92534000 72000 2100
load_G32_tecT 1791447175.252637235 92514000 79000 2100
load_G32_tecT 1791447175.703838195 92514000 79000 2100
load_G32_tecT 1791447175.957675359 92514000 79000 2100
load_G32_tecT 1791447176.211191959 92514000 79000 2100
load_G32_tecT 1791447176.464561753 92774000 72000 2100
load_G32_tecT 1791447176.915907946 92774000 72000 2100
load_G32_tecT 1791447177.169534604 92774000 72000 2100
load_G32_tecT 1791447177.423027680 92774000 72000 2100
load_G32_tecT 1791447177.676376023 92978000 79000 2100
load_G32_tecT 1791447178.127285675 92978000 79000 2100
load_G32_tecT 1791447178.380763963 92978000 79000 2100
load_G32_tecT 1791447178.634971796 92978000 79000 2100
load_G32_tecT 1791447178.888639331 93002000 74000 2100
load_G32_tecT 1791447179.338420507 93002000 74000 2100
load_G32_tecT 1791447179.592024272 93002000 74000 2100
load_G32_tecT 1791447179.845586438 93002000 74000 2100
load_G32_tecT 1791447180.098963927 92805000 72000 2100
load_G32_tecT 1791447180.550243567 92805000 72000 2100
load_G32_tecT 1791447180.803655490 92805000 72000 2100
load_G32_tecT 1791447181.056971493 92805000 72000 2100
load_G32_tecT 1791447181.310245707 92821000 76000 2100
load_G32_tecT 1791447181.762613678 92821000 76000 2100
load_G32_tecT 1791447182.016552905 92821000 76000 2100
load_G32_tecT 1791447182.269786604 92821000 76000 2100
load_G32_tecT 1791447182.523012287 92581000 73000 2100
load_G32_tecT 1791447182.975583691 92581000 73000 2100
load_G32_tecT 1791447183.229246367 92581000 73000 2100
load_G32_tecT 1791447183.482792284 92581000 73000 2100
load_G32_tecT 1791447183.736049347 92583000 79000 2100
load_G32_tecT 1791447184.186415376 92583000 79000 2100
load_G32_tecT 1791447184.439955652 92583000 79000 2100
load_G32_tecT 1791447184.693461253 92583000 79000 2100
load_G32_tecT 1791447184.946954681 92773000 79000 2100
load_G32_tecT 1791447185.399356657 92773000 79000 2100
load_G32_tecT 1791447185.652626594 92773000 79000 2100
load_G32_tecT 1791447185.905883586 92773000 79000 2100
load_G32_tecT 1791447186.159617598 92829000 79000 2100
load_G32_tecT 1791447186.610832187 92829000 79000 2100
load_G32_tecT 1791447186.864235816 92829000 79000 2100
load_G32_tecT 1791447187.117350751 92829000 79000 2100
load_G32_tecT 1791447187.370916867 92548000 75000 2100
load_G32_tecT 1791447187.823460961 92548000 75000 2100
load_G32_tecT 1791447188.076414252 92548000 75000 2100
load_G32_tecT 1791447188.329534157 92548000 75000 2100
load_G32_tecT 1791447188.582765652 92779000 80000 2100
load_G32_tecT 1791447189.034438716 92779000 80000 2100
load_G32_tecT 1791447189.287731867 92779000 80000 2100
load_G32_tecT 1791447189.541112724 92779000 80000 2100
load_G32_tecT 1791447189.794578581 92546000 75000 2100
load_G32_tecT 1791447190.246810959 92546000 75000 2100
load_G32_tecT 1791447190.500113468 92546000 75000 2100
load_G32_tecT 1791447190.753605194 92546000 75000 2100
load_G32_tecT 1791447191.007055231 92827000 74000 2120
load_G32_tecT 1791447191.459159087 92827000 74000 2120
load_G32_tecT 1791447191.712629643 92827000 74000 2120
load_G32_tecT 1791447191.965935699 92827000 74000 2120
load_G32_tecT 1791447192.219299023 93003000 80000 2100
load_G32_tecT 1791447192.670907827 93003000 80000 2100
load_G32_tecT 1791447192.924114135 93003000 80000 2100
load_G32_tecT 1791447193.177545698 93003000 80000 2100
load_G32_tecT 1791447193.430954208 92827000 80000 2100
load_G32_tecT 1791447193.883674196 92827000 80000 2100
load_G32_tecT 1791447194.137020548 92827000 80000 2100
load_G32_tecT 1791447194.390038943 92827000 80000 2100
load_G32_tecT 1791447194.643254349 92845000 71000 2100
load_G32_tecT 1791447195.093938301 92845000 71000 2100
load_G32_tecT 1791447195.347384201 92845000 71000 2100
load_G32_tecT 1791447195.600053658 92845000 71000 2100
load_G32_tecT 1791447195.853728380 93025000 73000 2100
load_G32_tecT 1791447196.305745614 93025000 73000 2100
load_G32_tecT 1791447196.559295250 93025000 73000 2100
load_G32_tecT 1791447196.812700394 93025000 73000 2100
load_G32_tecT 1791447197.066210986 92779000 80000 2120
load_G32_tecT 1791447197.518574724 92779000 80000 2120
load_G32_tecT 1791447197.771793898 92779000 80000 2120
load_G32_tecT 1791447198.025063045 92779000 80000 2120
load_G32_tecT 1791447198.278371115 93001000 72000 2100
load_G32_tecT 1791447198.731120090 93001000 72000 2100
load_G32_tecT 1791447198.984530084 93001000 72000 2100
load_G32_tecT 1791447199.237205373 93001000 72000 2100
load_G32_tecT 1791447199.489949782 92845000 72000 2100
load_G32_tecT 1791447199.942505072 92845000 72000 2100
load_G32_tecT 1791447200.196385341 92845000 72000 2100
load_G32_tecT 1791447200.449531608 92845000 72000 2100
load_G32_tecT 1791447200.702781129 92845000 80000 2100
load_G32_tecT 1791447201.154676405 92845000 80000 2100
load_G32_tecT 1791447201.408177471 92845000 80000 2100
load_G32_tecT 1791447201.661700137 92845000 80000 2100
load_G32_tecT 1791447201.914921805 93019000 80000 2100
load_G32_tecT 1791447202.367801387 93019000 80000 2100
load_G32_tecT 1791447202.621310618 93019000 80000 2100
load_G32_tecT 1791447202.874295390 93019000 80000 2100
load_G32_tecT 1791447203.127685717 93001000 79000 2100
load_G32_tecT 1791447203.579452262 93001000 79000 2100
load_G32_tecT 1791447203.832946976 93001000 79000 2100
load_G32_tecT 1791447204.086324949 93001000 79000 2100
load_G32_tecT 1791447204.339737017 92797000 77000 2100
load_G32_tecT 1791447204.791303615 92797000 77000 2100
load_G32_tecT 1791447205.044899009 92797000 77000 2100
load_G32_tecT 1791447205.298457263 92797000 77000 2100
load_G32_tecT 1791447205.551745317 92521000 75000 2100
load_G32_tecT 1791447206.002190233 92521000 75000 2100
load_G32_tecT 1791447206.255534894 92521000 75000 2100
load_G32_tecT 1791447206.508572958 92521000 75000 2100
load_G32_tecT 1791447206.761774910 92823000 80000 2100
load_G32_tecT 1791447207.215094192 92823000 80000 2100
load_G32_tecT 1791447207.468537409 92823000 80000 2100
load_G32_tecT 1791447207.721705508 92823000 80000 2100
load_G32_tecT 1791447207.975506920 92821000 80000 2100
load_G32_tecT 1791447208.426723169 92821000 80000 2100
load_G32_tecT 1791447208.679906708 92821000 80000 2100
load_G32_tecT 1791447208.933014934 92821000 80000 2100
load_G32_tecT 1791447209.186392177 93547000 71000 2100
load_G32_tecT 1791447209.638428161 93547000 71000 2100
load_G32_tecT 1791447209.892376881 93547000 71000 2100
load_G32_tecT 1791447210.145111965 93547000 71000 2100
load_G32_tecT 1791447210.398591682 93079000 71000 2100
load_G32_tecT 1791447210.850461894 93079000 71000 2100
load_G32_tecT 1791447211.103944326 93079000 71000 2100
load_G32_tecT 1791447211.357455241 93079000 71000 2100
load_G32_tecT 1791447211.611102574 92997000 78000 2100
load_G32_tecT 1791447212.062741180 92997000 78000 2100
load_G32_tecT 1791447212.316168217 92997000 78000 2100
load_G32_tecT 1791447212.569408664 92997000 78000 2100
load_G32_tecT 1791447212.822843376 93045000 72000 2100
load_G32_tecT 1791447213.274987345 93045000 72000 2100
load_G32_tecT 1791447213.528548685 93045000 72000 2100
load_G32_tecT 1791447213.781261257 93045000 72000 2100
load_G32_tecT 1791447214.034625477 92565000 78000 2100
load_G32_tecT 1791447214.487273195 92565000 78000 2100
load_G32_tecT 1791447214.740736882 92565000 78000 2100
load_G32_tecT 1791447214.994010752 92565000 78000 2100
load_G32_tecT 1791447215.247205632 92811000 80000 2100
load_G32_tecT 1791447215.697912504 92811000 80000 2100
load_G32_tecT 1791447215.951303284 92811000 80000 2100
load_G32_tecT 1791447216.205092685 92811000 80000 2100
load_G32_tecT 1791447216.458417331 92319000 78000 2100
load_G32_tecT 1791447216.911682893 92319000 78000 2100
load_G32_tecT 1791447217.164927228 92319000 78000 2100
load_G32_tecT 1791447217.417897906 92319000 78000 2100
load_G32_tecT 1791447217.671459439 93308000 78000 2100
load_G32_tecT 1791447218.123557081 93308000 78000 2100
load_G32_tecT 1791447218.376685187 93308000 78000 2100
load_G32_tecT 1791447218.629903853 93308000 78000 2100
load_G32_tecT 1791447218.883458021 93542000 80000 2100
load_G32_tecT 1791447219.333660243 93542000 80000 2100
load_G32_tecT 1791447219.587010086 93542000 80000 2100
load_G32_tecT 1791447219.840538316 93542000 80000 2100
load_G32_tecT 1791447220.094123253 92845000 76000 2120
load_G32_tecT 1791447220.546663550 92845000 76000 2120
load_G32_tecT 1791447220.799911712 92845000 76000 2120
load_G32_tecT 1791447221.053066939 92845000 76000 2120
load_G32_tecT 1791447221.306214051 93019000 74000 2120
load_G32_tecT 1791447221.757730049 93019000 74000 2120
load_G32_tecT 1791447222.010979063 93019000 74000 2120
load_G32_tecT 1791447222.264191438 93019000 74000 2120
load_G32_tecT 1791447222.517708527 93565000 80000 2100
load_G32_tecT 1791447222.970745752 93565000 80000 2100
load_G32_tecT 1791447223.224109983 93565000 80000 2100
load_G32_tecT 1791447223.477592427 93565000 80000 2100
load_G32_tecT 1791447223.731089018 92845000 73000 2100
load_G32_tecT 1791447224.182179935 92845000 73000 2100
load_G32_tecT 1791447224.435249411 92845000 73000 2100
load_G32_tecT 1791447224.688259565 92845000 73000 2100
load_G32_tecT 1791447224.941605061 93019000 80000 2100
load_G32_tecT 1791447225.395297361 93019000 80000 2100
load_G32_tecT 1791447225.648614364 93019000 80000 2100
load_G32_tecT 1791447225.902076500 93019000 80000 2100
load_G32_tecT 1791447226.155541942 92811000 73000 2100
load_G32_tecT 1791447226.606554904 92811000 73000 2100
load_G32_tecT 1791447226.859960303 92811000 73000 2100
load_G32_tecT 1791447227.113332009 92811000 73000 2100
load_G32_tecT 1791447227.366623855 93290000 71000 2100
load_G32_tecT 1791447227.818971071 93290000 71000 2100
load_G32_tecT 1791447228.072326386 93290000 71000 2100
load_G32_tecT 1791447228.325124972 93290000 71000 2100
load_G32_tecT 1791447228.578584334 92605000 80000 2100
load_G32_tecT 1791447229.031532332 92605000 80000 2100
load_G32_tecT 1791447229.284978528 92605000 80000 2100
load_G32_tecT 1791447229.538206334 92605000 80000 2100
load_G32_tecT 1791447229.791328790 93085000 78000 2100
load_G32_tecT 1791447230.243679003 93085000 78000 2100
load_G32_tecT 1791447230.497031483 93085000 78000 2100
load_G32_tecT 1791447230.750326645 93085000 78000 2100
load_G32_tecT 1791447231.003830571 92845000 80000 2100
load_G32_tecT 1791447231.455498408 92845000 80000 2100
load_G32_tecT 1791447231.709162045 92845000 80000 2100
load_G32_tecT 1791447231.961890960 92845000 80000 2100
load_G32_tecT 1791447232.215457384 93085000 74000 2100
load_G32_tecT 1791447232.667453620 93085000 74000 2100
load_G32_tecT 1791447232.920841097 93085000 74000 2100
load_G32_tecT 1791447233.173835563 93085000 74000 2100
load_G32_tecT 1791447233.426949444 93325000 76000 2120
load_G32_tecT 1791447233.879207644 93325000 76000 2120
load_G32_tecT 1791447234.132314001 93325000 76000 2120
load_G32_tecT 1791447234.385831683 93325000 76000 2120
load_G32_tecT 1791447234.639247844 93085000 78000 2100
load_G32_tecT 1791447235.091204136 93085000 78000 2100
load_G32_tecT 1791447235.344923749 93085000 78000 2100
load_G32_tecT 1791447235.597809801 93085000 78000 2100
load_G32_tecT 1791447235.851215763 93309000 80000 2100
load_G32_tecT 1791447236.303072868 93309000 80000 2100
load_G32_tecT 1791447236.556558911 93309000 80000 2100
load_G32_tecT 1791447236.809893829 93309000 80000 2100
load_G32_tecT 1791447237.063479439 92845000 74000 2100
load_G32_tecT 1791447237.515356542 92845000 74000 2100
load_G32_tecT 1791447237.768845301 92845000 74000 2100
load_G32_tecT 1791447238.022407077 92845000 74000 2100
load_G32_tecT 1791447238.275847344 93085000 79000 2100
load_G32_tecT 1791447238.726521060 93085000 79000 2100
load_G32_tecT 1791447238.979810502 93085000 79000 2100
load_G32_tecT 1791447239.232870924 93085000 79000 2100
load_G32_tecT 1791447239.486185033 93051000 77000 2100
load_G32_tecT 1791447239.938090971 93051000 77000 2100
load_G32_tecT 1791447240.191265898 93051000 77000 2100
load_G32_tecT 1791447240.444662644 93051000 77000 2100
load_G32_tecT 1791447240.698000629 93062000 80000 2120
load_G32_tecT 1791447241.150685505 93062000 80000 2120
load_G32_tecT 1791447241.404158684 93062000 80000 2120
load_G32_tecT 1791447241.657836459 93062000 80000 2120
load_G32_tecT 1791447241.911079675 93548000 74000 2100
load_G32_tecT 1791447242.362493747 93548000 74000 2100
load_G32_tecT 1791447242.615584747 93548000 74000 2100
load_G32_tecT 1791447242.868600955 93548000 74000 2100
load_G32_tecT 1791447243.122132595 93069000 73000 2100
load_G32_tecT 1791447243.574298745 93069000 73000 2100
load_G32_tecT 1791447243.827464896 93069000 73000 2100
load_G32_tecT 1791447244.080993430 93069000 73000 2100
load_G32_tecT 1791447244.334479635 93565000 72000 2100
load_G32_tecT 1791447244.787322199 93565000 72000 2100
load_G32_tecT 1791447245.040662549 93565000 72000 2100
load_G32_tecT 1791447245.293565805 93565000 72000 2100
load_G32_tecT 1791447245.546935861 93299000 75000 2120
load_G32_tecT 1791447245.999862003 93299000 75000 2120
load_G32_tecT 1791447246.253387302 93299000 75000 2120
load_G32_tecT 1791447246.506251875 93299000 75000 2120
load_G32_tecT 1791447246.759569573 93067000 79000 2120
load_G32_tecT 1791447247.211914821 93067000 79000 2120
load_G32_tecT 1791447247.465480365 93067000 79000 2120
load_G32_tecT 1791447247.718775550 93067000 79000 2120
load_G32_tecT 1791447247.972222521 93319000 72000 2100
load_G32_tecT 1791447248.422672368 93319000 72000 2100
load_G32_tecT 1791447248.676269112 93319000 72000 2100
load_G32_tecT 1791447248.929908876 93319000 72000 2100
load_G32_tecT 1791447249.183429166 93085000 72000 2120
load_G32_tecT 1791447249.634913663 93085000 72000 2120
load_G32_tecT 1791447249.888165707 93085000 72000 2120
load_G32_tecT 1791447250.141656671 93085000 72000 2120
load_G32_tecT 1791447250.395102641 93307000 79000 2100
load_G32_tecT 1791447250.847342521 93307000 79000 2100
load_G32_tecT 1791447251.100798419 93307000 79000 2100
load_G32_tecT 1791447251.354216046 93307000 79000 2100
load_G32_tecT 1791447251.607565153 93325000 80000 2100
load_G32_tecT 1791447252.059240460 93325000 80000 2100
load_G32_tecT 1791447252.312764978 93325000 80000 2100
load_G32_tecT 1791447252.566321186 93325000 80000 2100
load_G32_tecT 1791447252.819545178 93085000 75000 2120
load_G32_tecT 1791447253.270649179 93085000 75000 2120
load_G32_tecT 1791447253.524242657 93085000 75000 2120
load_G32_tecT 1791447253.777792212 93085000 75000 2120
load_G32_tecT 1791447254.031396671 93019000 79000 2120
load_G32_tecT 1791447254.483930406 93019000 79000 2120
load_G32_tecT 1791447254.737420129 93019000 79000 2120
load_G32_tecT 1791447254.990880607 93019000 79000 2120
load_G32_tecT 1791447255.244361082 93325000 75000 2100
load_G32_tecT 1791447255.695700838 93325000 75000 2100
load_G32_tecT 1791447255.948859898 93325000 75000 2100
load_G32_tecT 1791447256.202402711 93325000 75000 2100
load_G32_tecT 1791447256.455925446 93548000 79000 2120
load_G32_tecT 1791447256.906923017 93548000 79000 2120
load_G32_tecT 1791447257.159953185 93548000 79000 2120
load_G32_tecT 1791447257.412849970 93548000 79000 2120
load_G32_tecT 1791447257.666228775 93085000 80000 2120
load_G32_tecT 1791447258.119202290 93085000 80000 2120
load_G32_tecT 1791447258.372535047 93085000 80000 2120
load_G32_tecT 1791447258.626147732 93085000 80000 2120
load_G32_tecT 1791447258.879417822 93319000 73000 2120
load_G32_tecT 1791447259.330496928 93319000 73000 2120
load_G32_tecT 1791447259.583760535 93319000 73000 2120
load_G32_tecT 1791447259.837088303 93319000 73000 2120
load_G32_tecT 1791447260.090380244 93069000 72000 2100
load_G32_tecT 1791447260.543516827 93069000 72000 2100
load_G32_tecT 1791447260.796724029 93069000 72000 2100
load_G32_tecT 1791447261.050571857 93069000 72000 2100
load_G32_tecT 1791447261.303833151 93019000 76000 2120
load_G32_tecT 1791447261.753795903 93019000 76000 2120
load_G32_tecT 1791447262.007009237 93019000 76000 2120
load_G32_tecT 1791447262.260358666 93019000 76000 2120
load_G32_tecT 1791447262.513737481 93067000 78000 2100
load_G32_tecT 1791447262.966592574 93067000 78000 2100
load_G32_tecT 1791447263.220112666 93067000 78000 2100
load_G32_tecT 1791447263.473667923 93067000 78000 2100
load_G32_tecT 1791447263.727111541 93325000 80000 2100
load_G32_tecT 1791447264.179918122 93325000 80000 2100
load_G32_tecT 1791447264.433183965 93325000 80000 2100
load_G32_tecT 1791447264.686544626 93325000 80000 2100
load_G32_tecT 1791447264.940078383 93325000 80000 2100
load_G32_tecT 1791447265.391055970 93325000 80000 2100
load_G32_tecT 1791447265.644234949 93325000 80000 2100
load_G32_tecT 1791447265.897705267 93325000 80000 2100
load_G32_tecT 1791447266.151268169 93547000 80000 2100
load_G32_tecT 1791447266.602689211 93547000 80000 2100
load_G32_tecT 1791447266.856131917 93547000 80000 2100
load_G32_tecT 1791447267.109622453 93547000 80000 2100
load_G32_tecT 1791447267.363155379 92845000 77000 2100
load_G32_tecT 1791447267.814695296 92845000 77000 2100
load_G32_tecT 1791447268.068012155 92845000 77000 2100
load_G32_tecT 1791447268.321106024 92845000 77000 2100
load_G32_tecT 1791447268.574518714 93085000 78000 2120
load_G32_tecT 1791447269.026581365 93085000 78000 2120
load_G32_tecT 1791447269.280007721 93085000 78000 2120
load_G32_tecT 1791447269.533314732 93085000 78000 2120
load_G32_tecT 1791447269.786559405 93069000 73000 2100
load_G32_tecT 1791447270.239852415 93069000 73000 2100
load_G32_tecT 1791447270.493118179 93069000 73000 2100
load_G32_tecT 1791447270.746496624 93069000 73000 2100
load_G32_tecT 1791447270.999846346 93310000 74000 2100
load_G32_tecT 1791447271.452060032 93310000 74000 2100
load_G32_tecT 1791447271.705484705 93310000 74000 2100
load_G32_tecT 1791447271.958712708 93310000 74000 2100
load_G32_tecT 1791447272.212163149 93548000 78000 2120
load_G32_tecT 1791447272.662382428 93548000 78000 2120
load_G32_tecT 1791447272.915781032 93548000 78000 2120
load_G32_tecT 1791447273.169178093 93548000 78000 2120
load_G32_tecT 1791447273.422494402 91628000 80000 2120
load_G32_tecT 1791447273.874485711 91628000 80000 2120
load_G32_tecT 1791447274.127891558 91628000 80000 2120
load_G32_tecT 1791447274.381228947 91628000 80000 2120
load_G32_tecT 1791447274.634778165 93325000 74000 2120
load_G32_tecT 1791447275.088087908 93325000 74000 2120
load_G32_tecT 1791447275.341191176 93325000 74000 2120
load_G32_tecT 1791447275.594666464 93325000 74000 2120
load_G32_tecT 1791447275.848304580 93282000 80000 2120
load_G32_tecT 1791447276.300030119 93282000 80000 2120
load_G32_tecT 1791447276.553634541 93282000 80000 2120
load_G32_tecT 1791447276.807007286 93282000 80000 2120
load_G32_tecT 1791447277.060480291 93085000 79000 2100
load_G32_tecT 1791447277.511677695 93085000 79000 2100
load_G32_tecT 1791447277.764745055 93085000 79000 2100
load_G32_tecT 1791447278.018289144 93085000 79000 2100
load_G32_tecT 1791447278.271594583 93325000 74000 2120
load_G32_tecT 1791447278.723705318 93325000 74000 2120
load_G32_tecT 1791447278.976948440 93325000 74000 2120
load_G32_tecT 1791447279.229836242 93325000 74000 2120
load_G32_tecT 1791447279.483028509 93325000 80000 2100
load_G32_tecT 1791447280.035934400 93325000 80000 2100
load_G32_tecT 1791447280.289054871 93325000 80000 2100
load_G32_tecT 1791447280.542318813 93325000 80000 2100
load_G32_tecT 1791447280.795939827 93085000 74000 2120
load_G32_tecT 1791447281.349118082 93085000 74000 2120
load_G32_tecT 1791447281.602534782 93085000 74000 2120
load_G32_tecT 1791447281.855557499 93085000 74000 2120
load_G32_tecT 1791447282.109003223 93325000 80000 2120
load_G32_tecT 1791447282.560947074 93325000 80000 2120
load_G32_tecT 1791447282.814469964 93325000 80000 2120
load_G32_tecT 1791447283.068041184 93325000 80000 2120
load_G32_tecT 1791447283.321282884 93085000 78000 2120
load_G32_tecT 1791447283.773069930 93085000 78000 2120
load_G32_tecT 1791447284.026977585 93085000 78000 2120
load_G32_tecT 1791447284.280550780 93085000 78000 2120
load_G32_tecT 1791447284.533906535 93499000 75000 2100
load_G32_tecT 1791447284.986141495 93499000 75000 2100
load_G32_tecT 1791447285.239781085 93499000 75000 2100
load_G32_tecT 1791447285.492831074 93499000 75000 2100
load_G32_tecT 1791447285.746315111 93013000 72000 2120
load_G32_tecT 1791447286.198902977 93013000 72000 2120
load_G32_tecT 1791447286.452115252 93013000 72000 2120
load_G32_tecT 1791447286.705470436 93013000 72000 2120
load_G32_tecT 1791447286.958669336 93285000 79000 2100
load_G32_tecT 1791447287.408687260 93285000 79000 2100
load_G32_tecT 1791447287.661917649 93285000 79000 2100
load_G32_tecT 1791447287.915434538 93285000 79000 2100
load_G32_tecT 1791447288.168918966 93259000 80000 2120
load_G32_tecT 1791447288.621951620 93259000 80000 2120
load_G32_tecT 1791447288.875272440 93259000 80000 2120
load_G32_tecT 1791447289.128292613 93259000 80000 2120
load_G32_tecT 1791447289.381654471 93525000 73000 2100
load_G32_tecT 1791447289.933606999 93525000 73000 2100
load_G32_tecT 1791447290.186705089 93525000 73000 2100
load_G32_tecT 1791447290.439929959 93525000 73000 2100
load_G32_tecT 1791447290.692775483 93301000 72000 2120
load_G32_tecT 1791447291.146104026 93301000 72000 2120
load_G32_tecT 1791447291.399495569 93301000 72000 2120
load_G32_tecT 1791447291.652912500 93301000 72000 2120
load_G32_tecT 1791447291.906497168 93541000 72000 2120
load_G32_tecT 1791447292.359192578 93541000 72000 2120
load_G32_tecT 1791447292.612524229 93541000 72000 2120
load_G32_tecT 1791447292.865822266 93541000 72000 2120
load_G32_tecT 1791447293.119406893 93516000 72000 2100
load_G32_tecT 1791447293.569391025 93516000 72000 2100
load_G32_tecT 1791447293.822094122 93516000 72000 2100
load_G32_tecT 1791447294.075383793 93516000 72000 2100
load_G32_tecT 1791447294.327995388 93302000 72000 2120
load_G32_tecT 1791447294.782881426 93302000 72000 2120
load_G32_tecT 1791447295.036374742 93302000 72000 2120
load_G32_tecT 1791447295.289890821 93302000 72000 2120
load_G32_tecT 1791447295.543351404 93517000 72000 2100
load_G32_tecT 1791447295.994557299 93517000 72000 2100
load_G32_tecT 1791447296.247846069 93517000 72000 2100
load_G32_tecT 1791447296.501080578 93517000 72000 2100
load_G32_tecT 1791447296.754538888 93043000 80000 2100
load_G32_tecT 1791447297.205636318 93043000 80000 2100
load_G32_tecT 1791447297.458601058 93043000 80000 2100
load_G32_tecT 1791447297.711987182 93043000 80000 2100
load_G32_tecT 1791447297.965084422 93278000 73000 2100
load_G32_tecT 1791447298.417795303 93278000 73000 2100
load_G32_tecT 1791447298.671178041 93278000 73000 2100
load_G32_tecT 1791447298.924716101 93278000 73000 2100
load_G32_tecT 1791447299.178429592 93319000 80000 2100
load_G32_tecT 1791447299.631147477 93319000 80000 2100
load_G32_tecT 1791447299.884882348 93319000 80000 2100
load_G32_tecT 1791447300.138274334 93319000 80000 2100
load_G32_tecT 1791447300.391677270 93019000 73000 2120
load_G32_tecT 1791447300.843036234 93019000 73000 2120
load_G32_tecT 1791447301.096144625 93019000 73000 2120
load_G32_tecT 1791447301.349899956 93019000 73000 2120
load_G32_tecT 1791447301.602875446 93516000 72000 2120
idle3 1791447302.619059529 93516000 72000 2120
idle3 1791447302.872504465 93510000 80000 2120
idle3 1791447303.266257954 93510000 80000 2120
idle3 1791447303.519980282 93510000 80000 2120
idle3 1791447303.773396594 93510000 80000 2120
idle3 1791447304.026843083 78426000 62000 1899
idle3 1791447304.478460635 78426000 62000 1899
idle3 1791447304.731149476 78426000 62000 1899
idle3 1791447304.984622004 78426000 62000 1899
idle3 1791447305.237692715 78191000 61000 1899
idle3 1791447305.690764257 78191000 61000 1899
idle3 1791447305.944030827 78191000 61000 1899
idle3 1791447306.197702471 78191000 61000 1899
idle3 1791447306.451464835 78204000 61000 1899
idle3 1791447306.903138113 78204000 61000 1899
idle3 1791447307.156675493 78204000 61000 1899
idle3 1791447307.410493473 78204000 61000 1899
idle3 1791447307.663937096 78218000 61000 1899
idle3 1791447308.113730823 78218000 61000 1899
idle3 1791447308.366646582 78218000 61000 1899
idle3 1791447308.620162092 78218000 61000 1899
idle3 1791447308.873091066 78183000 61000 1899
idle3 1791447309.326084382 78183000 61000 1899
idle3 1791447309.579513759 78183000 61000 1899
idle3 1791447309.832880920 78183000 61000 1899
idle3 1791447310.086365982 78167000 61000 1899
idle3 1791447310.539109848 78167000 61000 1899
idle3 1791447310.792434919 78167000 61000 1899
idle3 1791447311.045844629 78167000 61000 1899
idle3 1791447311.299058280 78204000 61000 1899
idle3 1791447311.749763265 78204000 61000 1899
idle3 1791447312.002743837 78204000 61000 1899
idle3 1791447312.256174567 78204000 61000 1899
idle3 1791447312.509277419 78140000 61000 1899
idle3 1791447312.961828924 78140000 61000 1899
idle3 1791447313.215284731 78140000 61000 1899
idle3 1791447313.468992434 78140000 61000 1899
idle3 1791447313.722220492 78197000 61000 1899
idle3 1791447314.173714264 78197000 61000 1899
idle3 1791447314.427465779 78197000 61000 1899
idle3 1791447314.680757357 78197000 61000 1899
idle3 1791447314.934307973 78218000 61000 1899
idle3 1791447315.387550290 78218000 61000 1899
idle3 1791447315.640755075 78218000 61000 1899
idle3 1791447315.894358802 78218000 61000 1899
idle3 1791447316.147356967 77906000 60000 1899
idle3 1791447316.597850064 77906000 60000 1899
idle3 1791447316.851307205 77906000 60000 1899
idle3 1791447317.104686138 77906000 60000 1899
idle3 1791447317.358146264 77911000 60000 1880
idle3 1791447317.811132058 77911000 60000 1880
idle3 1791447318.064650595 77911000 60000 1880
idle3 1791447318.318220197 77911000 60000 1880
idle3 1791447318.571631672 77971000 60000 1899
idle3 1791447319.021496245 77971000 60000 1899
idle3 1791447319.274472820 77971000 60000 1899
idle3 1791447319.527701231 77971000 60000 1899
idle3 1791447319.781414865 77891000 60000 1880
idle3 1791447320.235184516 77891000 60000 1880
idle3 1791447320.488605099 77891000 60000 1880
idle3 1791447320.742000584 77891000 60000 1880
idle3 1791447320.995379497 77686000 61000 1880
idle3 1791447321.445374016 77686000 61000 1880
idle3 1791447321.698732641 77686000 61000 1880
idle3 1791447321.952127605 77686000 61000 1880
idle3 1791447322.205425327 77651000 60000 1880
idle3 1791447322.658090357 77651000 60000 1880
idle3 1791447322.911703683 77651000 60000 1880
idle3 1791447323.165053673 77651000 60000 1880
idle3 1791447323.417944256 77411000 61000 1880
idle3 1791447323.870483951 77411000 61000 1880
idle3 1791447324.123666736 77411000 61000 1880
idle3 1791447324.376863908 77411000 61000 1880
idle3 1791447324.630244986 77411000 60000 1880
idle3 1791447325.081917677 77411000 60000 1880
idle3 1791447325.335274530 77411000 60000 1880
idle3 1791447325.588414214 77411000 60000 1880
idle3 1791447325.841702768 77651000 61000 1880
idle3 1791447326.294155069 77651000 61000 1880
idle3 1791447326.546927170 77651000 61000 1880
idle3 1791447326.800408618 77651000 61000 1880
idle3 1791447327.053784777 77686000 60000 1880
idle3 1791447327.506244162 77686000 60000 1880
idle3 1791447327.759560108 77686000 60000 1880
idle3 1791447328.013410721 77686000 60000 1880
idle3 1791447328.266504910 77666000 61000 1880
idle3 1791447328.719037382 77666000 61000 1880
idle3 1791447328.972516465 77666000 61000 1880
idle3 1791447329.225786846 77666000 61000 1880
idle3 1791447329.479439327 77411000 61000 1880
idle3 1791447329.930697889 77411000 61000 1880
idle3 1791447330.183760157 77411000 61000 1880
idle3 1791447330.437701241 77411000 61000 1880
idle3 1791447330.691093772 77405000 60000 1880
idle3 1791447331.141967129 77405000 60000 1880
idle3 1791447331.395033535 77405000 60000 1880
idle3 1791447331.648285201 77405000 60000 1880
idle3 1791447331.901753965 77652000 60000 1880
idle3 1791447332.355131170 77652000 60000 1880
idle3 1791447332.608401000 77652000 60000 1880
idle3 1791447332.862022904 77652000 60000 1880
idle3 1791447333.115787225 77411000 61000 1880
idle3 1791447333.565738735 77411000 61000 1880
idle3 1791447333.818881235 77411000 61000 1880
idle3 1791447334.072360149 77411000 61000 1880
idle3 1791447334.325792887 77176000 60000 1880
idle3 1791447334.777661189 77176000 60000 1880
idle3 1791447335.030892416 77176000 60000 1880
idle3 1791447335.284360841 77176000 60000 1880
idle3 1791447335.537677549 77165000 60000 1880
idle3 1791447335.989312642 77165000 60000 1880
idle3 1791447336.242745490 77165000 60000 1880
idle3 1791447336.495999060 77165000 60000 1880
idle3 1791447336.749538087 77426000 60000 1880
idle3 1791447337.201722987 77426000 60000 1880
idle3 1791447337.454694996 77426000 60000 1880
idle3 1791447337.708122514 77426000 60000 1880
idle3 1791447337.961334195 77426000 60000 1880
idle3 1791447338.415398125 77426000 60000 1880
idle3 1791447338.668941321 77426000 60000 1880
idle3 1791447338.921956722 77426000 60000 1880
idle3 1791447339.174982824 77191000 60000 1880
idle3 1791447339.626788289 77191000 60000 1880
idle3 1791447339.880294565 77191000 60000 1880
idle3 1791447340.133831960 77191000 60000 1880
idle3 1791447340.387296929 77186000 60000 1880
idle3 1791447340.837488503 77186000 60000 1880
idle3 1791447341.090564549 77186000 60000 1880
idle3 1791447341.344100952 77186000 60000 1880
idle3 1791447341.597687420 77206000 60000 1880
idle3 1791447342.049822627 77206000 60000 1880
idle3 1791447342.303238774 77206000 60000 1880
idle3 1791447342.556712499 77206000 60000 1880
idle3 1791447342.810040971 77186000 60000 1880
idle3 1791447343.261724938 77186000 60000 1880
idle3 1791447343.515246434 77186000 60000 1880
idle3 1791447343.768546973 77186000 60000 1880
idle3 1791447344.022051116 77191000 60000 1880
idle3 1791447344.473439516 77191000 60000 1880
idle3 1791447344.727515196 77191000 60000 1880
idle3 1791447344.980976278 77191000 60000 1880
idle3 1791447345.234444493 77206000 60000 1880
idle3 1791447345.686040916 77206000 60000 1880
idle3 1791447345.939496407 77206000 60000 1880
idle3 1791447346.192876116 77206000 60000 1880
idle3 1791447346.446328642 77191000 61000 1880
idle3 1791447346.898306714 77191000 61000 1880
idle3 1791447347.151763188 77191000 61000 1880
idle3 1791447347.405194774 77191000 61000 1880
idle3 1791447347.658231497 77186000 60000 1860
idle3 1791447348.110372506 77186000 60000 1860
idle3 1791447348.363685730 77186000 60000 1860
idle3 1791447348.616854652 77186000 60000 1860
idle3 1791447348.870258787 76946000 60000 1880
idle3 1791447349.322867398 76946000 60000 1880
idle3 1791447349.576096874 76946000 60000 1880
idle3 1791447349.829666070 76946000 60000 1880
idle3 1791447350.083532066 76947000 60000 1880
idle3 1791447350.534403073 76947000 60000 1880
idle3 1791447350.787775018 76947000 60000 1880
idle3 1791447351.041184273 76947000 60000 1880
idle3 1791447351.294686193 77206000 61000 1880
idle3 1791447351.746551173 77206000 61000 1880
idle3 1791447351.999976098 77206000 61000 1880
idle3 1791447352.253573778 77206000 61000 1880
idle3 1791447352.507382456 77191000 60000 1880
idle3 1791447352.958713771 77191000 60000 1880
idle3 1791447353.212257229 77191000 60000 1880
idle3 1791447353.465542601 77191000 60000 1880
idle3 1791447353.718849062 76707000 60000 1880
idle3 1791447354.169972255 76707000 60000 1880
idle3 1791447354.423694661 76707000 60000 1880
idle3 1791447354.677177204 76707000 60000 1880
idle3 1791447354.930770076 76966000 60000 1880
idle3 1791447355.383304679 76966000 60000 1880
idle3 1791447355.637019049 76966000 60000 1880
idle3 1791447355.890437963 76966000 60000 1880
idle3 1791447356.143721382 76966000 60000 1880
idle3 1791447356.594476391 76966000 60000 1880
idle3 1791447356.848507238 76966000 60000 1880
idle3 1791447357.101917065 76966000 60000 1880
idle3 1791447357.355280705 76707000 60000 1880
idle3 1791447357.807026522 76707000 60000 1880
idle3 1791447358.060492786 76707000 60000 1880
idle3 1791447358.313879399 76707000 60000 1880
idle3 1791447358.567282263 76725000 60000 1880
idle3 1791447359.017506663 76725000 60000 1880
idle3 1791447359.270702257 76725000 60000 1880
idle3 1791447359.524218735 76725000 60000 1880
idle3 1791447359.777998499 76945000 60000 1880
idle3 1791447360.230581875 76945000 60000 1880
idle3 1791447360.483998645 76945000 60000 1880
idle3 1791447360.737527707 76945000 60000 1880
idle3 1791447360.990975336 76471000 59000 1880
idle3 1791447361.443101491 76471000 59000 1880
idle3 1791447361.696402764 76471000 59000 1880
idle3 1791447361.949608717 76471000 59000 1880
load_G1_ons_o 1791447362.205677555 76690000 60000 1860
load_G1_ons_o 1791447362.654267066 76690000 60000 1860
load_G1_ons_o 1791447362.907363062 76690000 60000 1860
load_G1_ons_o 1791447363.160934324 76690000 60000 1860
load_G1_ons_o 1791447363.414596577 92275000 76000 2100
load_G1_ons_o 1791447363.866875630 92275000 76000 2100
load_G1_ons_o 1791447364.120354538 92275000 76000 2100
load_G1_ons_o 1791447364.374188325 92275000 76000 2100
load_G1_ons_o 1791447364.627723088 92564000 77000 2100
load_G1_ons_o 1791447365.078313880 92564000 77000 2100
load_G1_ons_o 1791447365.331578775 92564000 77000 2100
load_G1_ons_o 1791447365.584968245 92564000 77000 2100
load_G1_ons_o 1791447365.838584161 93003000 77000 2100
load_G1_ons_o 1791447366.291081166 93003000 77000 2100
load_G1_ons_o 1791447366.544334409 93003000 77000 2100
load_G1_ons_o 1791447366.797926771 93003000 77000 2100
load_G1_ons_o 1791447367.051095384 92779000 76000 1979
load_G1_ons_o 1791447367.503680275 92779000 76000 1979
load_G1_ons_o 1791447367.757120180 92779000 76000 1979
load_G1_ons_o 1791447368.010615649 92779000 76000 1979
load_G1_ons_o 1791447368.263754457 93019000 77000 2100
load_G1_ons_o 1791447368.715202074 93019000 77000 2100
load_G1_ons_o 1791447368.968620790 93019000 77000 2100
load_G1_ons_o 1791447369.222096252 93019000 77000 2100
load_G1_ons_o 1791447369.475518544 92761000 76000 2100
load_G1_ons_o 1791447369.926311157 92761000 76000 2100
load_G1_ons_o 1791447370.179675189 92761000 76000 2100
load_G1_ons_o 1791447370.433141404 92761000 76000 2100
load_G1_ons_o 1791447370.686664577 92301000 77000 2100
load_G1_ons_o 1791447371.138850997 92301000 77000 2100
load_G1_ons_o 1791447371.392293237 92301000 77000 2100
load_G1_ons_o 1791447371.645533476 92301000 77000 2100
load_G1_ons_o 1791447371.899296961 90614000 75000 2100
load_G1_ons_o 1791447372.351409673 90614000 75000 2100
load_G1_ons_o 1791447372.604794965 90614000 75000 2100
load_G1_ons_o 1791447372.858231114 90614000 75000 2100
load_G1_ons_o 1791447373.111445014 93013000 77000 2100
load_G1_ons_o 1791447373.562415413 93013000 77000 2100
load_G1_ons_o 1791447373.815702521 93013000 77000 2100
load_G1_ons_o 1791447374.068990650 93013000 77000 2100
load_G1_ons_o 1791447374.322560421 93019000 76000 2060
load_G1_ons_o 1791447374.774026294 93019000 76000 2060
load_G1_ons_o 1791447375.027357135 93019000 76000 2060
load_G1_ons_o 1791447375.280748138 93019000 76000 2060
load_G1_ons_o 1791447375.534470166 92761000 77000 2100
load_G1_ons_o 1791447375.985946018 92761000 77000 2100
load_G1_ons_o 1791447376.239602502 92761000 77000 2100
load_G1_ons_o 1791447376.492727074 92761000 77000 2100
load_G1_ons_o 1791447376.745784640 93001000 77000 2100
load_G1_ons_o 1791447377.197923061 93001000 77000 2100
load_G1_ons_o 1791447377.451308484 93001000 77000 2100
load_G1_ons_o 1791447377.704683158 93001000 77000 2100
load_G1_ons_o 1791447377.958097646 93259000 76000 2100
load_G1_ons_o 1791447378.410163731 93259000 76000 2100
load_G1_ons_o 1791447378.663616361 93259000 76000 2100
load_G1_ons_o 1791447378.917051839 93259000 76000 2100
load_G1_ons_o 1791447379.170669160 93003000 76000 2100
load_G1_ons_o 1791447379.622615911 93003000 76000 2100
load_G1_ons_o 1791447379.876441394 93003000 76000 2100
load_G1_ons_o 1791447380.130806734 93003000 76000 2100
load_G1_ons_o 1791447380.384275745 89310000 76000 2100
load_G1_ons_o 1791447380.836015486 89310000 76000 2100
load_G1_ons_o 1791447381.089941168 89310000 76000 2100
load_G1_ons_o 1791447381.343487395 89310000 76000 2100
load_G1_ons_o 1791447381.596936098 92779000 77000 2100
load_G1_ons_o 1791447382.046048619 92779000 77000 2100
load_G1_ons_o 1791447382.299473677 92779000 77000 2100
load_G1_ons_o 1791447382.552902714 92779000 77000 2100
load_G1_ons_o 1791447382.806019672 93225000 77000 2100
load_G1_ons_o 1791447383.259280770 93225000 77000 2100
load_G1_ons_o 1791447383.512628663 93225000 77000 2100
load_G1_ons_o 1791447383.766143692 93225000 77000 2100
load_G1_ons_o 1791447384.019556869 93003000 77000 2100
load_G1_ons_o 1791447384.471519029 93003000 77000 2100
load_G1_ons_o 1791447384.724928419 93003000 77000 2100
load_G1_ons_o 1791447384.978347036 93003000 77000 2100
load_G1_ons_o 1791447385.231831877 91297000 77000 2100
load_G1_ons_o 1791447385.681781406 91297000 77000 2100
load_G1_ons_o 1791447385.935203119 91297000 77000 2100
load_G1_ons_o 1791447386.188735170 91297000 77000 2100
load_G1_ons_o 1791447386.442681752 92753000 77000 2100
load_G1_ons_o 1791447386.895290621 92753000 77000 2100
load_G1_ons_o 1791447387.148738734 92753000 77000 2100
load_G1_ons_o 1791447387.402071049 92753000 77000 2100
load_G1_ons_o 1791447387.655504915 87233000 76000 2100
load_G1_ons_o 1791447388.107313226 87233000 76000 2100
load_G1_ons_o 1791447388.360672382 87233000 76000 2100
load_G1_ons_o 1791447388.614176009 87233000 76000 2100
load_G1_ons_o 1791447388.867628711 92763000 77000 2060
load_G1_ons_o 1791447389.318066200 92763000 77000 2060
load_G1_ons_o 1791447389.571448058 92763000 77000 2060
load_G1_ons_o 1791447389.825326893 92763000 77000 2060
load_G1_ons_o 1791447390.079026810 93019000 76000 2100
load_G1_ons_o 1791447390.530842586 93019000 76000 2100
load_G1_ons_o 1791447390.784338870 93019000 76000 2100
load_G1_ons_o 1791447391.037728023 93019000 76000 2100
load_G1_ons_o 1791447391.291250957 92993000 77000 2100
load_G1_ons_o 1791447391.743803492 92993000 77000 2100
load_G1_ons_o 1791447391.997189257 92993000 77000 2100
load_G1_ons_o 1791447392.250491396 92993000 77000 2100
load_G1_ons_o 1791447392.503946853 92541000 77000 2100
load_G1_ons_o 1791447392.955098879 92541000 77000 2100
load_G1_ons_o 1791447393.208610803 92541000 77000 2100
load_G1_ons_o 1791447393.462248754 92541000 77000 2100
load_G1_ons_o 1791447393.715593303 93259000 77000 2100
load_G1_ons_o 1791447394.166678934 93259000 77000 2100
load_G1_ons_o 1791447394.420412385 93259000 77000 2100
load_G1_ons_o 1791447394.674046349 93259000 77000 2100
load_G1_ons_o 1791447394.927375238 91034000 71000 1999
load_G1_ons_o 1791447395.380281630 91034000 71000 1999
load_G1_ons_o 1791447395.633923369 91034000 71000 1999
load_G1_ons_o 1791447395.887560058 91034000 71000 1999
load_G1_ons_o 1791447396.141043168 90344000 76000 2100
load_G1_ons_o 1791447396.591585917 90344000 76000 2100
load_G1_ons_o 1791447396.845211866 90344000 76000 2100
load_G1_ons_o 1791447397.098522020 90344000 76000 2100
load_G1_ons_o 1791447397.351774746 93218000 77000 2100
load_G1_ons_o 1791447397.804183751 93218000 77000 2100
load_G1_ons_o 1791447398.057862550 93218000 77000 2100
load_G1_ons_o 1791447398.311274416 93218000 77000 2100
load_G1_ons_o 1791447398.564747267 93145000 77000 2100
load_G1_ons_o 1791447399.015064451 93145000 77000 2100
load_G1_ons_o 1791447399.268655625 93145000 77000 2100
load_G1_ons_o 1791447399.522518330 93145000 77000 2100
load_G1_ons_o 1791447399.776008955 93154000 77000 2120
load_G1_ons_o 1791447400.228449089 93154000 77000 2120
load_G1_ons_o 1791447400.481794270 93154000 77000 2120
load_G1_ons_o 1791447400.735631968 93154000 77000 2120
load_G1_ons_o 1791447400.989378575 93410000 77000 2100
load_G1_ons_o 1791447401.439846965 93410000 77000 2100
load_G1_ons_o 1791447401.693299007 93410000 77000 2100
load_G1_ons_o 1791447401.946888087 93410000 77000 2100
load_G1_ons_o 1791447402.200681342 93175000 77000 2100
load_G1_ons_o 1791447402.651048801 93175000 77000 2100
load_G1_ons_o 1791447402.904590643 93175000 77000 2100
load_G1_ons_o 1791447403.158956727 93175000 77000 2100
load_G1_ons_o 1791447403.412643101 93209000 77000 2080
load_G1_ons_o 1791447403.863090662 93209000 77000 2080
load_G1_ons_o 1791447404.116917570 93209000 77000 2080
load_G1_ons_o 1791447404.370357941 93209000 77000 2080
load_G1_ons_o 1791447404.624033685 93673000 77000 2120
load_G1_ons_o 1791447405.075017286 93673000 77000 2120
load_G1_ons_o 1791447405.328456294 93673000 77000 2120
load_G1_ons_o 1791447405.581871396 93673000 77000 2120
load_G1_ons_o 1791447405.835269427 93209000 77000 2100
load_G1_ons_o 1791447406.287617509 93209000 77000 2100
load_G1_ons_o 1791447406.540892418 93209000 77000 2100
load_G1_ons_o 1791447406.794250544 93209000 77000 2100
load_G1_ons_o 1791447407.047626453 93460000 77000 2100
load_G1_ons_o 1791447407.497927258 93460000 77000 2100
load_G1_ons_o 1791447407.751190825 93460000 77000 2100
load_G1_ons_o 1791447408.004565091 93460000 77000 2100
load_G1_ons_o 1791447408.258050447 93432000 77000 2100
load_G1_ons_o 1791447408.710413729 93432000 77000 2100
load_G1_ons_o 1791447408.964357177 93432000 77000 2100
load_G1_ons_o 1791447409.217825451 93432000 77000 2100
load_G1_ons_o 1791447409.471312029 89115000 76000 2120
load_G1_ons_o 1791447409.922477253 89115000 76000 2120
load_G1_ons_o 1791447410.175689655 89115000 76000 2120
load_G1_ons_o 1791447410.429154061 89115000 76000 2120
load_G1_ons_o 1791447410.682677398 93449000 77000 2100
load_G1_ons_o 1791447411.134830434 93449000 77000 2100
load_G1_ons_o 1791447411.388278660 93449000 77000 2100
load_G1_ons_o 1791447411.641712008 93449000 77000 2100
load_G1_ons_o 1791447411.895227661 93477000 77000 2120
load_G1_ons_o 1791447412.346123548 93477000 77000 2120
load_G1_ons_o 1791447412.599454574 93477000 77000 2120
load_G1_ons_o 1791447412.852893352 93477000 77000 2120
load_G1_ons_o 1791447413.106529703 92022000 76000 2120
load_G1_ons_o 1791447413.559470734 92022000 76000 2120
load_G1_ons_o 1791447413.812921795 92022000 76000 2120
load_G1_ons_o 1791447414.066398986 92022000 76000 2120
load_G1_ons_o 1791447414.319559520 93235000 77000 2120
load_G1_ons_o 1791447414.771353711 93235000 77000 2120
load_G1_ons_o 1791447415.024798701 93235000 77000 2120
load_G1_ons_o 1791447415.277730725 93235000 77000 2120
load_G1_ons_o 1791447415.530854470 93481000 77000 2120
load_G1_ons_o 1791447415.982772744 93481000 77000 2120
load_G1_ons_o 1791447416.236277407 93481000 77000 2120
load_G1_ons_o 1791447416.489621618 93481000 77000 2120
load_G1_ons_o 1791447416.742732458 93464000 76000 2100
load_G1_ons_o 1791447417.194069719 93464000 76000 2100
load_G1_ons_o 1791447417.447037239 93464000 76000 2100
load_G1_ons_o 1791447417.700182164 93464000 76000 2100
load_G1_ons_o 1791447417.953699561 93482000 78000 2100
load_G1_ons_o 1791447418.406909490 93482000 78000 2100
load_G1_ons_o 1791447418.660346697 93482000 78000 2100
load_G1_ons_o 1791447418.913767752 93482000 78000 2100
load_G1_ons_o 1791447419.167217161 93721000 78000 2100
load_G1_ons_o 1791447419.618806306 93721000 78000 2100
load_G1_ons_o 1791447419.872534020 93721000 78000 2100
load_G1_ons_o 1791447420.125771600 93721000 78000 2100
load_G1_ons_o 1791447420.379365852 93500000 77000 2100
load_G1_ons_o 1791447420.829997383 93500000 77000 2100
load_G1_ons_o 1791447421.083313932 93500000 77000 2100
load_G1_ons_o 1791447421.336686406 93500000 77000 2100
load_G1_ons_o 1791447421.589926852 92286000 77000 2100
load_G1_ons_o 1791447422.042057438 92286000 77000 2100
load_G1_ons_o 1791447422.295359790 92286000 77000 2100
load_G1_ons_o 1791447422.548748705 92286000 77000 2100
load_G1_ons_o 1791447422.802170142 92281000 77000 2120
load_G1_ons_o 1791447423.254991871 92281000 77000 2120
load_G1_ons_o 1791447423.508342915 92281000 77000 2120
load_G1_ons_o 1791447423.761470007 92281000 77000 2120
load_G1_ons_o 1791447424.014646192 93799000 62000 2120
load_G1_ons_o 1791447424.467603266 93799000 62000 2120
load_G1_ons_o 1791447424.720774982 93799000 62000 2120
load_G1_ons_o 1791447424.974193824 93799000 62000 2120
load_G1_ons_o 1791447425.227221129 93465000 77000 2120
load_G1_ons_o 1791447425.677844545 93465000 77000 2120
load_G1_ons_o 1791447425.931262886 93465000 77000 2120
load_G1_ons_o 1791447426.184738536 93465000 77000 2120
load_G1_ons_o 1791447426.438232880 93790000 77000 2120
load_G1_ons_o 1791447426.891311594 93790000 77000 2120
load_G1_ons_o 1791447427.144780681 93790000 77000 2120
load_G1_ons_o 1791447427.398084597 93790000 77000 2120
load_G1_ons_o 1791447427.651545549 93499000 77000 2120
load_G1_ons_o 1791447428.103425934 93499000 77000 2120
load_G1_ons_o 1791447428.356499847 93499000 77000 2120
load_G1_ons_o 1791447428.609727559 93499000 77000 2120
load_G1_ons_o 1791447428.863276607 93740000 78000 2100
load_G1_ons_o 1791447429.314648394 93740000 78000 2100
load_G1_ons_o 1791447429.568039665 93740000 78000 2100
load_G1_ons_o 1791447429.821572443 93740000 78000 2100
load_G1_ons_o 1791447430.075185992 93259000 77000 2120
load_G1_ons_o 1791447430.526366209 93259000 77000 2120
load_G1_ons_o 1791447430.779835797 93259000 77000 2120
load_G1_ons_o 1791447431.033241365 93259000 77000 2120
load_G1_ons_o 1791447431.286678422 93565000 77000 2120
load_G1_ons_o 1791447431.739645526 93565000 77000 2120
load_G1_ons_o 1791447431.993141665 93565000 77000 2120
load_G1_ons_o 1791447432.246530582 93565000 77000 2120
load_G1_ons_o 1791447432.499947631 93500000 77000 2120
load_G1_ons_o 1791447432.950614611 93500000 77000 2120
load_G1_ons_o 1791447433.203997246 93500000 77000 2120
load_G1_ons_o 1791447433.457438381 93500000 77000 2120
load_G1_ons_o 1791447433.710958595 93473000 78000 2120
load_G1_ons_o 1791447434.162098016 93473000 78000 2120
load_G1_ons_o 1791447434.415352058 93473000 78000 2120
load_G1_ons_o 1791447434.668775550 93473000 78000 2120
load_G1_ons_o 1791447434.922270467 93739000 78000 2120
load_G1_ons_o 1791447435.375213436 93739000 78000 2120
load_G1_ons_o 1791447435.628621429 93739000 78000 2120
load_G1_ons_o 1791447435.882173143 93739000 78000 2120
load_G1_ons_o 1791447436.135489764 91616000 78000 2120
load_G1_ons_o 1791447436.585790715 91616000 78000 2120
load_G1_ons_o 1791447436.839243111 91616000 78000 2120
load_G1_ons_o 1791447437.092732758 91616000 78000 2120
load_G1_ons_o 1791447437.346311293 91816000 78000 2120
load_G1_ons_o 1791447437.798164259 91816000 78000 2120
load_G1_ons_o 1791447438.051606396 91816000 78000 2120
load_G1_ons_o 1791447438.304701840 91816000 78000 2120
load_G1_ons_o 1791447438.558314149 93980000 78000 2120
load_G1_ons_o 1791447439.010057658 93980000 78000 2120
load_G1_ons_o 1791447439.263333543 93980000 78000 2120
load_G1_ons_o 1791447439.516769709 93980000 78000 2120
load_G1_ons_o 1791447439.769982435 94046000 77000 1979
load_G1_ons_o 1791447440.222764802 94046000 77000 1979
load_G1_ons_o 1791447440.475975594 94046000 77000 1979
load_G1_ons_o 1791447440.729514174 94046000 77000 1979
load_G1_ons_o 1791447440.982917638 93740000 77000 2120
load_G1_ons_o 1791447441.434220168 93740000 77000 2120
load_G1_ons_o 1791447441.687525578 93740000 77000 2120
load_G1_ons_o 1791447441.941025705 93740000 77000 2120
load_G1_ons_o 1791447442.194178788 93938000 78000 2100
load_G1_ons_o 1791447442.647001332 93938000 78000 2100
load_G1_ons_o 1791447442.900532909 93938000 78000 2100
load_G1_ons_o 1791447443.154420637 93938000 78000 2100
load_G1_ons_o 1791447443.407728401 93806000 78000 2120
load_G1_ons_o 1791447443.859016354 93806000 78000 2120
load_G1_ons_o 1791447444.112248707 93806000 78000 2120
load_G1_ons_o 1791447444.365725310 93806000 78000 2120
load_G1_ons_o 1791447444.619283457 92845000 78000 2120
load_G1_ons_o 1791447445.070545220 92845000 78000 2120
load_G1_ons_o 1791447445.324075334 92845000 78000 2120
load_G1_ons_o 1791447445.577216234 92845000 78000 2120
load_G1_ons_o 1791447445.830600273 94046000 79000 2120
load_G1_ons_o 1791447446.283745155 94046000 79000 2120
load_G1_ons_o 1791447446.537132771 94046000 79000 2120
load_G1_ons_o 1791447446.790584838 94046000 79000 2120
load_G1_ons_o 1791447447.043637453 93739000 78000 2120
load_G1_ons_o 1791447447.496063671 93739000 78000 2120
load_G1_ons_o 1791447447.749633740 93739000 78000 2120
load_G1_ons_o 1791447448.002865122 93739000 78000 2120
load_G1_ons_o 1791447448.256280670 94022000 77000 2120
load_G1_ons_o 1791447448.707251997 94022000 77000 2120
load_G1_ons_o 1791447448.960624945 94022000 77000 2120
load_G1_ons_o 1791447449.213984669 94022000 77000 2120
load_G1_ons_o 1791447449.467391461 94029000 77000 2120
load_G1_ons_o 1791447449.919365537 94029000 77000 2120
load_G1_ons_o 1791447450.172704932 94029000 77000 2120
load_G1_ons_o 1791447450.426211993 94029000 77000 2120
load_G1_ons_o 1791447450.679631680 93770000 78000 2120
load_G1_ons_o 1791447451.130765734 93770000 78000 2120
load_G1_ons_o 1791447451.384296971 93770000 78000 2120
load_G1_ons_o 1791447451.637716687 93770000 78000 2120
load_G1_ons_o 1791447451.891211686 94046000 78000 1979
load_G1_ons_o 1791447452.343119328 94046000 78000 1979
load_G1_ons_o 1791447452.596828580 94046000 78000 1979
load_G1_ons_o 1791447452.850104717 94046000 78000 1979
load_G1_ons_o 1791447453.103357319 93805000 78000 2120
load_G1_ons_o 1791447453.554758516 93805000 78000 2120
load_G1_ons_o 1791447453.808328596 93805000 78000 2120
load_G1_ons_o 1791447454.061476271 93805000 78000 2120
load_G1_ons_o 1791447454.314556508 93980000 77000 2120
load_G1_ons_o 1791447454.766034481 93980000 77000 2120
load_G1_ons_o 1791447455.019949421 93980000 77000 2120
load_G1_ons_o 1791447455.274047075 93980000 77000 2120
load_G1_ons_o 1791447455.527449961 94046000 77000 2120
load_G1_ons_o 1791447455.978723679 94046000 77000 2120
load_G1_ons_o 1791447456.232286626 94046000 77000 2120
load_G1_ons_o 1791447456.485757079 94046000 77000 2120
load_G1_ons_o 1791447456.739274360 90176000 78000 2120
load_G1_ons_o 1791447457.190928485 90176000 78000 2120
load_G1_ons_o 1791447457.444489268 90176000 78000 2120
load_G1_ons_o 1791447457.698056002 90176000 78000 2120
load_G1_ons_o 1791447457.951065817 94028000 77000 2100
load_G1_ons_o 1791447458.401969067 94028000 77000 2100
load_G1_ons_o 1791447458.655431015 94028000 77000 2100
load_G1_ons_o 1791447458.908831887 94028000 77000 2100
load_G1_ons_o 1791447459.162427225 93963000 77000 2120
load_G1_ons_o 1791447459.615397991 93963000 77000 2120
load_G1_ons_o 1791447459.868766062 93963000 77000 2120
load_G1_ons_o 1791447460.121789062 93963000 77000 2120
load_G1_ons_o 1791447460.375465784 93501000 77000 2120
load_G1_ons_o 1791447460.827578814 93501000 77000 2120
load_G1_ons_o 1791447461.080980808 93501000 77000 2120
load_G1_ons_o 1791447461.334482841 93501000 77000 2120
load_G1_ons_o 1791447461.588030179 92849000 78000 2120
load_G1_ons_o 1791447462.039794503 92849000 78000 2120
load_G1_ons_o 1791447462.293241683 92849000 78000 2120
load_G1_ons_o 1791447462.546720993 92849000 78000 2120
load_G1_ons_o 1791447462.800216433 90340000 77000 2120
load_G1_ons_o 1791447463.251845472 90340000 77000 2120
load_G1_ons_o 1791447463.505301008 90340000 77000 2120
load_G1_ons_o 1791447463.758345879 90340000 77000 2120
load_G1_ons_o 1791447464.011887737 90120000 78000 2120
load_G1_ons_o 1791447464.462461929 90120000 78000 2120
load_G1_ons_o 1791447464.715851029 90120000 78000 2120
load_G1_ons_o 1791447464.969305463 90120000 78000 2120
load_G1_ons_o 1791447465.222807005 93805000 78000 2120
load_G1_ons_o 1791447465.675874154 93805000 78000 2120
load_G1_ons_o 1791447465.929205857 93805000 78000 2120
load_G1_ons_o 1791447466.182531047 93805000 78000 2120
load_G1_ons_o 1791447466.435853442 93567000 77000 2120
load_G1_ons_o 1791447466.886230963 93567000 77000 2120
load_G1_ons_o 1791447467.139630854 93567000 77000 2120
load_G1_ons_o 1791447467.392867597 93567000 77000 2120
load_G1_ons_o 1791447467.646388316 93547000 78000 2120
load_G1_ons_o 1791447468.098308434 93547000 78000 2120
load_G1_ons_o 1791447468.351923251 93547000 78000 2120
load_G1_ons_o 1791447468.605168390 93547000 78000 2120
load_G1_ons_o 1791447468.858569313 91144000 78000 2120
load_G1_ons_o 1791447469.311532437 91144000 78000 2120
load_G1_ons_o 1791447469.565043067 91144000 78000 2120
load_G1_ons_o 1791447469.818462736 91144000 78000 2120
load_G1_ons_o 1791447470.071766937 93980000 78000 2080
load_G1_ons_o 1791447470.522552056 93980000 78000 2080
load_G1_ons_o 1791447470.775565990 93980000 78000 2080
load_G1_ons_o 1791447471.028680364 93980000 78000 2080
load_G1_ons_o 1791447471.282360884 94028000 78000 2120
load_G1_ons_o 1791447471.735471446 94028000 78000 2120
load_G1_ons_o 1791447471.988792720 94028000 78000 2120
load_G1_ons_o 1791447472.242111388 94028000 78000 2120
load_G1_ons_o 1791447472.495643268 94011000 78000 2120
load_G1_ons_o 1791447472.946046679 94011000 78000 2120
load_G1_ons_o 1791447473.199371560 94011000 78000 2120
load_G1_ons_o 1791447473.452570222 94011000 78000 2120
load_G1_ons_o 1791447473.705915601 94022000 78000 2120
load_G1_ons_o 1791447474.158365098 94022000 78000 2120
load_G1_ons_o 1791447474.412073822 94022000 78000 2120
load_G1_ons_o 1791447474.665365309 94022000 78000 2120
load_G1_ons_o 1791447474.918700619 90906000 78000 2020
load_G1_ons_o 1791447475.370935061 90906000 78000 2020
load_G1_ons_o 1791447475.624319604 90906000 78000 2020
load_G1_ons_o 1791447475.877842318 90906000 78000 2020
load_G1_ons_o 1791447476.131112515 94028000 77000 2120
load_G1_ons_o 1791447476.583586729 94028000 77000 2120
load_G1_ons_o 1791447476.836673080 94028000 77000 2120
load_G1_ons_o 1791447477.089595713 94028000 77000 2120
load_G1_ons_o 1791447477.343264542 93787000 78000 2120
load_G1_ons_o 1791447477.794409150 93787000 78000 2120
load_G1_ons_o 1791447478.047922797 93787000 78000 2120
load_G1_ons_o 1791447478.300890405 93787000 78000 2120
load_G1_ons_o 1791447478.554231336 93955000 78000 2120
load_G1_ons_o 1791447479.007488285 93955000 78000 2120
load_G1_ons_o 1791447479.261264486 93955000 78000 2120
load_G1_ons_o 1791447479.514530566 93955000 78000 2120
load_G1_ons_o 1791447479.768299704 94269000 77000 2120
load_G1_ons_o 1791447480.219552357 94269000 77000 2120
load_G1_ons_o 1791447480.472948653 94269000 77000 2120
load_G1_ons_o 1791447480.726133169 94269000 77000 2120
load_G1_ons_o 1791447480.979583607 92591000 78000 2120
load_G1_ons_o 1791447481.430031493 92591000 78000 2120
load_G1_ons_o 1791447481.683157760 92591000 78000 2120
load_G1_ons_o 1791447481.936025270 92591000 78000 2120
load_G1_ons_o 1791447482.189504682 94029000 77000 2120
load_G1_ons_o 1791447482.643024527 94029000 77000 2120
load_G1_ons_o 1791447482.896656477 94029000 77000 2120
load_G1_ons_o 1791447483.150069094 94029000 77000 2120
load_G1_ons_o 1791447483.403562773 92330000 68000 2120
load_G1_ons_o 1791447483.855208678 92330000 68000 2120
load_G1_ons_o 1791447484.108647804 92330000 68000 2120
load_G1_ons_o 1791447484.361899097 92330000 68000 2120
load_G1_ons_o 1791447484.615278441 94287000 78000 2120
load_G1_ons_o 1791447485.066895501 94287000 78000 2120
load_G1_ons_o 1791447485.320185587 94287000 78000 2120
load_G1_ons_o 1791447485.573219360 94287000 78000 2120
load_G1_ons_o 1791447485.826418545 94269000 78000 2120
load_G1_ons_o 1791447486.278367691 94269000 78000 2120
load_G1_ons_o 1791447486.532078690 94269000 78000 2120
load_G1_ons_o 1791447486.785509101 94269000 78000 2120
load_G1_ons_o 1791447487.038921808 94046000 78000 2120
load_G1_ons_o 1791447487.492111582 94046000 78000 2120
load_G1_ons_o 1791447487.745884028 94046000 78000 2120
load_G1_ons_o 1791447487.999225721 94046000 78000 2120
load_G1_ons_o 1791447488.252604755 94022000 78000 2100
load_G1_ons_o 1791447488.702597285 94022000 78000 2100
load_G1_ons_o 1791447488.955838118 94022000 78000 2100
load_G1_ons_o 1791447489.208532502 94022000 78000 2100
load_G1_ons_o 1791447489.461641267 94015000 78000 2120
load_G1_ons_o 1791447489.916025562 94015000 78000 2120
load_G1_ons_o 1791447490.169369861 94015000 78000 2120
load_G1_ons_o 1791447490.422438169 94015000 78000 2120
load_G1_ons_o 1791447490.675878629 94244000 79000 2120
load_G1_ons_o 1791447491.227955526 94244000 79000 2120
load_G1_ons_o 1791447491.481367672 94244000 79000 2120
load_G1_ons_o 1791447491.734880990 94244000 79000 2120
load_G1_ons_o 1791447491.988369230 94270000 77000 2120
load_G1_ons_o 1791447492.541645126 94270000 77000 2120
load_G1_ons_o 1791447492.795615174 94270000 77000 2120
load_G1_ons_o 1791447493.049088205 94270000 77000 2120
load_G1_ons_o 1791447493.302618795 94046000 78000 2120
load_G1_ons_o 1791447493.752094612 94046000 78000 2120
load_G1_ons_o 1791447494.005710863 94046000 78000 2120
load_G1_ons_o 1791447494.259269206 94046000 78000 2120
load_G1_ons_o 1791447494.512827528 94261000 78000 2120
load_G1_ons_o 1791447494.965020225 94261000 78000 2120
load_G1_ons_o 1791447495.218680409 94261000 78000 2120
load_G1_ons_o 1791447495.471577616 94261000 78000 2120
load_G1_ons_o 1791447495.725038795 94287000 78000 2120
load_G1_ons_o 1791447496.277494306 94287000 78000 2120
load_G1_ons_o 1791447496.530849717 94287000 78000 2120
load_G1_ons_o 1791447496.784303161 94287000 78000 2120
load_G1_ons_o 1791447497.037635368 94287000 78000 2120
load_G1_ons_o 1791447497.490238999 94287000 78000 2120
load_G1_ons_o 1791447497.743413369 94287000 78000 2120
load_G1_ons_o 1791447497.996861263 94287000 78000 2120
load_G1_ons_o 1791447498.250345887 94046000 77000 2120
load_G1_ons_o 1791447498.701280103 94046000 77000 2120
load_G1_ons_o 1791447498.954492193 94046000 77000 2120
load_G1_ons_o 1791447499.208315826 94046000 77000 2120
load_G1_ons_o 1791447499.461826098 94527000 78000 2120
load_G1_ons_o 1791447499.913883881 94527000 78000 2120
load_G1_ons_o 1791447500.167312380 94527000 78000 2120
load_G1_ons_o 1791447500.420705862 94527000 78000 2120
load_G1_ons_o 1791447500.674078575 93329000 78000 2120
load_G1_ons_o 1791447501.125574590 93329000 78000 2120
load_G1_ons_o 1791447501.379115128 93329000 78000 2120
load_G1_ons_o 1791447501.632536782 93329000 78000 2120
load_G1_ons_o 1791447501.886073194 91160000 78000 2120
load_G1_ons_o 1791447502.337562256 91160000 78000 2120
load_G1_ons_o 1791447502.590614776 91160000 78000 2120
load_G1_ons_o 1791447502.844360132 91160000 78000 2120
load_G1_ons_o 1791447503.097497983 94460000 65000 2120
load_G1_ons_o 1791447503.551102642 94460000 65000 2120
load_G1_ons_o 1791447503.804299634 94460000 65000 2120
load_G1_ons_o 1791447504.057796521 94460000 65000 2120
load_G1_ons_o 1791447504.311193350 94005000 77000 2120
load_G1_ons_o 1791447504.762481154 94005000 77000 2120
load_G1_ons_o 1791447505.015370196 94005000 77000 2120
load_G1_ons_o 1791447505.268748099 94005000 77000 2120
load_G1_ons_o 1791447505.522285323 94255000 78000 2120
load_G1_ons_o 1791447505.973360055 94255000 78000 2120
load_G1_ons_o 1791447506.226690359 94255000 78000 2120
load_G1_ons_o 1791447506.480059676 94255000 78000 2120
load_G1_ons_o 1791447506.733514575 94287000 78000 2120
load_G1_ons_o 1791447507.186264373 94287000 78000 2120
load_G1_ons_o 1791447507.439483398 94287000 78000 2120
load_G1_ons_o 1791447507.693272626 94287000 78000 2120
load_G1_ons_o 1791447507.946751310 94270000 78000 2120
load_G1_ons_o 1791447508.399184472 94270000 78000 2120
load_G1_ons_o 1791447508.653577248 94270000 78000 2120
load_G1_ons_o 1791447508.907242784 94270000 78000 2120
load_G1_ons_o 1791447509.160513947 93974000 78000 2120
load_G1_ons_o 1791447509.611203714 93974000 78000 2120
load_G1_ons_o 1791447509.864517747 93974000 78000 2120
load_G1_ons_o 1791447510.118062506 93974000 78000 2120
load_G1_ons_o 1791447510.371386528 93451000 78000 2080
load_G1_ons_o 1791447510.823136152 93451000 78000 2080
load_G1_ons_o 1791447511.076883513 93451000 78000 2080
load_G1_ons_o 1791447511.330255856 93451000 78000 2080
load_G1_ons_o 1791447511.583892808 94658000 78000 2120
idle4 1791447512.469840203 94658000 78000 2120
idle4 1791447512.723528663 94196000 77000 2120
idle4 1791447513.145784850 94196000 77000 2120
idle4 1791447513.399665762 94196000 77000 2120
idle4 1791447513.653332090 94196000 77000 2120
idle4 1791447513.906749799 78075000 61000 1899
idle4 1791447514.358328813 78075000 61000 1899
idle4 1791447514.612502487 78075000 61000 1899
idle4 1791447514.866313177 78075000 61000 1899
idle4 1791447515.119839881 78157000 61000 1899
idle4 1791447515.570223603 78157000 61000 1899
idle4 1791447515.823978568 78157000 61000 1899
idle4 1791447516.078391232 78157000 61000 1899
idle4 1791447516.332724477 78177000 61000 1899
idle4 1791447516.781864315 78177000 61000 1899
idle4 1791447517.035839595 78177000 61000 1899
idle4 1791447517.289773737 78177000 61000 1899
idle4 1791447517.543647507 78141000 61000 1899
idle4 1791447517.993898628 78141000 61000 1899
idle4 1791447518.247623066 78141000 61000 1899
idle4 1791447518.501796029 78141000 61000 1899
idle4 1791447518.755635443 78401000 61000 1899
idle4 1791447519.206060443 78401000 61000 1899
idle4 1791447519.459742221 78401000 61000 1899
idle4 1791447519.712875124 78401000 61000 1899
idle4 1791447519.966109298 78191000 61000 1899
idle4 1791447520.518299594 78191000 61000 1899
idle4 1791447520.771581879 78191000 61000 1899
idle4 1791447521.024792799 78191000 61000 1899
idle4 1791447521.278393774 78204000 61000 1899
idle4 1791447521.729817767 78204000 61000 1899
idle4 1791447521.983235146 78204000 61000 1899
idle4 1791447522.236424627 78204000 61000 1899
idle4 1791447522.489229362 78197000 61000 1880
idle4 1791447522.942180242 78197000 61000 1880
idle4 1791447523.195560261 78197000 61000 1880
idle4 1791447523.449407551 78197000 61000 1880
idle4 1791447523.703079159 77671000 61000 1880
idle4 1791447524.155945120 77671000 61000 1880
idle4 1791447524.410267535 77671000 61000 1880
idle4 1791447524.663978728 77671000 61000 1880
idle4 1791447524.918081619 77937000 61000 1899
idle4 1791447525.367370219 77937000 61000 1899
idle4 1791447525.621320433 77937000 61000 1899
idle4 1791447525.875376827 77937000 61000 1899
idle4 1791447526.129457176 77682000 61000 1880
idle4 1791447526.579696266 77682000 61000 1880
idle4 1791447526.833806602 77682000 61000 1880
idle4 1791447527.087561147 77682000 61000 1880
idle4 1791447527.340671589 77697000 61000 1880
idle4 1791447527.790086016 77697000 61000 1880
idle4 1791447528.043690067 77697000 61000 1880
idle4 1791447528.297219438 77697000 61000 1880
idle4 1791447528.550848718 77411000 61000 1880
idle4 1791447529.002470054 77411000 61000 1880
idle4 1791447529.256000687 77411000 61000 1880
idle4 1791447529.509286349 77411000 61000 1880
idle4 1791447529.762222753 77446000 61000 1880
idle4 1791447530.215216234 77446000 61000 1880
idle4 1791447530.468544897 77446000 61000 1880
idle4 1791447530.721682530 77446000 61000 1880
idle4 1791447530.975109499 77426000 61000 1880
idle4 1791447531.427204578 77426000 61000 1880
idle4 1791447531.680379160 77426000 61000 1880
idle4 1791447531.933670293 77426000 61000 1880
idle4 1791447532.186916561 77906000 61000 1880
idle4 1791447532.638807896 77906000 61000 1880
idle4 1791447532.892414613 77906000 61000 1880
idle4 1791447533.145574709 77906000 61000 1880
idle4 1791447533.399180534 77686000 60000 1880
idle4 1791447533.850873626 77686000 60000 1880
idle4 1791447534.103953300 77686000 60000 1880
idle4 1791447534.357277084 77686000 60000 1880
idle4 1791447534.610439685 77206000 60000 1880
idle4 1791447535.061379197 77206000 60000 1880
idle4 1791447535.314522421 77206000 60000 1880
idle4 1791447535.567841486 77206000 60000 1880
idle4 1791447535.821683397 77426000 61000 1880
idle4 1791447536.275448554 77426000 61000 1880
idle4 1791447536.529513044 77426000 61000 1880
idle4 1791447536.783142665 77426000 61000 1880
idle4 1791447537.036998943 77355000 60000 1880
idle4 1791447537.488219394 77355000 60000 1880
idle4 1791447537.742151646 77355000 60000 1880
idle4 1791447537.995691868 77355000 60000 1880
idle4 1791447538.249317141 77171000 60000 1880
idle4 1791447538.698681034 77171000 60000 1880
idle4 1791447538.951859084 77171000 60000 1880
idle4 1791447539.205101135 77171000 60000 1880
idle4 1791447539.458451119 77191000 61000 1880
idle4 1791447539.909988899 77191000 61000 1880
idle4 1791447540.163303226 77191000 61000 1880
idle4 1791447540.416734884 77191000 61000 1880
idle4 1791447540.669856788 77206000 60000 1880
idle4 1791447541.122273795 77206000 60000 1880
idle4 1791447541.376110777 77206000 60000 1880
idle4 1791447541.629593121 77206000 60000 1880
idle4 1791447541.883039476 77186000 60000 1880
idle4 1791447542.333495248 77186000 60000 1880
idle4 1791447542.586876151 77186000 60000 1880
idle4 1791447542.840099015 77186000 60000 1880
idle4 1791447543.093432609 77205000 60000 1880
idle4 1791447543.546982982 77205000 60000 1880
idle4 1791447543.800567819 77205000 60000 1880
idle4 1791447544.053687229 77205000 60000 1880
idle4 1791447544.306628283 77206000 60000 1880
idle4 1791447544.758576888 77206000 60000 1880
idle4 1791447545.011854246 77206000 60000 1880
idle4 1791447545.265185535 77206000 60000 1880
idle4 1791447545.518367763 77186000 60000 1880
idle4 1791447545.970892935 77186000 60000 1880
idle4 1791447546.224376071 77186000 60000 1880
idle4 1791447546.477742276 77186000 60000 1880
idle4 1791447546.731063526 77206000 60000 1880
idle4 1791447547.181858498 77206000 60000 1880
idle4 1791447547.435260551 77206000 60000 1880
idle4 1791447547.688597571 77206000 60000 1880
idle4 1791447547.941541230 77191000 60000 1880
idle4 1791447548.394910824 77191000 60000 1880
idle4 1791447548.648404078 77191000 60000 1880
idle4 1791447548.901769613 77191000 60000 1880
idle4 1791447549.155541462 77206000 60000 1880
idle4 1791447549.605793521 77206000 60000 1880
idle4 1791447549.859321071 77206000 60000 1880
idle4 1791447550.113001629 77206000 60000 1880
idle4 1791447550.366499703 77186000 60000 1880
idle4 1791447550.819225954 77186000 60000 1880
idle4 1791447551.072439222 77186000 60000 1880
idle4 1791447551.326013780 77186000 60000 1880
idle4 1791447551.579126268 76952000 60000 1880
idle4 1791447552.030949317 76952000 60000 1880
idle4 1791447552.284989112 76952000 60000 1880
idle4 1791447552.538722911 76952000 60000 1880
idle4 1791447552.792300966 76931000 60000 1880
idle4 1791447553.242972085 76931000 60000 1880
idle4 1791447553.496693009 76931000 60000 1880
idle4 1791447553.750189510 76931000 60000 1880
idle4 1791447554.003609498 77171000 60000 1860
idle4 1791447554.453550762 77171000 60000 1860
idle4 1791447554.707194120 77171000 60000 1860
idle4 1791447554.961066019 77171000 60000 1860
idle4 1791447555.214385978 76952000 60000 1880
idle4 1791447555.667365487 76952000 60000 1880
idle4 1791447555.921211728 76952000 60000 1880
idle4 1791447556.175465566 76952000 60000 1880
idle4 1791447556.429283744 77150000 60000 1880
idle4 1791447556.879798890 77150000 60000 1880
idle4 1791447557.133667022 77150000 60000 1880
idle4 1791447557.387171739 77150000 60000 1880
idle4 1791447557.640564455 77206000 60000 1880
idle4 1791447558.089512067 77206000 60000 1880
idle4 1791447558.342377460 77206000 60000 1880
idle4 1791447558.595526757 77206000 60000 1880
idle4 1791447558.848503330 76946000 60000 1880
idle4 1791447559.304318784 76946000 60000 1880
idle4 1791447559.557919632 76946000 60000 1880
idle4 1791447559.811503068 76946000 60000 1880
idle4 1791447560.064886667 76966000 60000 1880
idle4 1791447560.515037307 76966000 60000 1880
idle4 1791447560.768395368 76966000 60000 1880
idle4 1791447561.021621099 76966000 60000 1880
idle4 1791447561.274777711 76967000 60000 1880
idle4 1791447561.727571221 76967000 60000 1880
idle4 1791447561.980650427 76967000 60000 1880
idle4 1791447562.233536288 76967000 60000 1880
idle4 1791447562.486418082 76966000 60000 1860
idle4 1791447562.938713483 76966000 60000 1860
idle4 1791447563.192083708 76966000 60000 1860
idle4 1791447563.445378089 76966000 60000 1860
idle4 1791447563.698540211 76966000 60000 1860
idle4 1791447564.151062731 76966000 60000 1860
idle4 1791447564.404802031 76966000 60000 1860
idle4 1791447564.658367132 76966000 60000 1860
idle4 1791447564.911404620 76727000 59000 1860
idle4 1791447565.362875778 76727000 59000 1860
idle4 1791447565.616383983 76727000 59000 1860
idle4 1791447565.869682843 76727000 59000 1860
idle4 1791447566.122683892 76727000 59000 1860
idle4 1791447566.573766448 76727000 59000 1860
idle4 1791447566.826763389 76727000 59000 1860
idle4 1791447567.080372734 76727000 59000 1860
idle4 1791447567.333671033 76486000 60000 1860
idle4 1791447567.787205681 76486000 60000 1860
idle4 1791447568.040592176 76486000 60000 1860
idle4 1791447568.294433799 76486000 60000 1860
idle4 1791447568.547961010 76727000 59000 1860
idle4 1791447568.998611432 76727000 59000 1860
idle4 1791447569.252360902 76727000 59000 1860
idle4 1791447569.505680982 76727000 59000 1860
idle4 1791447569.758348553 76966000 60000 1860
idle4 1791447570.211510609 76966000 60000 1860
idle4 1791447570.464836319 76966000 60000 1860
idle4 1791447570.718484708 76966000 60000 1860
idle4 1791447570.972004004 76471000 60000 1860
idle4 1791447571.423341813 76471000 60000 1860
idle4 1791447571.677253568 76471000 60000 1860
idle4 1791447571.930864907 76471000 60000 1860
load_G43_ons_o 1791447572.187013779 76486000 60000 1860
load_G43_ons_o 1791447572.634946871 76486000 60000 1860
load_G43_ons_o 1791447572.887966756 76486000 60000 1860
load_G43_ons_o 1791447573.140917831 76486000 60000 1860
load_G43_ons_o 1791447573.393644474 92779000 76000 2080
load_G43_ons_o 1791447573.846616131 92779000 76000 2080
load_G43_ons_o 1791447574.099967521 92779000 76000 2080
load_G43_ons_o 1791447574.353250772 92779000 76000 2080
load_G43_ons_o 1791447574.606780187 93013000 77000 2100
load_G43_ons_o 1791447575.058548668 93013000 77000 2100
load_G43_ons_o 1791447575.312156611 93013000 77000 2100
load_G43_ons_o 1791447575.565433991 93013000 77000 2100
load_G43_ons_o 1791447575.818770493 93019000 77000 2100
load_G43_ons_o 1791447576.271476521 93019000 77000 2100
load_G43_ons_o 1791447576.524485115 93019000 77000 2100
load_G43_ons_o 1791447576.777904213 93019000 77000 2100
load_G43_ons_o 1791447577.030850328 92779000 76000 2100
load_G43_ons_o 1791447577.482946637 92779000 76000 2100
load_G43_ons_o 1791447577.736090466 92779000 76000 2100
load_G43_ons_o 1791447577.989430174 92779000 76000 2100
load_G43_ons_o 1791447578.243048797 93019000 76000 2100
load_G43_ons_o 1791447578.695311580 93019000 76000 2100
load_G43_ons_o 1791447578.948549245 93019000 76000 2100
load_G43_ons_o 1791447579.201927346 93019000 76000 2100
load_G43_ons_o 1791447579.455519941 92761000 77000 2100
load_G43_ons_o 1791447579.905957844 92761000 77000 2100
load_G43_ons_o 1791447580.158895475 92761000 77000 2100
load_G43_ons_o 1791447580.412319592 92761000 77000 2100
load_G43_ons_o 1791447580.665175338 93019000 77000 2100
load_G43_ons_o 1791447581.119790494 93019000 77000 2100
load_G43_ons_o 1791447581.373179505 93019000 77000 2100
load_G43_ons_o 1791447581.626444643 93019000 77000 2100
load_G43_ons_o 1791447581.879793428 93019000 77000 2100
load_G43_ons_o 1791447582.330033229 93019000 77000 2100
load_G43_ons_o 1791447582.583531907 93019000 77000 2100
load_G43_ons_o 1791447582.837171761 93019000 77000 2100
load_G43_ons_o 1791447583.090355716 93215000 77000 2100
load_G43_ons_o 1791447583.543497826 93215000 77000 2100
load_G43_ons_o 1791447583.796225802 93215000 77000 2100
load_G43_ons_o 1791447584.049609073 93215000 77000 2100
load_G43_ons_o 1791447584.302329444 93259000 77000 2100
load_G43_ons_o 1791447584.755203840 93259000 77000 2100
load_G43_ons_o 1791447585.008773512 93259000 77000 2100
load_G43_ons_o 1791447585.262154949 93259000 77000 2100
load_G43_ons_o 1791447585.515571001 93019000 76000 2100
load_G43_ons_o 1791447585.967244905 93019000 76000 2100
load_G43_ons_o 1791447586.220648144 93019000 76000 2100
load_G43_ons_o 1791447586.474173302 93019000 76000 2100
load_G43_ons_o 1791447586.727817715 93233000 76000 2100
load_G43_ons_o 1791447587.178598415 93233000 76000 2100
load_G43_ons_o 1791447587.432099248 93233000 76000 2100
load_G43_ons_o 1791447587.685521152 93233000 76000 2100
load_G43_ons_o 1791447587.938601662 93233000 77000 2100
load_G43_ons_o 1791447588.390720364 93233000 77000 2100
load_G43_ons_o 1791447588.644183566 93233000 77000 2100
load_G43_ons_o 1791447588.897769769 93233000 77000 2100
load_G43_ons_o 1791447589.151078099 93019000 77000 2060
load_G43_ons_o 1791447589.602872611 93019000 77000 2060
load_G43_ons_o 1791447589.856119755 93019000 77000 2060
load_G43_ons_o 1791447590.109628523 93019000 77000 2060
load_G43_ons_o 1791447590.363647813 93259000 76000 2100
load_G43_ons_o 1791447590.814887008 93259000 76000 2100
load_G43_ons_o 1791447591.067664538 93259000 76000 2100
load_G43_ons_o 1791447591.321030727 93259000 76000 2100
load_G43_ons_o 1791447591.573737553 93241000 77000 2100
load_G43_ons_o 1791447592.026672314 93241000 77000 2100
load_G43_ons_o 1791447592.279926672 93241000 77000 2100
load_G43_ons_o 1791447592.533481146 93241000 77000 2100
load_G43_ons_o 1791447592.786997278 93253000 77000 2100
load_G43_ons_o 1791447593.239129276 93253000 77000 2100
load_G43_ons_o 1791447593.492383724 93253000 77000 2100
load_G43_ons_o 1791447593.745905888 93253000 77000 2100
load_G43_ons_o 1791447593.999320518 93259000 77000 2080
load_G43_ons_o 1791447594.450977361 93259000 77000 2080
load_G43_ons_o 1791447594.703892140 93259000 77000 2080
load_G43_ons_o 1791447594.957362535 93259000 77000 2080
load_G43_ons_o 1791447595.210375840 93019000 77000 2120
load_G43_ons_o 1791447595.662943579 93019000 77000 2120
load_G43_ons_o 1791447595.916363690 93019000 77000 2120
load_G43_ons_o 1791447596.169645911 93019000 77000 2120
load_G43_ons_o 1791447596.423008664 93219000 77000 2100
load_G43_ons_o 1791447596.874950114 93219000 77000 2100
load_G43_ons_o 1791447597.128793883 93219000 77000 2100
load_G43_ons_o 1791447597.382246375 93219000 77000 2100
load_G43_ons_o 1791447597.635534298 93215000 77000 2100
load_G43_ons_o 1791447598.087546831 93215000 77000 2100
load_G43_ons_o 1791447598.340636530 93215000 77000 2100
load_G43_ons_o 1791447598.594171818 93215000 77000 2100
load_G43_ons_o 1791447598.847083692 93241000 77000 2080
load_G43_ons_o 1791447599.298028584 93241000 77000 2080
load_G43_ons_o 1791447599.551543884 93241000 77000 2080
load_G43_ons_o 1791447599.805532827 93241000 77000 2080
load_G43_ons_o 1791447600.059139991 93243000 77000 2100
load_G43_ons_o 1791447600.509883464 93243000 77000 2100
load_G43_ons_o 1791447600.763361805 93243000 77000 2100
load_G43_ons_o 1791447601.016722264 93243000 77000 2100
load_G43_ons_o 1791447601.269977505 93237000 77000 2100
load_G43_ons_o 1791447601.721782768 93237000 77000 2100
load_G43_ons_o 1791447601.974970241 93237000 77000 2100
load_G43_ons_o 1791447602.228496633 93237000 77000 2100
load_G43_ons_o 1791447602.481983240 92955000 77000 2100
load_G43_ons_o 1791447602.935776209 92955000 77000 2100
load_G43_ons_o 1791447603.189362224 92955000 77000 2100
load_G43_ons_o 1791447603.442465949 92955000 77000 2100
load_G43_ons_o 1791447603.695545068 93235000 77000 2100
load_G43_ons_o 1791447604.146082894 93235000 77000 2100
load_G43_ons_o 1791447604.399488278 93235000 77000 2100
load_G43_ons_o 1791447604.652897679 93235000 77000 2100
load_G43_ons_o 1791447604.906507398 93734000 77000 2100
load_G43_ons_o 1791447605.359665431 93734000 77000 2100
load_G43_ons_o 1791447605.613062490 93734000 77000 2100
load_G43_ons_o 1791447605.866710471 93734000 77000 2100
load_G43_ons_o 1791447606.120219360 93475000 77000 2100
load_G43_ons_o 1791447606.571589234 93475000 77000 2100
load_G43_ons_o 1791447606.825234089 93475000 77000 2100
load_G43_ons_o 1791447607.078835152 93475000 77000 2100
load_G43_ons_o 1791447607.332261936 93237000 78000 2080
load_G43_ons_o 1791447607.783209545 93237000 78000 2080
load_G43_ons_o 1791447608.036723884 93237000 78000 2080
load_G43_ons_o 1791447608.290032486 93237000 78000 2080
load_G43_ons_o 1791447608.543396843 92728000 77000 2100
load_G43_ons_o 1791447608.995237324 92728000 77000 2100
load_G43_ons_o 1791447609.248900304 92728000 77000 2100
load_G43_ons_o 1791447609.502635179 92728000 77000 2100
load_G43_ons_o 1791447609.756373721 93740000 77000 2100
load_G43_ons_o 1791447610.206350120 93740000 77000 2100
load_G43_ons_o 1791447610.459955641 93740000 77000 2100
load_G43_ons_o 1791447610.713785766 93740000 77000 2100
load_G43_ons_o 1791447610.966727737 93716000 77000 2120
load_G43_ons_o 1791447611.419449700 93716000 77000 2120
load_G43_ons_o 1791447611.673358713 93716000 77000 2120
load_G43_ons_o 1791447611.926879656 93716000 77000 2120
load_G43_ons_o 1791447612.180454930 93697000 77000 2080
load_G43_ons_o 1791447612.631968646 93697000 77000 2080
load_G43_ons_o 1791447612.885521048 93697000 77000 2080
load_G43_ons_o 1791447613.139247077 93697000 77000 2080
load_G43_ons_o 1791447613.393609665 92952000 78000 2100
load_G43_ons_o 1791447613.842728327 92952000 78000 2100
load_G43_ons_o 1791447614.096133181 92952000 78000 2100
load_G43_ons_o 1791447614.349725198 92952000 78000 2100
load_G43_ons_o 1791447614.603349234 93735000 77000 2100
load_G43_ons_o 1791447615.055673638 93735000 77000 2100
load_G43_ons_o 1791447615.309014852 93735000 77000 2100
load_G43_ons_o 1791447615.562831412 93735000 77000 2100
load_G43_ons_o 1791447615.816346764 93675000 77000 2120
load_G43_ons_o 1791447616.266284210 93675000 77000 2120
load_G43_ons_o 1791447616.519431218 93675000 77000 2120
load_G43_ons_o 1791447616.772944496 93675000 77000 2120
load_G43_ons_o 1791447617.026399314 93691000 77000 2100
load_G43_ons_o 1791447617.478661561 93691000 77000 2100
load_G43_ons_o 1791447617.732254650 93691000 77000 2100
load_G43_ons_o 1791447617.985810899 93691000 77000 2100
load_G43_ons_o 1791447618.239300052 93914000 77000 2120
load_G43_ons_o 1791447618.690178501 93914000 77000 2120
load_G43_ons_o 1791447618.943666031 93914000 77000 2120
load_G43_ons_o 1791447619.197258459 93914000 77000 2120
load_G43_ons_o 1791447619.450734307 93194000 77000 2120
load_G43_ons_o 1791447619.901947567 93194000 77000 2120
load_G43_ons_o 1791447620.154885121 93194000 77000 2120
load_G43_ons_o 1791447620.408412105 93194000 77000 2120
load_G43_ons_o 1791447620.661824163 93914000 77000 2100
load_G43_ons_o 1791447621.115139395 93914000 77000 2100
load_G43_ons_o 1791447621.368386932 93914000 77000 2100
load_G43_ons_o 1791447621.621591980 93914000 77000 2100
load_G43_ons_o 1791447621.875140455 93675000 77000 2120
load_G43_ons_o 1791447622.327180805 93675000 77000 2120
load_G43_ons_o 1791447622.580593373 93675000 77000 2120
load_G43_ons_o 1791447622.834112754 93675000 77000 2120
load_G43_ons_o 1791447623.087468475 93931000 77000 2120
load_G43_ons_o 1791447623.539736204 93931000 77000 2120
load_G43_ons_o 1791447623.792651165 93931000 77000 2120
load_G43_ons_o 1791447624.045897030 93931000 77000 2120
load_G43_ons_o 1791447624.299190454 93673000 77000 2080
load_G43_ons_o 1791447624.751374455 93673000 77000 2080
load_G43_ons_o 1791447625.005082380 93673000 77000 2080
load_G43_ons_o 1791447625.258531839 93673000 77000 2080
load_G43_ons_o 1791447625.512144726 92969000 77000 2120
load_G43_ons_o 1791447625.964038389 92969000 77000 2120
load_G43_ons_o 1791447626.217851744 92969000 77000 2120
load_G43_ons_o 1791447626.471214980 92969000 77000 2120
load_G43_ons_o 1791447626.725251445 93908000 77000 2100
load_G43_ons_o 1791447627.177090285 93908000 77000 2100
load_G43_ons_o 1791447627.430260688 93908000 77000 2100
load_G43_ons_o 1791447627.683579481 93908000 77000 2100
load_G43_ons_o 1791447627.936640968 93974000 77000 2100
load_G43_ons_o 1791447628.388702939 93974000 77000 2100
load_G43_ons_o 1791447628.642280520 93974000 77000 2100
load_G43_ons_o 1791447628.896215133 93974000 77000 2100
load_G43_ons_o 1791447629.149496064 93974000 78000 2120
load_G43_ons_o 1791447629.599112577 93974000 78000 2120
load_G43_ons_o 1791447629.852350658 93974000 78000 2120
load_G43_ons_o 1791447630.105891329 93974000 78000 2120
load_G43_ons_o 1791447630.359603262 93469000 77000 2120
load_G43_ons_o 1791447630.811689049 93469000 77000 2120
load_G43_ons_o 1791447631.065053868 93469000 77000 2120
load_G43_ons_o 1791447631.318403078 93469000 77000 2120
load_G43_ons_o 1791447631.572033538 93956000 77000 2120
load_G43_ons_o 1791447632.023545984 93956000 77000 2120
load_G43_ons_o 1791447632.276961780 93956000 77000 2120
load_G43_ons_o 1791447632.530417531 93956000 77000 2120
load_G43_ons_o 1791447632.783573117 93632000 78000 2080
load_G43_ons_o 1791447633.235582069 93632000 78000 2080
load_G43_ons_o 1791447633.489001261 93632000 78000 2080
load_G43_ons_o 1791447633.742082747 93632000 78000 2080
load_G43_ons_o 1791447633.995487592 92690000 78000 2120
load_G43_ons_o 1791447634.447493258 92690000 78000 2120
load_G43_ons_o 1791447634.701034540 92690000 78000 2120
load_G43_ons_o 1791447634.955346575 92690000 78000 2120
load_G43_ons_o 1791447635.209800106 93908000 77000 2120
load_G43_ons_o 1791447635.658191712 93908000 77000 2120
load_G43_ons_o 1791447635.911920748 93908000 77000 2120
load_G43_ons_o 1791447636.165384304 93908000 77000 2120
load_G43_ons_o 1791447636.419204201 93980000 77000 2120
load_G43_ons_o 1791447636.870730114 93980000 77000 2120
load_G43_ons_o 1791447637.124377546 93980000 77000 2120
load_G43_ons_o 1791447637.378294627 93980000 77000 2120
load_G43_ons_o 1791447637.631566372 93980000 77000 2120
load_G43_ons_o 1791447638.081912711 93980000 77000 2120
load_G43_ons_o 1791447638.335501323 93980000 77000 2120
load_G43_ons_o 1791447638.589243604 93980000 77000 2120
load_G43_ons_o 1791447638.842570453 92326000 77000 2120
load_G43_ons_o 1791447639.294584836 92326000 77000 2120
load_G43_ons_o 1791447639.548579212 92326000 77000 2120
load_G43_ons_o 1791447639.802361990 92326000 77000 2120
load_G43_ons_o 1791447640.055842468 93890000 61000 2120
load_G43_ons_o 1791447640.508273787 93890000 61000 2120
load_G43_ons_o 1791447640.761675727 93890000 61000 2120
load_G43_ons_o 1791447641.015242468 93890000 61000 2120
load_G43_ons_o 1791447641.268461023 93979000 77000 2120
load_G43_ons_o 1791447641.720301148 93979000 77000 2120
load_G43_ons_o 1791447641.974435388 93979000 77000 2120
load_G43_ons_o 1791447642.228063334 93979000 77000 2120
load_G43_ons_o 1791447642.482068481 94170000 78000 2120
load_G43_ons_o 1791447642.931761260 94170000 78000 2120
load_G43_ons_o 1791447643.186090828 94170000 78000 2120
load_G43_ons_o 1791447643.439630017 94170000 78000 2120
load_G43_ons_o 1791447643.693572055 92779000 77000 2080
load_G43_ons_o 1791447644.142316707 92779000 77000 2080
load_G43_ons_o 1791447644.395576129 92779000 77000 2080
load_G43_ons_o 1791447644.649049123 92779000 77000 2080
load_G43_ons_o 1791447644.902310960 93914000 77000 2120
load_G43_ons_o 1791447645.354104097 93914000 77000 2120
load_G43_ons_o 1791447645.607006396 93914000 77000 2120
load_G43_ons_o 1791447645.860458471 93914000 77000 2120
load_G43_ons_o 1791447646.113555086 93974000 77000 2120
load_G43_ons_o 1791447646.565859577 93974000 77000 2120
load_G43_ons_o 1791447646.819347149 93974000 77000 2120
load_G43_ons_o 1791447647.072756584 93974000 77000 2120
load_G43_ons_o 1791447647.326240178 93914000 77000 2120
load_G43_ons_o 1791447647.778696234 93914000 77000 2120
load_G43_ons_o 1791447648.032078989 93914000 77000 2120
load_G43_ons_o 1791447648.285861247 93914000 77000 2120
load_G43_ons_o 1791447648.539669032 94005000 77000 2100
load_G43_ons_o 1791447648.990166297 94005000 77000 2100
load_G43_ons_o 1791447649.243740192 94005000 77000 2100
load_G43_ons_o 1791447649.497274964 94005000 77000 2100
load_G43_ons_o 1791447649.750618094 93914000 77000 2120
load_G43_ons_o 1791447650.202071962 93914000 77000 2120
load_G43_ons_o 1791447650.455510472 93914000 77000 2120
load_G43_ons_o 1791447650.708841008 93914000 77000 2120
load_G43_ons_o 1791447650.962280309 93949000 77000 2120
load_G43_ons_o 1791447651.415400789 93949000 77000 2120
load_G43_ons_o 1791447651.669006834 93949000 77000 2120
load_G43_ons_o 1791447651.922532998 93949000 77000 2120
load_G43_ons_o 1791447652.176336446 93980000 78000 2120
load_G43_ons_o 1791447652.627455333 93980000 78000 2120
load_G43_ons_o 1791447652.881301852 93980000 78000 2120
load_G43_ons_o 1791447653.134900404 93980000 78000 2120
load_G43_ons_o 1791447653.388868843 93914000 61000 2120
load_G43_ons_o 1791447653.840127954 93914000 61000 2120
load_G43_ons_o 1791447654.093765149 93914000 61000 2120
load_G43_ons_o 1791447654.346895558 93914000 61000 2120
load_G43_ons_o 1791447654.600381718 94246000 78000 2080
load_G43_ons_o 1791447655.050254117 94246000 78000 2080
load_G43_ons_o 1791447655.303866715 94246000 78000 2080
load_G43_ons_o 1791447655.557333859 94246000 78000 2080
load_G43_ons_o 1791447655.810839446 94172000 78000 2120
load_G43_ons_o 1791447656.263706578 94172000 78000 2120
load_G43_ons_o 1791447656.517228836 94172000 78000 2120
load_G43_ons_o 1791447656.770872252 94172000 78000 2120
load_G43_ons_o 1791447657.024069067 93980000 78000 2120
load_G43_ons_o 1791447657.473889829 93980000 78000 2120
load_G43_ons_o 1791447657.727343788 93980000 78000 2120
load_G43_ons_o 1791447657.980730812 93980000 78000 2120
load_G43_ons_o 1791447658.234343811 94438000 77000 2120
load_G43_ons_o 1791447658.687189853 94438000 77000 2120
load_G43_ons_o 1791447658.940703566 94438000 77000 2120
load_G43_ons_o 1791447659.193945255 94438000 77000 2120
load_G43_ons_o 1791447659.447266806 94005000 77000 2080
load_G43_ons_o 1791447659.899243550 94005000 77000 2080
load_G43_ons_o 1791447660.152725703 94005000 77000 2080
load_G43_ons_o 1791447660.406231350 94005000 77000 2080
load_G43_ons_o 1791447660.659685791 93458000 78000 2120
load_G43_ons_o 1791447661.111660231 93458000 78000 2120
load_G43_ons_o 1791447661.365348853 93458000 78000 2120
load_G43_ons_o 1791447661.618858758 93458000 78000 2120
load_G43_ons_o 1791447661.872305584 94017000 78000 2120
load_G43_ons_o 1791447662.323616224 94017000 78000 2120
load_G43_ons_o 1791447662.577206221 94017000 78000 2120
load_G43_ons_o 1791447662.830729080 94017000 78000 2120
load_G43_ons_o 1791447663.084311662 92796000 77000 2120
load_G43_ons_o 1791447663.534743777 92796000 77000 2120
load_G43_ons_o 1791447663.788213897 92796000 77000 2120
load_G43_ons_o 1791447664.041442382 92796000 77000 2120
load_G43_ons_o 1791447664.294670647 94263000 78000 2120
load_G43_ons_o 1791447664.747499538 94263000 78000 2120
load_G43_ons_o 1791447665.001067623 94263000 78000 2120
load_G43_ons_o 1791447665.254658231 94263000 78000 2120
load_G43_ons_o 1791447665.508220645 93236000 78000 2120
load_G43_ons_o 1791447665.959216793 93236000 78000 2120
load_G43_ons_o 1791447666.212369124 93236000 78000 2120
load_G43_ons_o 1791447666.465861026 93236000 78000 2120
load_G43_ons_o 1791447666.719695583 94460000 77000 2120
load_G43_ons_o 1791447667.171375540 94460000 77000 2120
load_G43_ons_o 1791447667.424890364 94460000 77000 2120
load_G43_ons_o 1791447667.678275896 94460000 77000 2120
load_G43_ons_o 1791447667.931795169 92468000 78000 2120
load_G43_ons_o 1791447668.382596870 92468000 78000 2120
load_G43_ons_o 1791447668.636024711 92468000 78000 2120
load_G43_ons_o 1791447668.889727771 92468000 78000 2120
load_G43_ons_o 1791447669.143002584 94220000 78000 2120
load_G43_ons_o 1791447669.594096877 94220000 78000 2120
load_G43_ons_o 1791447669.847465466 94220000 78000 2120
load_G43_ons_o 1791447670.101123972 94220000 78000 2120
load_G43_ons_o 1791447670.354704752 93284000 78000 2120
load_G43_ons_o 1791447670.806649918 93284000 78000 2120
load_G43_ons_o 1791447671.060332329 93284000 78000 2120
load_G43_ons_o 1791447671.313540025 93284000 78000 2120
load_G43_ons_o 1791447671.567716397 94246000 78000 2120
load_G43_ons_o 1791447672.019711698 94246000 78000 2120
load_G43_ons_o 1791447672.273443913 94246000 78000 2120
load_G43_ons_o 1791447672.526696294 94246000 78000 2120
load_G43_ons_o 1791447672.780362855 93980000 77000 2080
load_G43_ons_o 1791447673.232349029 93980000 77000 2080
load_G43_ons_o 1791447673.486308162 93980000 77000 2080
load_G43_ons_o 1791447673.739904541 93980000 77000 2080
load_G43_ons_o 1791447673.993525306 93980000 78000 2120
load_G43_ons_o 1791447674.443359324 93980000 78000 2120
load_G43_ons_o 1791447674.696894929 93980000 78000 2120
load_G43_ons_o 1791447674.950060516 93980000 78000 2120
load_G43_ons_o 1791447675.203841193 94175000 78000 2120
load_G43_ons_o 1791447675.653974616 94175000 78000 2120
load_G43_ons_o 1791447675.907335501 94175000 78000 2120
load_G43_ons_o 1791447676.160856628 94175000 78000 2120
load_G43_ons_o 1791447676.413877363 94479000 78000 2120
load_G43_ons_o 1791447676.866807917 94479000 78000 2120
load_G43_ons_o 1791447677.120365994 94479000 78000 2120
load_G43_ons_o 1791447677.373974476 94479000 78000 2120
load_G43_ons_o 1791447677.627526853 94005000 78000 2120
load_G43_ons_o 1791447678.080286024 94005000 78000 2120
load_G43_ons_o 1791447678.333775201 94005000 78000 2120
load_G43_ons_o 1791447678.587373765 94005000 78000 2120
load_G43_ons_o 1791447678.840695166 94220000 78000 2120
load_G43_ons_o 1791447679.291097737 94220000 78000 2120
load_G43_ons_o 1791447679.544612582 94220000 78000 2120
load_G43_ons_o 1791447679.798396345 94220000 78000 2120
load_G43_ons_o 1791447680.051996922 94460000 78000 2120
load_G43_ons_o 1791447680.502866042 94460000 78000 2120
load_G43_ons_o 1791447680.756335913 94460000 78000 2120
load_G43_ons_o 1791447681.009709984 94460000 78000 2120
load_G43_ons_o 1791447681.263269374 94237000 78000 2120
load_G43_ons_o 1791447681.715059890 94237000 78000 2120
load_G43_ons_o 1791447681.968638416 94237000 78000 2120
load_G43_ons_o 1791447682.221963795 94237000 78000 2120
load_G43_ons_o 1791447682.475922417 94437000 78000 2120
load_G43_ons_o 1791447682.926868492 94437000 78000 2120
load_G43_ons_o 1791447683.180333855 94437000 78000 2120
load_G43_ons_o 1791447683.433928502 94437000 78000 2120
load_G43_ons_o 1791447683.687437827 93980000 78000 2120
load_G43_ons_o 1791447684.139684854 93980000 78000 2120
load_G43_ons_o 1791447684.393071850 93980000 78000 2120
load_G43_ons_o 1791447684.646571898 93980000 78000 2120
load_G43_ons_o 1791447684.900097474 94007000 78000 2120
load_G43_ons_o 1791447685.351965507 94007000 78000 2120
load_G43_ons_o 1791447685.605499189 94007000 78000 2120
load_G43_ons_o 1791447685.859081101 94007000 78000 2120
load_G43_ons_o 1791447686.112615835 94154000 78000 2100
load_G43_ons_o 1791447686.563631512 94154000 78000 2100
load_G43_ons_o 1791447686.817015662 94154000 78000 2100
load_G43_ons_o 1791447687.070631178 94154000 78000 2100
load_G43_ons_o 1791447687.323923274 94246000 78000 2120
load_G43_ons_o 1791447687.774754674 94246000 78000 2120
load_G43_ons_o 1791447688.028032063 94246000 78000 2120
load_G43_ons_o 1791447688.281574852 94246000 78000 2120
load_G43_ons_o 1791447688.534671430 94220000 78000 2120
load_G43_ons_o 1791447688.986468199 94220000 78000 2120
load_G43_ons_o 1791447689.240334207 94220000 78000 2120
load_G43_ons_o 1791447689.493549810 94220000 78000 2120
load_G43_ons_o 1791447689.746849982 93045000 78000 2140
load_G43_ons_o 1791447690.299715040 93045000 78000 2140
load_G43_ons_o 1791447690.552813251 93045000 78000 2140
load_G43_ons_o 1791447690.806511573 93045000 78000 2140
load_G43_ons_o 1791447691.060266302 94246000 78000 2120
load_G43_ons_o 1791447691.613978867 94246000 78000 2120
load_G43_ons_o 1791447691.867746209 94246000 78000 2120
load_G43_ons_o 1791447692.121266005 94246000 78000 2120
load_G43_ons_o 1791447692.374664783 94227000 78000 2120
load_G43_ons_o 1791447692.825690690 94227000 78000 2120
load_G43_ons_o 1791447693.079086362 94227000 78000 2120
load_G43_ons_o 1791447693.332633550 94227000 78000 2120
load_G43_ons_o 1791447693.586074728 94170000 78000 2120
load_G43_ons_o 1791447694.037789282 94170000 78000 2120
load_G43_ons_o 1791447694.291268282 94170000 78000 2120
load_G43_ons_o 1791447694.544745678 94170000 78000 2120
load_G43_ons_o 1791447694.798315659 93217000 78000 2100
load_G43_ons_o 1791447695.250208429 93217000 78000 2100
load_G43_ons_o 1791447695.503388676 93217000 78000 2100
load_G43_ons_o 1791447695.757191886 93217000 78000 2100
load_G43_ons_o 1791447696.010577219 94409000 78000 2120
load_G43_ons_o 1791447696.462771929 94409000 78000 2120
load_G43_ons_o 1791447696.716406391 94409000 78000 2120
load_G43_ons_o 1791447696.970224379 94409000 78000 2120
load_G43_ons_o 1791447697.224630235 94454000 78000 2120
load_G43_ons_o 1791447697.775372474 94454000 78000 2120
load_G43_ons_o 1791447698.029429142 94454000 78000 2120
load_G43_ons_o 1791447698.283765557 94454000 78000 2120
load_G43_ons_o 1791447698.537740451 94436000 78000 2120
load_G43_ons_o 1791447699.089746511 94436000 78000 2120
load_G43_ons_o 1791447699.343976065 94436000 78000 2120
load_G43_ons_o 1791447699.597440177 94436000 78000 2120
load_G43_ons_o 1791447699.850575108 94196000 78000 2120
load_G43_ons_o 1791447700.299828185 94196000 78000 2120
load_G43_ons_o 1791447700.553616718 94196000 78000 2120
load_G43_ons_o 1791447700.807323487 94196000 78000 2120
load_G43_ons_o 1791447701.061004226 92978000 77000 2120
load_G43_ons_o 1791447701.513134215 92978000 77000 2120
load_G43_ons_o 1791447701.766186010 92978000 77000 2120
load_G43_ons_o 1791447702.019536527 92978000 77000 2120
load_G43_ons_o 1791447702.272679253 94392000 78000 2120
load_G43_ons_o 1791447702.723520093 94392000 78000 2120
load_G43_ons_o 1791447702.976807912 94392000 78000 2120
load_G43_ons_o 1791447703.229947623 94392000 78000 2120
load_G43_ons_o 1791447703.483486445 93468000 78000 2120
load_G43_ons_o 1791447704.037962100 93468000 78000 2120
load_G43_ons_o 1791447704.292288667 93468000 78000 2120
load_G43_ons_o 1791447704.545385797 93468000 78000 2120
load_G43_ons_o 1791447704.798950859 94419000 78000 2120
load_G43_ons_o 1791447705.350451197 94419000 78000 2120
load_G43_ons_o 1791447705.603912875 94419000 78000 2120
load_G43_ons_o 1791447705.857775928 94419000 78000 2120
load_G43_ons_o 1791447706.112069984 94381000 78000 2120
load_G43_ons_o 1791447706.562792541 94381000 78000 2120
load_G43_ons_o 1791447706.815830861 94381000 78000 2120
load_G43_ons_o 1791447707.069990444 94381000 78000 2120
load_G43_ons_o 1791447707.323721228 93958000 79000 2140
load_G43_ons_o 1791447707.774432854 93958000 79000 2140
load_G43_ons_o 1791447708.027705285 93958000 79000 2140
load_G43_ons_o 1791447708.281432353 93958000 79000 2140
load_G43_ons_o 1791447708.535487329 94436000 78000 2120
load_G43_ons_o 1791447708.987256328 94436000 78000 2120
load_G43_ons_o 1791447709.241151041 94436000 78000 2120
load_G43_ons_o 1791447709.495168636 94436000 78000 2120
load_G43_ons_o 1791447709.749072798 94699000 77000 2120
load_G43_ons_o 1791447710.198067179 94699000 77000 2120
load_G43_ons_o 1791447710.451622994 94699000 77000 2120
load_G43_ons_o 1791447710.705305908 94699000 77000 2120
load_G43_ons_o 1791447710.958537122 94486000 78000 2140
load_G43_ons_o 1791447711.410828285 94486000 78000 2140
load_G43_ons_o 1791447711.663818735 94486000 78000 2140
load_G43_ons_o 1791447711.917555901 94486000 78000 2140
load_G43_ons_o 1791447712.171334837 93045000 78000 2120
load_G43_ons_o 1791447712.621241337 93045000 78000 2120
load_G43_ons_o 1791447712.875283549 93045000 78000 2120
load_G43_ons_o 1791447713.129492875 93045000 78000 2120
load_G43_ons_o 1791447713.383259568 94437000 78000 2120
load_G43_ons_o 1791447713.935321566 94437000 78000 2120
load_G43_ons_o 1791447714.189471330 94437000 78000 2120
load_G43_ons_o 1791447714.443461444 94437000 78000 2120
load_G43_ons_o 1791447714.697575571 94416000 78000 2140
load_G43_ons_o 1791447715.147094491 94416000 78000 2140
load_G43_ons_o 1791447715.400384385 94416000 78000 2140
load_G43_ons_o 1791447715.654739787 94416000 78000 2140
load_G43_ons_o 1791447715.908534483 94419000 78000 2080
load_G43_ons_o 1791447716.360045918 94419000 78000 2080
load_G43_ons_o 1791447716.613954398 94419000 78000 2080
load_G43_ons_o 1791447716.867921949 94419000 78000 2080
load_G43_ons_o 1791447717.122228980 94658000 78000 2120
load_G43_ons_o 1791447717.572046873 94658000 78000 2120
load_G43_ons_o 1791447717.825779582 94658000 78000 2120
load_G43_ons_o 1791447718.079222645 94658000 78000 2120
load_G43_ons_o 1791447718.332627677 94197000 78000 2120
load_G43_ons_o 1791447718.783777410 94197000 78000 2120
load_G43_ons_o 1791447719.037957903 94197000 78000 2120
load_G43_ons_o 1791447719.291556088 94197000 78000 2120
load_G43_ons_o 1791447719.545267277 94649000 78000 2120
load_G43_ons_o 1791447719.995909955 94649000 78000 2120
load_G43_ons_o 1791447720.249617186 94649000 78000 2120
load_G43_ons_o 1791447720.502872165 94649000 78000 2120
load_G43_ons_o 1791447720.756557835 94649000 78000 2140
load_G43_ons_o 1791447721.208112662 94649000 78000 2140
load_G43_ons_o 1791447721.461760251 94649000 78000 2140
load_G43_ons_o 1791447721.715407789 94649000 78000 2140
load_G43_ons_o 1791447721.968664892 94664000 78000 2120
idle5 1791447722.443839279 94664000 78000 2120
idle5 1791447722.696885284 94664000 78000 2120
idle5 1791447722.950635296 94664000 78000 2120
idle5 1791447723.204958017 91777000 61000 1899
idle5 1791447723.631849808 91777000 61000 1899
idle5 1791447723.885586244 91777000 61000 1899
idle5 1791447724.139836238 91777000 61000 1899
idle5 1791447724.393457087 78381000 60000 1899
idle5 1791447724.843355933 78381000 60000 1899
idle5 1791447725.097480241 78381000 60000 1899
idle5 1791447725.351204985 78381000 60000 1899
idle5 1791447725.604968082 78141000 61000 1899
idle5 1791447726.055221557 78141000 61000 1899
idle5 1791447726.308694877 78141000 61000 1899
idle5 1791447726.562597949 78141000 61000 1899
idle5 1791447726.816889992 78141000 61000 1899
idle5 1791447727.266831960 78141000 61000 1899
idle5 1791447727.520745790 78141000 61000 1899
idle5 1791447727.774866962 78141000 61000 1899
idle5 1791447728.028288435 77901000 60000 1899
idle5 1791447728.478388241 77901000 60000 1899
idle5 1791447728.732698308 77901000 60000 1899
idle5 1791447728.986776218 77901000 60000 1899
idle5 1791447729.240866692 77916000 61000 1880
idle5 1791447729.691900098 77916000 61000 1880
idle5 1791447729.945878650 77916000 61000 1880
idle5 1791447730.200119578 77916000 61000 1880
idle5 1791447730.454187249 78157000 61000 1899
idle5 1791447730.904191845 78157000 61000 1899
idle5 1791447731.158378250 78157000 61000 1899
idle5 1791447731.412381159 78157000 61000 1899
idle5 1791447731.666267648 78177000 61000 1899
idle5 1791447732.115165359 78177000 61000 1899
idle5 1791447732.369451252 78177000 61000 1899
idle5 1791447732.623185444 78177000 61000 1899
idle5 1791447732.877313319 77662000 61000 1899
idle5 1791447733.327675019 77662000 61000 1899
idle5 1791447733.581934441 77662000 61000 1899
idle5 1791447733.836083445 77662000 61000 1899
idle5 1791447734.089574240 77895000 61000 1880
idle5 1791447734.538814717 77895000 61000 1880
idle5 1791447734.792240558 77895000 61000 1880
idle5 1791447735.045772820 77895000 61000 1880
idle5 1791447735.299560033 77645000 61000 1899
idle5 1791447735.750073219 77645000 61000 1899
idle5 1791447736.003417036 77645000 61000 1899
idle5 1791447736.256862414 77645000 61000 1899
idle5 1791447736.510352477 77637000 61000 1880
idle5 1791447736.962070834 77637000 61000 1880
idle5 1791447737.215437574 77637000 61000 1880
idle5 1791447737.468554895 77637000 61000 1880
idle5 1791447737.721950400 77651000 60000 1899
idle5 1791447738.174779760 77651000 60000 1899
idle5 1791447738.428181407 77651000 60000 1899
idle5 1791447738.681703139 77651000 60000 1899
idle5 1791447738.935007933 77411000 61000 1880
idle5 1791447739.386924774 77411000 61000 1880
idle5 1791447739.640121424 77411000 61000 1880
idle5 1791447739.893534332 77411000 61000 1880
idle5 1791447740.146943633 77411000 61000 1880
idle5 1791447740.598744285 77411000 61000 1880
idle5 1791447740.852067994 77411000 61000 1880
idle5 1791447741.105606339 77411000 61000 1880
idle5 1791447741.359289976 77411000 60000 1880
idle5 1791447741.810992744 77411000 60000 1880
idle5 1791447742.064311375 77411000 60000 1880
idle5 1791447742.317710065 77411000 60000 1880
idle5 1791447742.571184309 77411000 60000 1880
idle5 1791447743.021702555 77411000 60000 1880
idle5 1791447743.275203789 77411000 60000 1880
idle5 1791447743.528668585 77411000 60000 1880
idle5 1791447743.782303922 77411000 60000 1880
idle5 1791447744.234109764 77411000 60000 1880
idle5 1791447744.487431651 77411000 60000 1880
idle5 1791447744.741482521 77411000 60000 1880
idle5 1791447744.995025263 77384000 60000 1880
idle5 1791447745.448146154 77384000 60000 1880
idle5 1791447745.702343170 77384000 60000 1880
idle5 1791447745.956200585 77384000 60000 1880
idle5 1791447746.209309350 77130000 61000 1880
idle5 1791447746.659542008 77130000 61000 1880
idle5 1791447746.912937694 77130000 61000 1880
idle5 1791447747.166891471 77130000 61000 1880
idle5 1791447747.420833977 77150000 60000 1880
idle5 1791447747.872361656 77150000 60000 1880
idle5 1791447748.125636363 77150000 60000 1880
idle5 1791447748.379387509 77150000 60000 1880
idle5 1791447748.632753669 77165000 60000 1880
idle5 1791447749.082167204 77165000 60000 1880
idle5 1791447749.336450713 77165000 60000 1880
idle5 1791447749.590562017 77165000 60000 1880
idle5 1791447749.844291291 77150000 60000 1880
idle5 1791447750.293795317 77150000 60000 1880
idle5 1791447750.547381371 77150000 60000 1880
idle5 1791447750.800933933 77150000 60000 1880
idle5 1791447751.054444335 77150000 60000 1880
idle5 1791447751.505578923 77150000 60000 1880
idle5 1791447751.758840546 77150000 60000 1880
idle5 1791447752.012397035 77150000 60000 1880
idle5 1791447752.265691330 77156000 60000 1880
idle5 1791447752.717848305 77156000 60000 1880
idle5 1791447752.971309755 77156000 60000 1880
idle5 1791447753.224739445 77156000 60000 1880
idle5 1791447753.478295453 77165000 60000 1880
idle5 1791447753.930769486 77165000 60000 1880
idle5 1791447754.184219985 77165000 60000 1880
idle5 1791447754.437742430 77165000 60000 1880
idle5 1791447754.691296154 77171000 60000 1880
idle5 1791447755.141615206 77171000 60000 1880
idle5 1791447755.395152038 77171000 60000 1880
idle5 1791447755.648554847 77171000 60000 1880
idle5 1791447755.901885912 77156000 60000 1880
idle5 1791447756.354376315 77156000 60000 1880
idle5 1791447756.607844538 77156000 60000 1880
idle5 1791447756.861173419 77156000 60000 1880
idle5 1791447757.114852609 77171000 60000 1880
idle5 1791447757.566241728 77171000 60000 1880
idle5 1791447757.819619670 77171000 60000 1880
idle5 1791447758.073128360 77171000 60000 1880
idle5 1791447758.326793233 77165000 60000 1880
idle5 1791447758.780489029 77165000 60000 1880
idle5 1791447759.034849212 77165000 60000 1880
idle5 1791447759.288542620 77165000 60000 1880
idle5 1791447759.541805255 77130000 60000 1880
idle5 1791447759.990782740 77130000 60000 1880
idle5 1791447760.244537483 77130000 60000 1880
idle5 1791447760.498495188 77130000 60000 1880
idle5 1791447760.752253899 77165000 60000 1880
idle5 1791447761.202829555 77165000 60000 1880
idle5 1791447761.456594377 77165000 60000 1880
idle5 1791447761.709971779 77165000 60000 1880
idle5 1791447761.963517749 77156000 60000 1880
idle5 1791447762.415612297 77156000 60000 1880
idle5 1791447762.669079518 77156000 60000 1880
idle5 1791447762.922370588 77156000 60000 1880
idle5 1791447763.175886200 77150000 61000 1880
idle5 1791447763.625904386 77150000 61000 1880
idle5 1791447763.879527962 77150000 61000 1880
idle5 1791447764.133001215 77150000 61000 1880
idle5 1791447764.386048816 77144000 60000 1880
idle5 1791447764.837942376 77144000 60000 1880
idle5 1791447765.091327011 77144000 60000 1880
idle5 1791447765.345146637 77144000 60000 1880
idle5 1791447765.598963337 76431000 60000 1880
idle5 1791447766.051554101 76431000 60000 1880
idle5 1791447766.304965527 76431000 60000 1880
idle5 1791447766.558480158 76431000 60000 1880
idle5 1791447766.811910891 76911000 60000 1860
idle5 1791447767.263127526 76911000 60000 1860
idle5 1791447767.516668757 76911000 60000 1860
idle5 1791447767.770076246 76911000 60000 1860
idle5 1791447768.023508111 77156000 60000 1860
idle5 1791447768.474123653 77156000 60000 1860
idle5 1791447768.727560718 77156000 60000 1860
idle5 1791447768.981070610 77156000 60000 1860
idle5 1791447769.234901256 76692000 60000 1860
idle5 1791447769.685923906 76692000 60000 1860
idle5 1791447769.939282493 76692000 60000 1860
idle5 1791447770.192353267 76692000 60000 1860
idle5 1791447770.445894098 76690000 60000 1880
idle5 1791447770.897659326 76690000 60000 1880
idle5 1791447771.151081253 76690000 60000 1880
idle5 1791447771.404296520 76690000 60000 1880
idle5 1791447771.657673632 76690000 60000 1860
idle5 1791447772.111185352 76690000 60000 1860
idle5 1791447772.365328287 76690000 60000 1860
idle5 1791447772.619157692 76690000 60000 1860
idle5 1791447772.872444935 76671000 60000 1860
idle5 1791447773.322634464 76671000 60000 1860
idle5 1791447773.576050079 76671000 60000 1860
idle5 1791447773.829443051 76671000 60000 1860
idle5 1791447774.083599682 76690000 60000 1860
idle5 1791447774.534190688 76690000 60000 1860
idle5 1791447774.788480200 76690000 60000 1860
idle5 1791447775.042741859 76690000 60000 1860
idle5 1791447775.297074412 76651000 60000 1880
idle5 1791447775.747432259 76651000 60000 1880
idle5 1791447776.001981771 76651000 60000 1880
idle5 1791447776.256319934 76651000 60000 1880
idle5 1791447776.510504398 76431000 60000 1860
idle5 1791447776.959373289 76431000 60000 1860
idle5 1791447777.213808035 76431000 60000 1860
idle5 1791447777.468224546 76431000 60000 1860
idle5 1791447777.722337194 76411000 60000 1860
idle5 1791447778.171495962 76411000 60000 1860
idle5 1791447778.425329625 76411000 60000 1860
idle5 1791447778.679718434 76411000 60000 1860
idle5 1791447778.933073384 76416000 60000 1880
idle5 1791447779.383619216 76416000 60000 1880
idle5 1791447779.638251023 76416000 60000 1880
idle5 1791447779.892303789 76416000 60000 1880
idle5 1791447780.146437216 76431000 60000 1880
idle5 1791447780.595586416 76431000 60000 1880
idle5 1791447780.849911976 76431000 60000 1880
idle5 1791447781.103977907 76431000 60000 1880
idle5 1791447781.357694810 76437000 60000 1860
idle5 1791447781.806034234 76437000 60000 1860
