idle0 1791408531.049686041 75213000 57000 1800
idle0 1791408531.442710742 75213000 57000 1800
idle0 1791408531.697670601 75213000 57000 1800
idle0 1791408531.951795686 75213000 57000 1800
idle0 1791408532.206580746 72835000 56000 1800
idle0 1791408532.654636754 72835000 56000 1800
idle0 1791408532.908519554 72835000 56000 1800
idle0 1791408533.162156391 72835000 56000 1800
idle0 1791408533.416932033 73062000 56000 1800
idle0 1791408533.866522383 73062000 56000 1800
idle0 1791408534.120438627 73062000 56000 1800
idle0 1791408534.375120964 73062000 56000 1800
idle0 1791408534.630784359 72829000 56000 1800
idle0 1791408535.077759643 72829000 56000 1800
idle0 1791408535.332758657 72829000 56000 1800
idle0 1791408535.586969306 72829000 56000 1800
idle0 1791408535.840941044 73062000 56000 1800
idle0 1791408536.290473817 73062000 56000 1800
idle0 1791408536.544177571 73062000 56000 1800
idle0 1791408536.797900211 73062000 56000 1800
idle0 1791408537.052661347 72835000 56000 1800
idle0 1791408537.502796056 72835000 56000 1800
idle0 1791408537.757693028 72835000 56000 1800
idle0 1791408538.012627853 72835000 56000 1800
idle0 1791408538.267335709 73062000 56000 1800
idle0 1791408538.715726331 73062000 56000 1800
idle0 1791408538.969348303 73062000 56000 1800
idle0 1791408539.224206152 73062000 56000 1800
idle0 1791408539.478938215 73062000 56000 1800
idle0 1791408539.926701437 73062000 56000 1800
idle0 1791408540.181923002 73062000 56000 1800
idle0 1791408540.436529508 73062000 56000 1800
idle0 1791408540.691764428 73062000 56000 1800
idle0 1791408541.138741720 73062000 56000 1800
idle0 1791408541.392422763 73062000 56000 1800
idle0 1791408541.646315655 73062000 56000 1800
idle0 1791408541.899888134 73076000 56000 1800
idle0 1791408542.351480932 73076000 56000 1800
idle0 1791408542.606164775 73076000 56000 1800
idle0 1791408542.861145567 73076000 56000 1800
idle0 1791408543.116034606 72822000 56000 1800
idle0 1791408543.562448678 72822000 56000 1800
idle0 1791408543.817560898 72822000 56000 1800
idle0 1791408544.072203724 72822000 56000 1800
idle0 1791408544.327262574 73062000 57000 1800
idle0 1791408544.775323700 73062000 57000 1800
idle0 1791408545.029367748 73062000 57000 1800
idle0 1791408545.283319693 73062000 57000 1800
idle0 1791408545.536958638 72816000 56000 1800
idle0 1791408545.985904482 72816000 56000 1800
idle0 1791408546.240323267 72816000 56000 1800
idle0 1791408546.494189731 72816000 56000 1800
idle0 1791408546.747979020 73076000 56000 1780
idle0 1791408547.199393334 73076000 56000 1780
idle0 1791408547.453112361 73076000 56000 1780
idle0 1791408547.707920911 73076000 56000 1780
idle0 1791408547.963108264 73062000 56000 1800
idle0 1791408548.410967582 73062000 56000 1800
idle0 1791408548.665981048 73062000 56000 1800
idle0 1791408548.920279987 73062000 56000 1800
idle0 1791408549.174806637 73062000 56000 1800
idle0 1791408549.623323094 73062000 56000 1800
idle0 1791408549.877124817 73062000 56000 1800
idle0 1791408550.131054912 73062000 56000 1800
idle0 1791408550.385394409 72835000 56000 1800
idle0 1791408550.834125100 72835000 56000 1800
idle0 1791408551.088774390 72835000 56000 1800
idle0 1791408551.343034878 72835000 56000 1800
idle0 1791408551.597768668 72822000 56000 1800
idle0 1791408552.047958298 72822000 56000 1800
idle0 1791408552.302797517 72822000 56000 1800
idle0 1791408552.557359002 72822000 56000 1800
idle0 1791408552.811307744 73062000 56000 1800
idle0 1791408553.259707984 73062000 56000 1800
idle0 1791408553.514416938 73062000 56000 1800
idle0 1791408553.768502498 73062000 56000 1800
idle0 1791408554.022798724 72835000 57000 1800
idle0 1791408554.472069274 72835000 57000 1800
idle0 1791408554.726052852 72835000 57000 1800
idle0 1791408554.979587413 72835000 57000 1800
idle0 1791408555.234501154 73062000 56000 1800
idle0 1791408555.682189905 73062000 56000 1800
idle0 1791408555.937793305 73062000 56000 1800
idle0 1791408556.193042738 73062000 56000 1800
idle0 1791408556.448189358 73076000 56000 1800
idle0 1791408556.893306524 73076000 56000 1800
idle0 1791408557.148018064 73076000 56000 1800
idle0 1791408557.402185990 73076000 56000 1800
idle0 1791408557.657007427 72822000 56000 1800
idle0 1791408558.107186902 72822000 56000 1800
idle0 1791408558.362038567 72822000 56000 1800
idle0 1791408558.616572202 72822000 56000 1800
idle0 1791408558.870773791 73076000 56000 1800
idle0 1791408559.319804984 73076000 56000 1800
idle0 1791408559.573720465 73076000 56000 1800
idle0 1791408559.827551607 73076000 56000 1800
idle0 1791408560.082389917 73076000 57000 1800
idle0 1791408560.529566105 73076000 57000 1800
idle0 1791408560.783887080 73076000 57000 1800
idle0 1791408561.037879948 73076000 57000 1800
idle0 1791408561.292214108 73550000 56000 1800
idle0 1791408561.742489927 73550000 56000 1800
idle0 1791408561.997004898 73550000 56000 1800
idle0 1791408562.251090601 73550000 56000 1800
idle0 1791408562.505951434 73062000 56000 1800
idle0 1791408563.056615447 73062000 56000 1800
idle0 1791408563.310321434 73062000 56000 1800
idle0 1791408563.565168812 73062000 56000 1800
idle0 1791408563.820103636 73062000 56000 1800
idle0 1791408564.267420351 73062000 56000 1800
idle0 1791408564.521511845 73062000 56000 1800
idle0 1791408564.775994466 73062000 56000 1800
idle0 1791408565.030667977 73062000 57000 1800
idle0 1791408565.480747749 73062000 57000 1800
idle0 1791408565.735321151 73062000 57000 1800
idle0 1791408565.990467433 73062000 57000 1800
idle0 1791408566.245293192 73062000 56000 1800
idle0 1791408566.693188098 73062000 56000 1800
idle0 1791408566.947838576 73062000 56000 1800
idle0 1791408567.203060171 73062000 56000 1800
idle0 1791408567.457841015 73302000 56000 1820
idle0 1791408567.903881387 73302000 56000 1820
idle0 1791408568.158667942 73302000 56000 1820
idle0 1791408568.413795239 73302000 56000 1820
idle0 1791408568.668188694 73316000 56000 1800
idle0 1791408569.114745961 73316000 56000 1800
idle0 1791408569.368830584 73316000 56000 1800
idle0 1791408569.623410861 73316000 56000 1800
idle0 1791408569.878187979 73062000 56000 1800
idle0 1791408570.327810942 73062000 56000 1800
idle0 1791408570.582467052 73062000 56000 1800
idle0 1791408570.837527304 73062000 56000 1800
idle0 1791408571.092490362 73062000 57000 1800
idle0 1791408571.538335680 73062000 57000 1800
idle0 1791408571.792813584 73062000 57000 1800
idle0 1791408572.047603327 73062000 57000 1800
idle0 1791408572.301681148 73076000 56000 1800
idle0 1791408572.753647057 73076000 56000 1800
idle0 1791408573.008739720 73076000 56000 1800
idle0 1791408573.263415608 73076000 56000 1800
idle0 1791408573.518229517 73310000 57000 1800
idle0 1791408573.965035525 73310000 57000 1800
idle0 1791408574.218825475 73310000 57000 1800
idle0 1791408574.473655554 73310000 57000 1800
idle0 1791408574.728531570 73062000 56000 1800
idle0 1791408575.175627334 73062000 56000 1800
idle0 1791408575.430929944 73062000 56000 1800
idle0 1791408575.685035970 73062000 56000 1800
idle0 1791408575.940311649 73062000 57000 1800
idle0 1791408576.387545715 73062000 57000 1800
idle0 1791408576.642276177 73062000 57000 1800
idle0 1791408576.896170063 73062000 57000 1800
idle0 1791408577.150108033 73316000 57000 1800
idle0 1791408577.598991156 73316000 57000 1800
idle0 1791408577.853557119 73316000 57000 1800
idle0 1791408578.109225007 73316000 57000 1800
idle0 1791408578.364030662 73316000 56000 1800
idle0 1791408578.811322368 73316000 56000 1800
idle0 1791408579.065127307 73316000 56000 1800
idle0 1791408579.319909127 73316000 56000 1800
idle0 1791408579.574927673 73062000 57000 1820
idle0 1791408580.023701372 73062000 57000 1820
idle0 1791408580.278610131 73062000 57000 1820
idle0 1791408580.533345283 73062000 57000 1820
idle0 1791408580.788193298 73316000 57000 1820
idle0 1791408581.236710715 73316000 57000 1820
idle0 1791408581.491101269 73316000 57000 1820
idle0 1791408581.745475211 73316000 57000 1820
idle0 1791408581.999215048 73302000 56000 1800
idle0 1791408582.447910482 73302000 56000 1800
idle0 1791408582.702728641 73302000 56000 1800
idle0 1791408582.957713745 73302000 56000 1800
idle0 1791408583.212216551 73070000 56000 1820
idle0 1791408583.660444615 73070000 56000 1820
idle0 1791408583.915369936 73070000 56000 1820
idle0 1791408584.169384181 73070000 56000 1820
idle0 1791408584.424160873 73302000 57000 1800
idle0 1791408584.873486865 73302000 57000 1800
idle0 1791408585.128102544 73302000 57000 1800
idle0 1791408585.383382204 73302000 57000 1800
idle0 1791408585.638275406 73302000 57000 1800
idle0 1791408586.083290607 73302000 57000 1800
idle0 1791408586.338124908 73302000 57000 1800
idle0 1791408586.592873417 73302000 57000 1800
idle0 1791408586.847807106 73302000 56000 1800
idle0 1791408587.297689348 73302000 56000 1800
idle0 1791408587.551893201 73302000 56000 1800
idle0 1791408587.806521885 73302000 56000 1800
idle0 1791408588.061035102 73302000 57000 1820
idle0 1791408588.507549199 73302000 57000 1820
idle0 1791408588.762431170 73302000 57000 1820
idle0 1791408589.016313689 73302000 57000 1820
idle0 1791408589.269996321 73302000 57000 1800
idle0 1791408589.718896664 73302000 57000 1800
idle0 1791408589.972411240 73302000 57000 1800
idle0 1791408590.226885234 73302000 57000 1800
idle0 1791408590.481820086 73302000 57000 1800
idle0 1791408590.930861706 73302000 57000 1800
load_X5 1791408591.188369445 73302000 57000 1800
load_X5 1791408591.442843760 73302000 57000 1800
load_X5 1791408591.697244265 73316000 57000 1800
load_X5 1791408592.142747059 73316000 57000 1800
load_X5 1791408592.396424732 73316000 57000 1800
load_X5 1791408592.649647980 73316000 57000 1800
load_X5 1791408592.903250763 116891000 100000 2399
load_X5 1791408593.356136497 116891000 100000 2399
load_X5 1791408593.609449965 116891000 100000 2399
load_X5 1791408593.862581370 116891000 100000 2399
load_X5 1791408594.115907903 117345000 103000 2399
load_X5 1791408594.567812118 117345000 103000 2399
load_X5 1791408594.821355850 117345000 103000 2399
load_X5 1791408595.075064122 117345000 103000 2399
load_X5 1791408595.328572058 117131000 102000 2420
load_X5 1791408595.778051335 117131000 102000 2420
load_X5 1791408596.031616999 117131000 102000 2420
load_X5 1791408596.284666060 117131000 102000 2420
load_X5 1791408596.538447500 117365000 100000 2420
load_X5 1791408596.991993450 117365000 100000 2420
load_X5 1791408597.245491767 117365000 100000 2420
load_X5 1791408597.498985827 117365000 100000 2420
load_X5 1791408597.752435212 115207000 101000 2340
load_X5 1791408598.202078340 115207000 101000 2340
load_X5 1791408598.455449548 115207000 101000 2340
load_X5 1791408598.708688698 115207000 101000 2340
load_X5 1791408598.961712953 117198000 104000 2420
load_X5 1791408599.414317935 117198000 104000 2420
load_X5 1791408599.667787880 117198000 104000 2420
load_X5 1791408599.920847332 117198000 104000 2420
load_X5 1791408600.174404201 117671000 101000 2440
load_X5 1791408600.627313834 117671000 101000 2440
load_X5 1791408600.880509742 117671000 101000 2440
load_X5 1791408601.133948008 117671000 101000 2440
load_X5 1791408601.387754036 118378000 102000 2440
load_X5 1791408601.838328551 118378000 102000 2440
load_X5 1791408602.091951705 118378000 102000 2440
load_X5 1791408602.345213799 118378000 102000 2440
load_X5 1791408602.598727777 118151000 104000 2420
load_X5 1791408603.050405310 118151000 104000 2420
load_X5 1791408603.303999380 118151000 104000 2420
load_X5 1791408603.557613658 118151000 104000 2420
load_X5 1791408603.810760715 118398000 101000 2440
load_X5 1791408604.263074157 118398000 101000 2440
load_X5 1791408604.516595150 118398000 101000 2440
load_X5 1791408604.769529467 118398000 101000 2440
load_X5 1791408605.023177829 118392000 103000 2440
load_X5 1791408605.475446458 118392000 103000 2440
load_X5 1791408605.729253549 118392000 103000 2440
load_X5 1791408605.982710762 118392000 103000 2440
load_X5 1791408606.235867719 114772000 103000 2440
load_X5 1791408606.687544643 114772000 103000 2440
load_X5 1791408606.940950319 114772000 103000 2440
load_X5 1791408607.194482663 114772000 103000 2440
load_X5 1791408607.448448224 118611000 101000 2440
load_X5 1791408607.898820200 118611000 101000 2440
load_X5 1791408608.152381179 118611000 101000 2440
load_X5 1791408608.406223638 118611000 101000 2440
load_X5 1791408608.659430971 119110000 105000 2459
load_X5 1791408609.110460737 119110000 105000 2459
load_X5 1791408609.363808284 119110000 105000 2459
load_X5 1791408609.617214602 119110000 105000 2459
load_X5 1791408609.871143484 119111000 102000 2480
load_X5 1791408610.322558978 119111000 102000 2480
load_X5 1791408610.576017484 119111000 102000 2480
load_X5 1791408610.829603872 119111000 102000 2480
load_X5 1791408611.083259870 119350000 102000 2459
load_X5 1791408611.536008506 119350000 102000 2459
load_X5 1791408611.789475610 119350000 102000 2459
load_X5 1791408612.042561655 119350000 102000 2459
load_X5 1791408612.295916296 119330000 101000 2459
load_X5 1791408612.747184283 119330000 101000 2459
load_X5 1791408613.000717681 119330000 101000 2459
load_X5 1791408613.254213759 119330000 101000 2459
load_X5 1791408613.507407648 119590000 106000 2459
load_X5 1791408613.959808770 119590000 106000 2459
load_X5 1791408614.213207295 119590000 106000 2459
load_X5 1791408614.466560825 119590000 106000 2459
load_X5 1791408614.719883286 119590000 105000 2459
load_X5 1791408615.171500062 119590000 105000 2459
load_X5 1791408615.425306555 119590000 105000 2459
load_X5 1791408615.678985839 119590000 105000 2459
load_X5 1791408615.932284156 119591000 105000 2459
load_X5 1791408616.383086938 119591000 105000 2459
load_X5 1791408616.636496173 119591000 105000 2459
load_X5 1791408616.890156202 119591000 105000 2459
load_X5 1791408617.143584152 120094000 104000 2480
load_X5 1791408617.595397359 120094000 104000 2480
load_X5 1791408617.848666301 120094000 104000 2480
load_X5 1791408618.102222183 120094000 104000 2480
load_X5 1791408618.355645916 118875000 104000 2480
load_X5 1791408618.909032357 118875000 104000 2480
load_X5 1791408619.162420273 118875000 104000 2480
load_X5 1791408619.416245944 118875000 104000 2480
load_X5 1791408619.669669998 117430000 103000 2480
load_X5 1791408620.221751882 117430000 103000 2480
load_X5 1791408620.475029831 117430000 103000 2480
load_X5 1791408620.728507918 117430000 103000 2480
load_X5 1791408620.982212331 120309000 104000 2480
load_X5 1791408621.432655959 120309000 104000 2480
load_X5 1791408621.686154434 120309000 104000 2480
load_X5 1791408621.939763297 120309000 104000 2480
load_X5 1791408622.193108323 120492000 108000 2480
load_X5 1791408622.644984802 120492000 108000 2480
load_X5 1791408622.898483618 120492000 108000 2480
load_X5 1791408623.151992423 120492000 108000 2480
load_X5 1791408623.405461594 119094000 106000 2480
load_X5 1791408623.857475011 119094000 106000 2480
load_X5 1791408624.110180282 119094000 106000 2480
load_X5 1791408624.363789828 119094000 106000 2480
load_X5 1791408624.617386699 120289000 105000 2480
load_X5 1791408625.068190217 120289000 105000 2480
load_X5 1791408625.321029291 120289000 105000 2480
load_X5 1791408625.574701966 120289000 105000 2480
load_X5 1791408625.828047334 121010000 107000 2500
load_X5 1791408626.382181658 121010000 107000 2500
load_X5 1791408626.635743374 121010000 107000 2500
load_X5 1791408626.889365423 121010000 107000 2500
load_X5 1791408627.142921198 121036000 101000 2480
load_X5 1791408627.594773484 121036000 101000 2480
load_X5 1791408627.848002463 121036000 101000 2480
load_X5 1791408628.101704814 121036000 101000 2480
load_X5 1791408628.355221997 120530000 105000 2480
load_X5 1791408628.807031302 120530000 105000 2480
load_X5 1791408629.060485416 120530000 105000 2480
load_X5 1791408629.313398831 120530000 105000 2480
load_X5 1791408629.566548110 121577000 104000 2500
load_X5 1791408630.017536139 121577000 104000 2500
load_X5 1791408630.271120348 121577000 104000 2500
load_X5 1791408630.524267554 121577000 104000 2500
load_X5 1791408630.777651997 121336000 108000 2399
load_X5 1791408631.230560735 121336000 108000 2399
load_X5 1791408631.483781620 121336000 108000 2399
load_X5 1791408631.737288504 121336000 108000 2399
load_X5 1791408631.990868205 121270000 109000 2500
load_X5 1791408632.442628651 121270000 109000 2500
load_X5 1791408632.695533080 121270000 109000 2500
load_X5 1791408632.948736963 121270000 109000 2500
load_X5 1791408633.202220494 121557000 108000 2500
load_X5 1791408633.655124714 121557000 108000 2500
load_X5 1791408633.908931825 121557000 108000 2500
load_X5 1791408634.162477903 121557000 108000 2500
load_X5 1791408634.415621463 121577000 105000 2500
load_X5 1791408634.865559857 121577000 105000 2500
load_X5 1791408635.119129360 121577000 105000 2500
load_X5 1791408635.372657865 121577000 105000 2500
load_X5 1791408635.626127059 121816000 102000 2520
load_X5 1791408636.079169332 121816000 102000 2520
load_X5 1791408636.332624750 121816000 102000 2520
load_X5 1791408636.585533288 121816000 102000 2520
load_X5 1791408636.838687649 121557000 104000 2520
load_X5 1791408637.291244467 121557000 104000 2520
load_X5 1791408637.544263334 121557000 104000 2520
load_X5 1791408637.797781571 121557000 104000 2520
load_X5 1791408638.051215599 121816000 105000 2520
load_X5 1791408638.503064995 121816000 105000 2520
load_X5 1791408638.756287615 121816000 105000 2520
load_X5 1791408639.009642525 121816000 105000 2520
load_X5 1791408639.263055184 122055000 107000 2420
load_X5 1791408639.713747360 122055000 107000 2420
load_X5 1791408639.967355667 122055000 107000 2420
load_X5 1791408640.220409440 122055000 107000 2420
load_X5 1791408640.473967804 122295000 107000 2520
load_X5 1791408640.926344715 122295000 107000 2520
load_X5 1791408641.180164000 122295000 107000 2520
load_X5 1791408641.433466602 122295000 107000 2520
load_X5 1791408641.686721434 121334000 105000 2520
load_X5 1791408642.139451120 121334000 105000 2520
load_X5 1791408642.392904467 121334000 105000 2520
load_X5 1791408642.646046015 121334000 105000 2520
load_X5 1791408642.899533666 122535000 105000 2500
load_X5 1791408643.350720156 122535000 105000 2500
load_X5 1791408643.604188891 122535000 105000 2500
load_X5 1791408643.857560865 122535000 105000 2500
load_X5 1791408644.110715027 121579000 105000 2520
load_X5 1791408644.561814323 121579000 105000 2520
load_X5 1791408644.815178963 121579000 105000 2520
load_X5 1791408645.068660673 121579000 105000 2520
load_X5 1791408645.322140751 122775000 107000 2520
load_X5 1791408645.773716264 122775000 107000 2520
load_X5 1791408646.026909451 122775000 107000 2520
load_X5 1791408646.280379871 122775000 107000 2520
load_X5 1791408646.533601141 122776000 105000 2520
load_X5 1791408646.985768580 122776000 105000 2520
load_X5 1791408647.239228099 122776000 105000 2520
load_X5 1791408647.492737122 122776000 105000 2520
load_X5 1791408647.745879915 122774000 104000 2520
load_X5 1791408648.199444978 122774000 104000 2520
load_X5 1791408648.452808336 122774000 104000 2520
load_X5 1791408648.706224705 122774000 104000 2520
load_X5 1791408648.959546865 123016000 103000 2540
load_X5 1791408649.409902122 123016000 103000 2540
load_X5 1791408649.663259910 123016000 103000 2540
load_X5 1791408649.916472084 123016000 103000 2540
load_X5 1791408650.169982560 123255000 106000 2520
load_X5 1791408650.622568500 123255000 106000 2520
load_X5 1791408650.875706925 123255000 106000 2520
load_X5 1791408651.128953945 123255000 106000 2520
load_X5 1791408651.382182220 123016000 108000 2520
load_X5 1791408651.834628307 123016000 108000 2520
load_X5 1791408652.088032072 123016000 108000 2520
load_X5 1791408652.341392777 123016000 108000 2520
load_X5 1791408652.594408130 123235000 104000 2520
load_X5 1791408653.046803793 123235000 104000 2520
load_X5 1791408653.300147405 123235000 104000 2520
load_X5 1791408653.553156568 123235000 104000 2520
load_X5 1791408653.806646777 121800000 107000 2540
load_X5 1791408654.259423448 121800000 107000 2540
load_X5 1791408654.512746191 121800000 107000 2540
load_X5 1791408654.766609093 121800000 107000 2540
load_X5 1791408655.020294029 123974000 109000 2540
load_X5 1791408655.470504315 123974000 109000 2540
load_X5 1791408655.723731789 123974000 109000 2540
load_X5 1791408655.977175161 123974000 109000 2540
load_X5 1791408656.230737516 121071000 106000 2540
load_X5 1791408656.682975173 121071000 106000 2540
load_X5 1791408656.936350336 121071000 106000 2540
load_X5 1791408657.189787185 121071000 106000 2540
load_X5 1791408657.443218083 123474000 105000 2540
load_X5 1791408657.894624073 123474000 105000 2540
load_X5 1791408658.148243026 123474000 105000 2540
load_X5 1791408658.401788661 123474000 105000 2540
load_X5 1791408658.655492694 123520000 106000 2540
load_X5 1791408659.105910413 123520000 106000 2540
load_X5 1791408659.359236904 123520000 106000 2540
load_X5 1791408659.612305240 123520000 106000 2540
load_X5 1791408659.866234598 123976000 107000 2540
load_X5 1791408660.318260488 123976000 107000 2540
load_X5 1791408660.571671670 123976000 107000 2540
load_X5 1791408660.824753341 123976000 107000 2540
load_X5 1791408661.078282665 123956000 105000 2440
load_X5 1791408661.530418603 123956000 105000 2440
load_X5 1791408661.783535069 123956000 105000 2440
load_X5 1791408662.036988110 123956000 105000 2440
load_X5 1791408662.290519109 123950000 105000 2560
load_X5 1791408662.742645078 123950000 105000 2560
load_X5 1791408662.996204610 123950000 105000 2560
load_X5 1791408663.249700923 123950000 105000 2560
load_X5 1791408663.503455823 124399000 109000 2560
load_X5 1791408663.955178022 124399000 109000 2560
load_X5 1791408664.208756711 124399000 109000 2560
load_X5 1791408664.462320331 124399000 109000 2560
load_X5 1791408664.715916483 120615000 106000 2560
load_X5 1791408665.166212104 120615000 106000 2560
load_X5 1791408665.419640790 120615000 106000 2560
load_X5 1791408665.673077562 120615000 106000 2560
load_X5 1791408665.926667201 124418000 108000 2560
load_X5 1791408666.378711929 124418000 108000 2560
load_X5 1791408666.631832505 124418000 108000 2560
load_X5 1791408666.884903218 124418000 108000 2560
load_X5 1791408667.138453914 124735000 111000 2560
load_X5 1791408667.590572422 124735000 111000 2560
load_X5 1791408667.843884739 124735000 111000 2560
load_X5 1791408668.097323064 124735000 111000 2560
load_X5 1791408668.350666992 124716000 111000 2560
load_X5 1791408668.803099581 124716000 111000 2560
load_X5 1791408669.056572231 124716000 111000 2560
load_X5 1791408669.309764243 124716000 111000 2560
load_X5 1791408669.562993685 124547000 108000 2399
load_X5 1791408670.014669519 124547000 108000 2399
load_X5 1791408670.268011794 124547000 108000 2399
load_X5 1791408670.521277124 124547000 108000 2399
load_X5 1791408670.774839824 125174000 107000 2560
load_X5 1791408671.227113085 125174000 107000 2560
load_X5 1791408671.480519841 125174000 107000 2560
load_X5 1791408671.733966854 125174000 107000 2560
load_X5 1791408671.987351529 124040000 106000 2560
load_X5 1791408672.438665583 124040000 106000 2560
load_X5 1791408672.691915484 124040000 106000 2560
load_X5 1791408672.945417460 124040000 106000 2560
load_X5 1791408673.198971274 125220000 110000 2580
load_X5 1791408673.649839910 125220000 110000 2580
load_X5 1791408673.903421096 125220000 110000 2580
load_X5 1791408674.157018492 125220000 110000 2580
load_X5 1791408674.410439126 125221000 110000 2580
load_X5 1791408674.862105585 125221000 110000 2580
load_X5 1791408675.115267631 125221000 110000 2580
load_X5 1791408675.368603646 125221000 110000 2580
load_X5 1791408675.622000805 124743000 109000 2580
load_X5 1791408676.075377897 124743000 109000 2580
load_X5 1791408676.328783543 124743000 109000 2580
load_X5 1791408676.582243061 124743000 109000 2580
load_X5 1791408676.835449110 125480000 108000 2560
load_X5 1791408677.285751591 125480000 108000 2560
load_X5 1791408677.539331866 125480000 108000 2560
load_X5 1791408677.792383074 125480000 108000 2560
load_X5 1791408678.045789141 125460000 111000 2580
load_X5 1791408678.498965427 125460000 111000 2580
load_X5 1791408678.752040771 125460000 111000 2580
load_X5 1791408679.005215372 125460000 111000 2580
load_X5 1791408679.258542601 125700000 107000 2580
load_X5 1791408679.710998240 125700000 107000 2580
load_X5 1791408679.964428763 125700000 107000 2580
load_X5 1791408680.218203836 125700000 107000 2580
load_X5 1791408680.471832222 125700000 109000 2600
load_X5 1791408680.921853334 125700000 109000 2600
load_X5 1791408681.175234946 125700000 109000 2600
load_X5 1791408681.428413415 125700000 109000 2600
load_X5 1791408681.681492066 125940000 107000 2580
load_X5 1791408682.133828752 125940000 107000 2580
load_X5 1791408682.387177172 125940000 107000 2580
load_X5 1791408682.640757147 125940000 107000 2580
load_X5 1791408682.894056014 125960000 111000 2580
load_X5 1791408683.347256838 125960000 111000 2580
load_X5 1791408683.600215433 125960000 111000 2580
load_X5 1791408683.853523888 125960000 111000 2580
load_X5 1791408684.106747653 125940000 112000 2600
load_X5 1791408684.558208279 125940000 112000 2600
load_X5 1791408684.811501125 125940000 112000 2600
load_X5 1791408685.064894179 125940000 112000 2600
load_X5 1791408685.318436865 126181000 108000 2600
load_X5 1791408685.770836611 126181000 108000 2600
load_X5 1791408686.024251577 126181000 108000 2600
load_X5 1791408686.277700447 126181000 108000 2600
load_X5 1791408686.530974628 123559000 109000 2600
load_X5 1791408686.982449321 123559000 109000 2600
load_X5 1791408687.235624576 123559000 109000 2600
load_X5 1791408687.489102811 123559000 109000 2600
load_X5 1791408687.742535040 126420000 106000 2580
load_X5 1791408688.195408350 126420000 106000 2580
load_X5 1791408688.449097533 126420000 106000 2580
load_X5 1791408688.702458688 126420000 106000 2580
load_X5 1791408688.955848778 126181000 111000 2600
load_X5 1791408689.406727811 126181000 111000 2600
load_X5 1791408689.659976654 126181000 111000 2600
load_X5 1791408689.913407732 126181000 111000 2600
load_X5 1791408690.166717641 126660000 111000 2580
load_X5 1791408690.618009211 126660000 111000 2580
load_X5 1791408690.871444146 126660000 111000 2580
load_X5 1791408691.124863301 126660000 111000 2580
load_X5 1791408691.378168632 126681000 109000 2500
load_X5 1791408691.830586976 126681000 109000 2500
load_X5 1791408692.083797688 126681000 109000 2500
load_X5 1791408692.337595637 126681000 109000 2500
load_X5 1791408692.590686424 126900000 109000 2600
load_X5 1791408693.043068430 126900000 109000 2600
load_X5 1791408693.296130974 126900000 109000 2600
load_X5 1791408693.549657943 126900000 109000 2600
load_X5 1791408693.802639514 126921000 109000 2600
load_X5 1791408694.254171148 126921000 109000 2600
load_X5 1791408694.507397100 126921000 109000 2600
load_X5 1791408694.761053443 126921000 109000 2600
load_X5 1791408695.014386207 123801000 110000 2600
load_X5 1791408695.467356602 123801000 110000 2600
load_X5 1791408695.720667926 123801000 110000 2600
load_X5 1791408695.973585387 123801000 110000 2600
load_X5 1791408696.226978544 126899000 112000 2600
load_X5 1791408696.679596927 126899000 112000 2600
load_X5 1791408696.932618294 126899000 112000 2600
load_X5 1791408697.185996754 126899000 112000 2600
load_X5 1791408697.439252343 126706000 113000 2580
load_X5 1791408697.890671186 126706000 113000 2580
load_X5 1791408698.143909673 126706000 113000 2580
load_X5 1791408698.397016231 126706000 113000 2580
load_X5 1791408698.650345789 127140000 110000 2620
load_X5 1791408699.102643319 127140000 110000 2620
load_X5 1791408699.355790964 127140000 110000 2620
load_X5 1791408699.609109011 127140000 110000 2620
load_X5 1791408699.862440503 127103000 108000 2500
load_X5 1791408700.315292418 127103000 108000 2500
load_X5 1791408700.568679996 127103000 108000 2500
load_X5 1791408700.822318477 127103000 108000 2500
load_X5 1791408701.075817596 127400000 109000 2600
load_X5 1791408701.526052871 127400000 109000 2600
load_X5 1791408701.779377981 127400000 109000 2600
load_X5 1791408702.032841342 127400000 109000 2600
load_X5 1791408702.286108785 127140000 113000 2620
load_X5 1791408702.737826944 127140000 113000 2620
load_X5 1791408702.991155502 127140000 113000 2620
load_X5 1791408703.244316524 127140000 113000 2620
load_X5 1791408703.497558568 127400000 111000 2620
load_X5 1791408703.951511960 127400000 111000 2620
load_X5 1791408704.204824909 127400000 111000 2620
load_X5 1791408704.458152224 127400000 111000 2620
load_X5 1791408704.711725182 127426000 108000 2620
load_X5 1791408705.163605058 127426000 108000 2620
load_X5 1791408705.417197964 127426000 108000 2620
load_X5 1791408705.670592346 127426000 108000 2620
load_X5 1791408705.924033567 126664000 107000 2620
load_X5 1791408706.375448988 126664000 107000 2620
load_X5 1791408706.628574373 126664000 107000 2620
load_X5 1791408706.881621712 126664000 107000 2620
load_X5 1791408707.134795709 127640000 113000 2620
load_X5 1791408707.586272256 127640000 113000 2620
load_X5 1791408707.839740087 127640000 113000 2620
load_X5 1791408708.093235430 127640000 113000 2620
load_X5 1791408708.346475612 127859000 113000 2639
load_X5 1791408708.799508201 127859000 113000 2639
load_X5 1791408709.052997964 127859000 113000 2639
load_X5 1791408709.306514818 127859000 113000 2639
load_X5 1791408709.559620317 127619000 108000 2639
load_X5 1791408710.010332104 127619000 108000 2639
load_X5 1791408710.263628432 127619000 108000 2639
load_X5 1791408710.516971920 127619000 108000 2639
load_X5 1791408710.770587951 128146000 110000 2620
load_X5 1791408711.223553074 128146000 110000 2620
load_X5 1791408711.477045773 128146000 110000 2620
load_X5 1791408711.730392577 128146000 110000 2620
load_X5 1791408711.983755291 128120000 111000 2639
load_X5 1791408712.434599608 128120000 111000 2639
load_X5 1791408712.688068763 128120000 111000 2639
load_X5 1791408712.940957124 128120000 111000 2639
load_X5 1791408713.194318927 127880000 109000 2620
load_X5 1791408713.646387702 127880000 109000 2620
load_X5 1791408713.900129020 127880000 109000 2620
load_X5 1791408714.153481595 127880000 109000 2620
load_X5 1791408714.407102847 127408000 114000 2620
load_X5 1791408714.859601463 127408000 114000 2620
load_X5 1791408715.113014212 127408000 114000 2620
load_X5 1791408715.366318307 127408000 114000 2620
load_X5 1791408715.619660453 128340000 111000 2639
load_X5 1791408716.071474569 128340000 111000 2639
load_X5 1791408716.324776029 128340000 111000 2639
load_X5 1791408716.578153001 128340000 111000 2639
load_X5 1791408716.831450143 125746000 111000 2639
load_X5 1791408717.283737602 125746000 111000 2639
load_X5 1791408717.537153257 125746000 111000 2639
load_X5 1791408717.790372422 125746000 111000 2639
load_X5 1791408718.043441484 128361000 113000 2639
load_X5 1791408718.493741329 128361000 113000 2639
load_X5 1791408718.747104846 128361000 113000 2639
load_X5 1791408719.000303563 128361000 113000 2639
load_X5 1791408719.253672641 128886000 108000 2639
load_X5 1791408719.707531121 128886000 108000 2639
load_X5 1791408719.960884980 128886000 108000 2639
load_X5 1791408720.214332035 128886000 108000 2639
load_X5 1791408720.467586037 129126000 112000 2639
load_X5 1791408720.919778087 129126000 112000 2639
load_X5 1791408721.173014506 129126000 112000 2639
load_X5 1791408721.426466481 129126000 112000 2639
load_X5 1791408721.679941499 128886000 114000 2660
load_X5 1791408722.130993281 128886000 114000 2660
load_X5 1791408722.384802640 128886000 114000 2660
load_X5 1791408722.638323364 128886000 114000 2660
load_X5 1791408722.891769017 128646000 113000 2639
load_X5 1791408723.343696801 128646000 113000 2639
load_X5 1791408723.596803736 128646000 113000 2639
load_X5 1791408723.850084729 128646000 113000 2639
load_X5 1791408724.103448919 127951000 110000 2639
load_X5 1791408724.555013639 127951000 110000 2639
load_X5 1791408724.808201447 127951000 110000 2639
load_X5 1791408725.061465789 127951000 110000 2639
load_X5 1791408725.314886706 129126000 113000 2639
load_X5 1791408725.767602295 129126000 113000 2639
load_X5 1791408726.021004397 129126000 113000 2639
load_X5 1791408726.274398143 129126000 113000 2639
load_X5 1791408726.527600088 129125000 110000 2639
load_X5 1791408726.979714495 129125000 110000 2639
load_X5 1791408727.233090338 129125000 110000 2639
load_X5 1791408727.486412990 129125000 110000 2639
load_X5 1791408727.740030618 129366000 110000 2639
load_X5 1791408728.191222347 129366000 110000 2639
load_X5 1791408728.444497350 129366000 110000 2639
load_X5 1791408728.698052651 129366000 110000 2639
load_X5 1791408728.951429005 129366000 113000 2639
load_X5 1791408729.403970148 129366000 113000 2639
load_X5 1791408729.657280778 129366000 113000 2639
load_X5 1791408729.910581019 129366000 113000 2639
load_X5 1791408730.163652889 129126000 114000 2639
load_X5 1791408730.613976484 129126000 114000 2639
load_X5 1791408730.867385660 129126000 114000 2639
load_X5 1791408731.120674469 129126000 114000 2639
load_X5 1791408731.374260239 129605000 110000 2660
load_X5 1791408731.826396188 129605000 110000 2660
load_X5 1791408732.079632940 129605000 110000 2660
load_X5 1791408732.333297217 129605000 110000 2660
load_X5 1791408732.586719048 128410000 115000 2660
load_X5 1791408733.038415610 128410000 115000 2660
load_X5 1791408733.291875192 128410000 115000 2660
load_X5 1791408733.545273248 128410000 115000 2660
load_X5 1791408733.798089788 129626000 112000 2660
load_X5 1791408734.251191328 129626000 112000 2660
load_X5 1791408734.504581460 129626000 112000 2660
load_X5 1791408734.757890248 129626000 112000 2660
load_X5 1791408735.011371521 127463000 114000 2679
load_X5 1791408735.463283851 127463000 114000 2679
load_X5 1791408735.716777217 127463000 114000 2679
load_X5 1791408735.969935702 127463000 114000 2679
load_X5 1791408736.223415643 130085000 114000 2660
load_X5 1791408736.674934422 130085000 114000 2660
load_X5 1791408736.928372464 130085000 114000 2660
load_X5 1791408737.181831786 130085000 114000 2660
load_X5 1791408737.435033834 127682000 113000 2660
load_X5 1791408737.886168680 127682000 113000 2660
load_X5 1791408738.139554424 127682000 113000 2660
load_X5 1791408738.392641826 127682000 113000 2660
load_X5 1791408738.645488694 130085000 115000 2639
load_X5 1791408739.099666975 130085000 115000 2639
load_X5 1791408739.352765308 130085000 115000 2639
load_X5 1791408739.606235461 130085000 115000 2639
load_X5 1791408739.859671991 129871000 114000 2660
load_X5 1791408740.311608128 129871000 114000 2660
load_X5 1791408740.564954679 129871000 114000 2660
load_X5 1791408740.817921103 129871000 114000 2660
idle1 1791408741.484352978 130085000 111000 2660
idle1 1791408741.927825419 130085000 111000 2660
idle1 1791408742.183188149 130085000 111000 2660
idle1 1791408742.437857873 130085000 111000 2660
idle1 1791408742.693112239 85091000 67000 2040
idle1 1791408743.139723082 85091000 67000 2040
idle1 1791408743.394040883 85091000 67000 2040
idle1 1791408743.648462580 85091000 67000 2040
idle1 1791408743.902243490 84867000 67000 2020
idle1 1791408744.353364213 84867000 67000 2020
idle1 1791408744.608251788 84867000 67000 2020
idle1 1791408744.863342807 84867000 67000 2020
idle1 1791408745.118087733 84354000 67000 2020
idle1 1791408745.564601917 84354000 67000 2020
idle1 1791408745.819792944 84354000 67000 2020
idle1 1791408746.074807458 84354000 67000 2020
idle1 1791408746.329421839 84370000 67000 2020
idle1 1791408746.775486425 84370000 67000 2020
idle1 1791408747.030804412 84370000 67000 2020
idle1 1791408747.286154850 84370000 67000 2020
idle1 1791408747.541325740 84079000 66000 2020
idle1 1791408747.990107537 84079000 66000 2020
idle1 1791408748.245376632 84079000 66000 2020
idle1 1791408748.500476628 84079000 66000 2020
idle1 1791408748.755384122 84114000 66000 1999
idle1 1791408749.301769326 84114000 66000 1999
idle1 1791408749.556763664 84114000 66000 1999
idle1 1791408749.811217734 84114000 66000 1999
idle1 1791408750.065559552 84048000 66000 1999
idle1 1791408750.615019070 84048000 66000 1999
idle1 1791408750.870369499 84048000 66000 1999
idle1 1791408751.125260042 84048000 66000 1999
idle1 1791408751.380899065 83584000 66000 1999
idle1 1791408751.826543542 83584000 66000 1999
idle1 1791408752.081546967 83584000 66000 1999
idle1 1791408752.336901424 83584000 66000 1999
idle1 1791408752.590680664 83599000 66000 1999
idle1 1791408753.038297828 83599000 66000 1999
idle1 1791408753.292557001 83599000 66000 1999
idle1 1791408753.546254397 83599000 66000 1999
idle1 1791408753.800075243 83584000 66000 1999
idle1 1791408754.250213719 83584000 66000 1999
idle1 1791408754.504855673 83584000 66000 1999
idle1 1791408754.758833546 83584000 66000 1999
idle1 1791408755.013780276 83344000 66000 1999
idle1 1791408755.462053357 83344000 66000 1999
idle1 1791408755.716928872 83344000 66000 1999
idle1 1791408755.971204807 83344000 66000 1999
idle1 1791408756.225281757 83103000 66000 1999
idle1 1791408756.775374251 83103000 66000 1999
idle1 1791408757.030488206 83103000 66000 1999
idle1 1791408757.285905422 83103000 66000 1999
idle1 1791408757.541001954 83344000 65000 1999
idle1 1791408757.987988753 83344000 65000 1999
idle1 1791408758.242338968 83344000 65000 1999
idle1 1791408758.497178537 83344000 65000 1999
idle1 1791408758.751730874 82862000 65000 1999
idle1 1791408759.200102431 82862000 65000 1999
idle1 1791408759.455591894 82862000 65000 1999
idle1 1791408759.710691041 82862000 65000 1999
idle1 1791408759.965626761 82629000 65000 1979
idle1 1791408760.411978925 82629000 65000 1979
idle1 1791408760.667149758 82629000 65000 1979
idle1 1791408760.922448121 82629000 65000 1979
idle1 1791408761.177610098 82623000 65000 1979
idle1 1791408761.624472944 82623000 65000 1979
idle1 1791408761.879293917 82623000 65000 1979
idle1 1791408762.133982972 82623000 65000 1979
idle1 1791408762.389110874 82623000 65000 1979
idle1 1791408762.836108054 82623000 65000 1979
idle1 1791408763.091129446 82623000 65000 1979
idle1 1791408763.346074454 82623000 65000 1979
idle1 1791408763.601161810 82645000 65000 1979
idle1 1791408764.048198684 82645000 65000 1979
idle1 1791408764.302902137 82645000 65000 1979
idle1 1791408764.557754892 82645000 65000 1979
idle1 1791408764.812852638 82623000 65000 1979
idle1 1791408765.259102650 82623000 65000 1979
idle1 1791408765.513136952 82623000 65000 1979
idle1 1791408765.767755996 82623000 65000 1979
idle1 1791408766.022547696 82127000 65000 1979
idle1 1791408766.472527817 82127000 65000 1979
idle1 1791408766.727686108 82127000 65000 1979
idle1 1791408766.981819437 82127000 65000 1979
idle1 1791408767.237021420 82607000 65000 1979
idle1 1791408767.683642814 82607000 65000 1979
idle1 1791408767.937556510 82607000 65000 1979
idle1 1791408768.192168952 82607000 65000 1979
idle1 1791408768.447020655 82383000 65000 1960
idle1 1791408768.894340346 82383000 65000 1960
idle1 1791408769.149137506 82383000 65000 1960
idle1 1791408769.403178302 82383000 65000 1960
idle1 1791408769.657497221 81903000 65000 1979
idle1 1791408770.108248978 81903000 65000 1979
idle1 1791408770.363616223 81903000 65000 1979
idle1 1791408770.618361967 81903000 65000 1979
idle1 1791408770.873191849 82127000 65000 1979
idle1 1791408771.319782707 82127000 65000 1979
idle1 1791408771.574485620 82127000 65000 1979
idle1 1791408771.828477393 82127000 65000 1979
idle1 1791408772.083524375 81903000 65000 1960
idle1 1791408772.531604179 81903000 65000 1960
idle1 1791408772.785585624 81903000 65000 1960
idle1 1791408773.040470430 81903000 65000 1960
idle1 1791408773.294598782 81668000 64000 1979
idle1 1791408773.744464852 81668000 64000 1979
idle1 1791408773.999342666 81668000 64000 1979
idle1 1791408774.254192337 81668000 64000 1979
idle1 1791408774.509431230 81678000 64000 1960
idle1 1791408774.955833524 81678000 64000 1960
idle1 1791408775.210934187 81678000 64000 1960
idle1 1791408775.465796802 81678000 64000 1960
idle1 1791408775.720687821 81641000 64000 1960
idle1 1791408776.168094198 81641000 64000 1960
idle1 1791408776.423746581 81641000 64000 1960
idle1 1791408776.678759890 81641000 64000 1960
idle1 1791408776.933849293 81422000 65000 1960
idle1 1791408777.381054972 81422000 65000 1960
idle1 1791408777.635220184 81422000 65000 1960
idle1 1791408777.890191985 81422000 65000 1960
idle1 1791408778.143938527 81663000 64000 1960
idle1 1791408778.591640752 81663000 64000 1960
idle1 1791408778.846871051 81663000 64000 1960
idle1 1791408779.101985822 81663000 64000 1960
idle1 1791408779.357478085 81422000 64000 1960
idle1 1791408779.803684982 81422000 64000 1960
idle1 1791408780.058506190 81422000 64000 1960
idle1 1791408780.312436780 81422000 64000 1960
idle1 1791408780.566865989 81422000 64000 1960
idle1 1791408781.015923459 81422000 64000 1960
idle1 1791408781.271178886 81422000 64000 1960
idle1 1791408781.526122805 81422000 64000 1960
idle1 1791408781.781142357 81428000 64000 1960
idle1 1791408782.227862403 81428000 64000 1960
idle1 1791408782.482755437 81428000 64000 1960
idle1 1791408782.737463032 81428000 64000 1960
idle1 1791408782.992468898 81181000 64000 1960
idle1 1791408783.437929281 81181000 64000 1960
idle1 1791408783.692169184 81181000 64000 1960
idle1 1791408783.946069318 81181000 64000 1960
idle1 1791408784.200106189 81196000 64000 1960
idle1 1791408784.649901660 81196000 64000 1960
idle1 1791408784.902621239 81196000 64000 1960
idle1 1791408785.155981235 81196000 64000 1960
idle1 1791408785.409107581 81310000 63000 1960
idle1 1791408785.862058959 81310000 63000 1960
idle1 1791408786.116022934 81310000 63000 1960
idle1 1791408786.370472173 81310000 63000 1960
idle1 1791408786.624537318 81079000 63000 1960
idle1 1791408787.083306018 81079000 63000 1960
idle1 1791408787.343843839 81079000 63000 1960
idle1 1791408787.609013117 81079000 63000 1960
idle1 1791408787.867826319 81057000 63000 1960
idle1 1791408788.292021925 81057000 63000 1960
idle1 1791408788.552232781 81057000 63000 1960
idle1 1791408788.808189781 81057000 63000 1960
idle1 1791408789.066941026 81027000 63000 1939
idle1 1791408789.503943504 81027000 63000 1939
idle1 1791408789.764189787 81027000 63000 1939
idle1 1791408790.019233045 81027000 63000 1939
idle1 1791408790.275523825 80569000 63000 1939
idle1 1791408790.713297096 80569000 63000 1939
idle1 1791408790.969638641 80569000 63000 1939
idle1 1791408791.222496242 80569000 63000 1939
idle1 1791408791.476032121 80569000 64000 1939
idle1 1791408791.925510317 80569000 64000 1939
idle1 1791408792.180680235 80569000 64000 1939
idle1 1791408792.436238805 80569000 64000 1939
idle1 1791408792.696080816 80542000 63000 1960
idle1 1791408793.136237890 80542000 63000 1960
idle1 1791408793.393961059 80542000 63000 1960
idle1 1791408793.652738615 80542000 63000 1960
idle1 1791408793.907642852 80548000 63000 1939
idle1 1791408794.347678527 80548000 63000 1939
idle1 1791408794.602806797 80548000 63000 1939
idle1 1791408794.858044443 80548000 63000 1939
idle1 1791408795.118161474 80330000 63000 1939
idle1 1791408795.561131228 80330000 63000 1939
idle1 1791408795.815241119 80330000 63000 1939
idle1 1791408796.069408449 80330000 63000 1939
idle1 1791408796.323496719 80301000 63000 1939
idle1 1791408796.772146957 80301000 63000 1939
idle1 1791408797.026444172 80301000 63000 1939
idle1 1791408797.279848714 80301000 63000 1939
idle1 1791408797.532146171 80280000 63000 1939
idle1 1791408797.981921289 80280000 63000 1939
idle1 1791408798.235376467 80280000 63000 1939
idle1 1791408798.489600644 80280000 63000 1939
idle1 1791408798.743223669 80301000 63000 1939
idle1 1791408799.196587099 80301000 63000 1939
idle1 1791408799.451024338 80301000 63000 1939
idle1 1791408799.704160635 80301000 63000 1939
idle1 1791408799.958050473 80343000 63000 1939
idle1 1791408800.406354680 80343000 63000 1939
idle1 1791408800.660050723 80343000 63000 1939
idle1 1791408800.913862664 80343000 63000 1939
load_G22_ons 1791408801.169777858 80105000 62000 1939
load_G22_ons 1791408801.619599475 80105000 62000 1939
load_G22_ons 1791408801.872474661 80105000 62000 1939
load_G22_ons 1791408802.125791048 80105000 62000 1939
load_G22_ons 1791408802.379026754 96130000 79000 2159
load_G22_ons 1791408802.831523672 96130000 79000 2159
load_G22_ons 1791408803.085064223 96130000 79000 2159
load_G22_ons 1791408803.338550861 96130000 79000 2159
load_G22_ons 1791408803.592215665 96070000 80000 2159
load_G22_ons 1791408804.043668176 96070000 80000 2159
load_G22_ons 1791408804.297467654 96070000 80000 2159
load_G22_ons 1791408804.551617162 96070000 80000 2159
load_G22_ons 1791408804.805592432 93192000 79000 2159
load_G22_ons 1791408805.255126388 93192000 79000 2159
load_G22_ons 1791408805.508310427 93192000 79000 2159
load_G22_ons 1791408805.762172323 93192000 79000 2159
load_G22_ons 1791408806.015283925 96097000 80000 2159
load_G22_ons 1791408806.466144191 96097000 80000 2159
load_G22_ons 1791408806.719786203 96097000 80000 2159
load_G22_ons 1791408806.973193223 96097000 80000 2159
load_G22_ons 1791408807.226872205 96070000 78000 2159
load_G22_ons 1791408807.679137047 96070000 78000 2159
load_G22_ons 1791408807.932432988 96070000 78000 2159
load_G22_ons 1791408808.185975392 96070000 78000 2159
load_G22_ons 1791408808.439843551 96064000 64000 2159
load_G22_ons 1791408808.890741669 96064000 64000 2159
load_G22_ons 1791408809.143510215 96064000 64000 2159
load_G22_ons 1791408809.397186893 96064000 64000 2159
load_G22_ons 1791408809.649904274 96136000 79000 2159
load_G22_ons 1791408810.103370461 96136000 79000 2159
load_G22_ons 1791408810.356244878 96136000 79000 2159
load_G22_ons 1791408810.609309032 96136000 79000 2159
load_G22_ons 1791408810.862387553 96136000 80000 2159
load_G22_ons 1791408811.314320041 96136000 80000 2159
load_G22_ons 1791408811.567259350 96136000 80000 2159
load_G22_ons 1791408811.820617598 96136000 80000 2159
load_G22_ons 1791408812.075372218 94695000 79000 2159
load_G22_ons 1791408812.528760169 94695000 79000 2159
load_G22_ons 1791408812.784277716 94695000 79000 2159
load_G22_ons 1791408813.039731884 94695000 79000 2159
load_G22_ons 1791408813.295422387 95830000 78000 2159
load_G22_ons 1791408813.740526700 95830000 78000 2159
load_G22_ons 1791408813.995258356 95830000 78000 2159
load_G22_ons 1791408814.250749064 95830000 78000 2159
load_G22_ons 1791408814.505544080 95650000 79000 2159
load_G22_ons 1791408814.952339479 95650000 79000 2159
load_G22_ons 1791408815.208174886 95650000 79000 2159
load_G22_ons 1791408815.463740294 95650000 79000 2159
load_G22_ons 1791408815.719123539 95896000 79000 2159
load_G22_ons 1791408816.164431176 95896000 79000 2159
load_G22_ons 1791408816.420011131 95896000 79000 2159
load_G22_ons 1791408816.675324004 95896000 79000 2159
load_G22_ons 1791408816.929663522 95890000 79000 2159
load_G22_ons 1791408817.377088690 95890000 79000 2159
load_G22_ons 1791408817.632342511 95890000 79000 2159
load_G22_ons 1791408817.886768713 95890000 79000 2159
load_G22_ons 1791408818.140731261 96136000 79000 2159
load_G22_ons 1791408818.586809370 96136000 79000 2159
load_G22_ons 1791408818.840074585 96136000 79000 2159
load_G22_ons 1791408819.093279316 96136000 79000 2159
load_G22_ons 1791408819.346232192 96130000 79000 2159
load_G22_ons 1791408819.798654215 96130000 79000 2159
load_G22_ons 1791408820.051464994 96130000 79000 2159
load_G22_ons 1791408820.304209387 96130000 79000 2159
load_G22_ons 1791408820.556926670 96136000 80000 2159
load_G22_ons 1791408821.011548619 96136000 80000 2159
load_G22_ons 1791408821.266433937 96136000 80000 2159
load_G22_ons 1791408821.520986357 96136000 80000 2159
load_G22_ons 1791408821.774392127 96113000 80000 2159
load_G22_ons 1791408822.223289961 96113000 80000 2159
load_G22_ons 1791408822.476084750 96113000 80000 2159
load_G22_ons 1791408822.728743753 96113000 80000 2159
load_G22_ons 1791408822.981662836 95897000 81000 2159
load_G22_ons 1791408823.435084104 95897000 81000 2159
load_G22_ons 1791408823.687635665 95897000 81000 2159
load_G22_ons 1791408823.940451794 95897000 81000 2159
load_G22_ons 1791408824.193420581 96136000 78000 2159
load_G22_ons 1791408824.646420275 96136000 78000 2159
load_G22_ons 1791408824.898900341 96136000 78000 2159
load_G22_ons 1791408825.151786332 96136000 78000 2159
load_G22_ons 1791408825.404552007 95395000 79000 2159
load_G22_ons 1791408825.859729455 95395000 79000 2159
load_G22_ons 1791408826.112700957 95395000 79000 2159
load_G22_ons 1791408826.365464468 95395000 79000 2159
load_G22_ons 1791408826.618086001 92293000 80000 2159
load_G22_ons 1791408827.070845453 92293000 80000 2159
load_G22_ons 1791408827.323443322 92293000 80000 2159
load_G22_ons 1791408827.576443428 92293000 80000 2159
load_G22_ons 1791408827.829255351 96052000 79000 2159
load_G22_ons 1791408828.282266868 96052000 79000 2159
load_G22_ons 1791408828.534841092 96052000 79000 2159
load_G22_ons 1791408828.787342128 96052000 79000 2159
load_G22_ons 1791408829.040294926 96070000 78000 2159
load_G22_ons 1791408829.495411952 96070000 78000 2159
load_G22_ons 1791408829.748143382 96070000 78000 2159
load_G22_ons 1791408830.000731523 96070000 78000 2159
load_G22_ons 1791408830.253619980 95896000 79000 2159
load_G22_ons 1791408830.707146960 95896000 79000 2159
load_G22_ons 1791408830.959990412 95896000 79000 2159
load_G22_ons 1791408831.212958469 95896000 79000 2159
load_G22_ons 1791408831.465960059 95879000 79000 2159
load_G22_ons 1791408831.918633431 95879000 79000 2159
load_G22_ons 1791408832.171178631 95879000 79000 2159
load_G22_ons 1791408832.424008328 95879000 79000 2159
load_G22_ons 1791408832.676688593 96136000 79000 2159
load_G22_ons 1791408833.130356629 96136000 79000 2159
load_G22_ons 1791408833.383102368 96136000 79000 2159
load_G22_ons 1791408833.635759519 96136000 79000 2159
load_G22_ons 1791408833.888966006 95639000 79000 2159
load_G22_ons 1791408834.343122223 95639000 79000 2159
load_G22_ons 1791408834.595954945 95639000 79000 2159
load_G22_ons 1791408834.848800402 95639000 79000 2159
load_G22_ons 1791408835.101624509 95657000 80000 2159
load_G22_ons 1791408835.555277197 95657000 80000 2159
load_G22_ons 1791408835.807892801 95657000 80000 2159
load_G22_ons 1791408836.060807458 95657000 80000 2159
load_G22_ons 1791408836.313642946 95896000 79000 2140
load_G22_ons 1791408836.766330927 95896000 79000 2140
load_G22_ons 1791408837.019083249 95896000 79000 2140
load_G22_ons 1791408837.271676811 95896000 79000 2140
load_G22_ons 1791408837.524172660 96070000 77000 2159
load_G22_ons 1791408837.978493818 96070000 77000 2159
load_G22_ons 1791408838.231315050 96070000 77000 2159
load_G22_ons 1791408838.483933179 96070000 77000 2159
load_G22_ons 1791408838.736688156 95896000 80000 2159
load_G22_ons 1791408839.190865925 95896000 80000 2159
load_G22_ons 1791408839.443701103 95896000 80000 2159
load_G22_ons 1791408839.696371752 95896000 80000 2159
load_G22_ons 1791408839.949354378 96136000 78000 2159
load_G22_ons 1791408840.402592136 96136000 78000 2159
load_G22_ons 1791408840.655128071 96136000 78000 2159
load_G22_ons 1791408840.908040014 96136000 78000 2159
load_G22_ons 1791408841.161053739 92495000 78000 2159
load_G22_ons 1791408841.615978777 92495000 78000 2159
load_G22_ons 1791408841.868478022 92495000 78000 2159
load_G22_ons 1791408842.120969303 92495000 78000 2159
load_G22_ons 1791408842.373531969 96113000 79000 2159
load_G22_ons 1791408842.827401949 96113000 79000 2159
load_G22_ons 1791408843.080370519 96113000 79000 2159
load_G22_ons 1791408843.333318521 96113000 79000 2159
load_G22_ons 1791408843.585875465 95896000 80000 2140
load_G22_ons 1791408844.039117062 95896000 80000 2140
load_G22_ons 1791408844.291881037 95896000 80000 2140
load_G22_ons 1791408844.544605878 95896000 80000 2140
load_G22_ons 1791408844.797603013 89403000 79000 2159
load_G22_ons 1791408845.250066163 89403000 79000 2159
load_G22_ons 1791408845.502520064 89403000 79000 2159
load_G22_ons 1791408845.755438530 89403000 79000 2159
load_G22_ons 1791408846.008261517 95914000 78000 2159
load_G22_ons 1791408846.463329857 95914000 78000 2159
load_G22_ons 1791408846.715856655 95914000 78000 2159
load_G22_ons 1791408846.968364308 95914000 78000 2159
load_G22_ons 1791408847.220860388 95638000 78000 2159
load_G22_ons 1791408847.674533910 95638000 78000 2159
load_G22_ons 1791408847.927531847 95638000 78000 2159
load_G22_ons 1791408848.180769575 95638000 78000 2159
load_G22_ons 1791408848.433231291 94462000 78000 1960
load_G22_ons 1791408848.887928032 94462000 78000 1960
load_G22_ons 1791408849.140571340 94462000 78000 1960
load_G22_ons 1791408849.393432680 94462000 78000 1960
load_G22_ons 1791408849.646239296 96070000 80000 2159
load_G22_ons 1791408850.099846113 96070000 80000 2159
load_G22_ons 1791408850.352752287 96070000 80000 2159
load_G22_ons 1791408850.605350210 96070000 80000 2159
load_G22_ons 1791408850.858314244 95807000 78000 2159
load_G22_ons 1791408851.310682447 95807000 78000 2159
load_G22_ons 1791408851.563662030 95807000 78000 2159
load_G22_ons 1791408851.816426717 95807000 78000 2159
load_G22_ons 1791408852.069381974 95857000 79000 2159
load_G22_ons 1791408852.522446080 95857000 79000 2159
load_G22_ons 1791408852.775269839 95857000 79000 2159
load_G22_ons 1791408853.028165083 95857000 79000 2159
load_G22_ons 1791408853.281207614 96130000 80000 2159
load_G22_ons 1791408853.735273157 96130000 80000 2159
load_G22_ons 1791408853.989118882 96130000 80000 2159
load_G22_ons 1791408854.243791175 96130000 80000 2159
load_G22_ons 1791408854.496807297 96070000 80000 2159
load_G22_ons 1791408854.946406734 96070000 80000 2159
load_G22_ons 1791408855.199139803 96070000 80000 2159
load_G22_ons 1791408855.451661103 96070000 80000 2159
load_G22_ons 1791408855.704652829 95824000 79000 2159
load_G22_ons 1791408856.158885818 95824000 79000 2159
load_G22_ons 1791408856.411512647 95824000 79000 2159
load_G22_ons 1791408856.664415857 95824000 79000 2159
load_G22_ons 1791408856.917299861 95797000 80000 2159
load_G22_ons 1791408857.370603469 95797000 80000 2159
load_G22_ons 1791408857.623492702 95797000 80000 2159
load_G22_ons 1791408857.876180486 95797000 80000 2159
load_G22_ons 1791408858.128945887 95824000 78000 2159
load_G22_ons 1791408858.583710878 95824000 78000 2159
load_G22_ons 1791408858.836590414 95824000 78000 2159
load_G22_ons 1791408859.089455893 95824000 78000 2159
load_G22_ons 1791408859.342106347 95564000 79000 2159
load_G22_ons 1791408859.795892034 95564000 79000 2159
load_G22_ons 1791408860.048974122 95564000 79000 2159
load_G22_ons 1791408860.301706130 95564000 79000 2159
load_G22_ons 1791408860.554377373 95617000 79000 2159
load_G22_ons 1791408861.007631058 95617000 79000 2159
load_G22_ons 1791408861.260570176 95617000 79000 2159
load_G22_ons 1791408861.513380332 95617000 79000 2159
load_G22_ons 1791408861.766337634 95573000 79000 2159
load_G22_ons 1791408862.220409952 95573000 79000 2159
load_G22_ons 1791408862.473710041 95573000 79000 2159
load_G22_ons 1791408862.726584849 95573000 79000 2159
load_G22_ons 1791408862.979381028 95830000 80000 2159
load_G22_ons 1791408863.430720687 95830000 80000 2159
load_G22_ons 1791408863.683583382 95830000 80000 2159
load_G22_ons 1791408863.936274774 95830000 80000 2159
load_G22_ons 1791408864.189281240 95830000 79000 2159
load_G22_ons 1791408864.642296256 95830000 79000 2159
load_G22_ons 1791408864.895093758 95830000 79000 2159
load_G22_ons 1791408865.148038077 95830000 79000 2159
load_G22_ons 1791408865.400771408 95608000 79000 2159
load_G22_ons 1791408865.855960422 95608000 79000 2159
load_G22_ons 1791408866.108467968 95608000 79000 2159
load_G22_ons 1791408866.361361451 95608000 79000 2159
load_G22_ons 1791408866.614172178 95896000 79000 2159
load_G22_ons 1791408867.067123235 95896000 79000 2159
load_G22_ons 1791408867.320385714 95896000 79000 2159
load_G22_ons 1791408867.573471720 95896000 79000 2159
load_G22_ons 1791408867.826354584 95572000 79000 2159
load_G22_ons 1791408868.278372552 95572000 79000 2159
load_G22_ons 1791408868.530944671 95572000 79000 2159
load_G22_ons 1791408868.783678293 95572000 79000 2159
load_G22_ons 1791408869.036716800 95890000 78000 2159
load_G22_ons 1791408869.491887821 95890000 78000 2159
load_G22_ons 1791408869.746237699 95890000 78000 2159
load_G22_ons 1791408870.000041759 95890000 78000 2159
load_G22_ons 1791408870.254089748 95590000 78000 2159
load_G22_ons 1791408870.702719203 95590000 78000 2159
load_G22_ons 1791408870.956011098 95590000 78000 2159
load_G22_ons 1791408871.209780092 95590000 78000 2159
load_G22_ons 1791408871.462862051 96112000 79000 2159
load_G22_ons 1791408871.915492355 96112000 79000 2159
load_G22_ons 1791408872.168217382 96112000 79000 2159
load_G22_ons 1791408872.421061443 96112000 79000 2159
load_G22_ons 1791408872.674861686 95650000 79000 2159
load_G22_ons 1791408873.126630407 95650000 79000 2159
load_G22_ons 1791408873.380352112 95650000 79000 2159
load_G22_ons 1791408873.633930357 95650000 79000 2159
load_G22_ons 1791408873.887700734 95857000 80000 2159
load_G22_ons 1791408874.340487934 95857000 80000 2159
load_G22_ons 1791408874.594378077 95857000 80000 2159
load_G22_ons 1791408874.847826327 95857000 80000 2159
load_G22_ons 1791408875.101466048 95617000 78000 2140
load_G22_ons 1791408875.550473838 95617000 78000 2140
load_G22_ons 1791408875.804204009 95617000 78000 2140
load_G22_ons 1791408876.057884557 95617000 78000 2140
load_G22_ons 1791408876.311540359 95395000 79000 2140
load_G22_ons 1791408876.762687620 95395000 79000 2140
load_G22_ons 1791408877.016309097 95395000 79000 2140
load_G22_ons 1791408877.269809496 95395000 79000 2140
load_G22_ons 1791408877.523330824 95402000 79000 2159
load_G22_ons 1791408877.975489652 95402000 79000 2159
load_G22_ons 1791408878.228835660 95402000 79000 2159
load_G22_ons 1791408878.482149778 95402000 79000 2159
load_G22_ons 1791408878.735817212 95658000 79000 2159
load_G22_ons 1791408879.187091493 95658000 79000 2159
load_G22_ons 1791408879.440461366 95658000 79000 2159
load_G22_ons 1791408879.693951406 95658000 79000 2159
load_G22_ons 1791408879.947404787 95623000 79000 2159
load_G22_ons 1791408880.399330526 95623000 79000 2159
load_G22_ons 1791408880.652905356 95623000 79000 2159
load_G22_ons 1791408880.905978460 95623000 79000 2159
load_G22_ons 1791408881.159414118 95658000 68000 2159
load_G22_ons 1791408881.610576278 95658000 68000 2159
load_G22_ons 1791408881.864121262 95658000 68000 2159
load_G22_ons 1791408882.117566017 95658000 68000 2159
load_G22_ons 1791408882.371269039 95658000 78000 2159
load_G22_ons 1791408882.823578071 95658000 78000 2159
load_G22_ons 1791408883.077071608 95658000 78000 2159
load_G22_ons 1791408883.330528586 95658000 78000 2159
load_G22_ons 1791408883.583695928 95402000 78000 2159
load_G22_ons 1791408884.034695473 95402000 78000 2159
load_G22_ons 1791408884.288251418 95402000 78000 2159
load_G22_ons 1791408884.541664434 95402000 78000 2159
load_G22_ons 1791408884.795077600 95634000 78000 2140
load_G22_ons 1791408885.247425085 95634000 78000 2140
load_G22_ons 1791408885.500984416 95634000 78000 2140
load_G22_ons 1791408885.754449680 95634000 78000 2140
load_G22_ons 1791408886.007838831 95402000 78000 2140
load_G22_ons 1791408886.458543542 95402000 78000 2140
load_G22_ons 1791408886.712012643 95402000 78000 2140
load_G22_ons 1791408886.965255258 95402000 78000 2140
load_G22_ons 1791408887.218441096 95684000 79000 2159
load_G22_ons 1791408887.670366166 95684000 79000 2159
load_G22_ons 1791408887.923720311 95684000 79000 2159
load_G22_ons 1791408888.177211655 95684000 79000 2159
load_G22_ons 1791408888.430767190 95641000 78000 2159
load_G22_ons 1791408888.882668375 95641000 78000 2159
load_G22_ons 1791408889.136299533 95641000 78000 2159
load_G22_ons 1791408889.389517161 95641000 78000 2159
load_G22_ons 1791408889.642772470 95641000 79000 2159
load_G22_ons 1791408890.094675980 95641000 79000 2159
load_G22_ons 1791408890.348283093 95641000 79000 2159
load_G22_ons 1791408890.601931673 95641000 79000 2159
load_G22_ons 1791408890.856069947 95412000 79000 2159
load_G22_ons 1791408891.306763457 95412000 79000 2159
load_G22_ons 1791408891.560442736 95412000 79000 2159
load_G22_ons 1791408891.813834262 95412000 79000 2159
load_G22_ons 1791408892.067367515 95419000 78000 2159
load_G22_ons 1791408892.621140343 95419000 78000 2159
load_G22_ons 1791408892.874895816 95419000 78000 2159
load_G22_ons 1791408893.128430261 95419000 78000 2159
load_G22_ons 1791408893.381979756 95684000 79000 2120
load_G22_ons 1791408893.933843927 95684000 79000 2120
load_G22_ons 1791408894.187240434 95684000 79000 2120
load_G22_ons 1791408894.440934000 95684000 79000 2120
load_G22_ons 1791408894.694539319 95658000 78000 2159
load_G22_ons 1791408895.144780579 95658000 78000 2159
load_G22_ons 1791408895.397656625 95658000 78000 2159
load_G22_ons 1791408895.650501121 95658000 78000 2159
load_G22_ons 1791408895.903826543 94935000 79000 2140
load_G22_ons 1791408896.357307347 94935000 79000 2140
load_G22_ons 1791408896.610308669 94935000 79000 2140
load_G22_ons 1791408896.863417975 94935000 79000 2140
load_G22_ons 1791408897.116841082 95658000 79000 2140
load_G22_ons 1791408897.570076534 95658000 79000 2140
load_G22_ons 1791408897.823504500 95658000 79000 2140
load_G22_ons 1791408898.076932536 95658000 79000 2140
load_G22_ons 1791408898.330469899 95684000 79000 2159
load_G22_ons 1791408898.781737323 95684000 79000 2159
load_G22_ons 1791408899.034821551 95684000 79000 2159
load_G22_ons 1791408899.288227496 95684000 79000 2159
load_G22_ons 1791408899.541770039 95179000 79000 2140
load_G22_ons 1791408899.992635245 95179000 79000 2140
load_G22_ons 1791408900.246195111 95179000 79000 2140
load_G22_ons 1791408900.499491008 95179000 79000 2140
load_G22_ons 1791408900.752954892 95419000 78000 2159
load_G22_ons 1791408901.206100016 95419000 78000 2159
load_G22_ons 1791408901.459550966 95419000 78000 2159
load_G22_ons 1791408901.713465019 95419000 78000 2159
load_G22_ons 1791408901.966930716 95179000 79000 2159
load_G22_ons 1791408902.417630122 95179000 79000 2159
load_G22_ons 1791408902.671080831 95179000 79000 2159
load_G22_ons 1791408902.924821247 95179000 79000 2159
load_G22_ons 1791408903.178583714 95652000 79000 2140
load_G22_ons 1791408903.629111136 95652000 79000 2140
load_G22_ons 1791408903.882220412 95652000 79000 2140
load_G22_ons 1791408904.135940602 95652000 79000 2140
load_G22_ons 1791408904.389419587 95179000 79000 2159
load_G22_ons 1791408904.841274613 95179000 79000 2159
load_G22_ons 1791408905.095084811 95179000 79000 2159
load_G22_ons 1791408905.348496537 95179000 79000 2159
load_G22_ons 1791408905.601733806 95658000 80000 2140
load_G22_ons 1791408906.053660464 95658000 80000 2140
load_G22_ons 1791408906.307024922 95658000 80000 2140
load_G22_ons 1791408906.560565282 95658000 80000 2140
load_G22_ons 1791408906.813947984 95419000 78000 2140
load_G22_ons 1791408907.265477675 95419000 78000 2140
load_G22_ons 1791408907.519032622 95419000 78000 2140
load_G22_ons 1791408907.772530091 95419000 78000 2140
load_G22_ons 1791408908.025843262 95418000 78000 2140
load_G22_ons 1791408908.478076009 95418000 78000 2140
load_G22_ons 1791408908.731506331 95418000 78000 2140
load_G22_ons 1791408908.985051860 95418000 78000 2140
load_G22_ons 1791408909.238506609 95419000 79000 2140
load_G22_ons 1791408909.690076637 95419000 79000 2140
load_G22_ons 1791408909.943413193 95419000 79000 2140
load_G22_ons 1791408910.196898780 95419000 79000 2140
load_G22_ons 1791408910.450360471 95178000 69000 2159
load_G22_ons 1791408910.900085142 95178000 69000 2159
load_G22_ons 1791408911.153611706 95178000 69000 2159
load_G22_ons 1791408911.406716987 95178000 69000 2159
load_G22_ons 1791408911.660224104 95205000 78000 2140
load_G22_ons 1791408912.112144503 95205000 78000 2140
load_G22_ons 1791408912.365471001 95205000 78000 2140
load_G22_ons 1791408912.618912104 95205000 78000 2140
load_G22_ons 1791408912.872370891 95658000 78000 2159
load_G22_ons 1791408913.326181231 95658000 78000 2159
load_G22_ons 1791408913.579600313 95658000 78000 2159
load_G22_ons 1791408913.833202480 95658000 78000 2159
load_G22_ons 1791408914.087034400 93016000 78000 2140
load_G22_ons 1791408914.536730919 93016000 78000 2140
load_G22_ons 1791408914.790029204 93016000 78000 2140
load_G22_ons 1791408915.042853105 93016000 78000 2140
load_G22_ons 1791408915.296331639 93744000 78000 2140
load_G22_ons 1791408915.749190437 93744000 78000 2140
load_G22_ons 1791408916.002465178 93744000 78000 2140
load_G22_ons 1791408916.255830339 93744000 78000 2140
load_G22_ons 1791408916.509136709 95445000 78000 2159
load_G22_ons 1791408916.960581974 95445000 78000 2159
load_G22_ons 1791408917.214032836 95445000 78000 2159
load_G22_ons 1791408917.467533713 95445000 78000 2159
load_G22_ons 1791408917.720796411 95205000 79000 2140
load_G22_ons 1791408918.173884232 95205000 79000 2140
load_G22_ons 1791408918.427232351 95205000 79000 2140
load_G22_ons 1791408918.680559460 95205000 79000 2140
load_G22_ons 1791408918.934010433 95178000 79000 2140
load_G22_ons 1791408919.487120001 95178000 79000 2140
load_G22_ons 1791408919.740695559 95178000 79000 2140
load_G22_ons 1791408919.994028770 95178000 79000 2140
load_G22_ons 1791408920.247277022 95445000 78000 2159
load_G22_ons 1791408920.699452364 95445000 78000 2159
load_G22_ons 1791408920.952647926 95445000 78000 2159
load_G22_ons 1791408921.206149114 95445000 78000 2159
load_G22_ons 1791408921.459667103 95434000 79000 2140
load_G22_ons 1791408921.909556769 95434000 79000 2140
load_G22_ons 1791408922.162885712 95434000 79000 2140
load_G22_ons 1791408922.416368185 95434000 79000 2140
load_G22_ons 1791408922.669904690 95179000 78000 2140
load_G22_ons 1791408923.121455676 95179000 78000 2140
load_G22_ons 1791408923.374673821 95179000 78000 2140
load_G22_ons 1791408923.628134062 95179000 78000 2140
load_G22_ons 1791408923.881586880 95179000 78000 2140
load_G22_ons 1791408924.334953067 95179000 78000 2140
load_G22_ons 1791408924.588401906 95179000 78000 2140
load_G22_ons 1791408924.842110706 95179000 78000 2140
load_G22_ons 1791408925.095148982 95438000 78000 2140
load_G22_ons 1791408925.547112637 95438000 78000 2140
load_G22_ons 1791408925.800526291 95438000 78000 2140
load_G22_ons 1791408926.053986452 95438000 78000 2140
load_G22_ons 1791408926.307714579 95196000 79000 2159
load_G22_ons 1791408926.759149447 95196000 79000 2159
load_G22_ons 1791408927.012644414 95196000 79000 2159
load_G22_ons 1791408927.265975713 95196000 79000 2159
load_G22_ons 1791408927.519568545 94964000 78000 2140
load_G22_ons 1791408927.970806052 94964000 78000 2140
load_G22_ons 1791408928.224310948 94964000 78000 2140
load_G22_ons 1791408928.477434265 94964000 78000 2140
load_G22_ons 1791408928.731005156 95445000 78000 2159
load_G22_ons 1791408929.183017132 95445000 78000 2159
load_G22_ons 1791408929.436312514 95445000 78000 2159
load_G22_ons 1791408929.689643222 95445000 78000 2159
load_G22_ons 1791408929.943134553 95178000 77000 2159
load_G22_ons 1791408930.394083246 95178000 77000 2159
load_G22_ons 1791408930.647456915 95178000 77000 2159
load_G22_ons 1791408930.900797152 95178000 77000 2159
load_G22_ons 1791408931.154418788 95178000 79000 2140
load_G22_ons 1791408931.607399671 95178000 79000 2140
load_G22_ons 1791408931.861041025 95178000 79000 2140
load_G22_ons 1791408932.114431246 95178000 79000 2140
load_G22_ons 1791408932.367661205 93266000 78000 2140
load_G22_ons 1791408932.818236395 93266000 78000 2140
load_G22_ons 1791408933.071671651 93266000 78000 2140
load_G22_ons 1791408933.325015073 93266000 78000 2140
load_G22_ons 1791408933.578388352 91094000 78000 2140
load_G22_ons 1791408934.030808689 91094000 78000 2140
load_G22_ons 1791408934.283874049 91094000 78000 2140
load_G22_ons 1791408934.537074863 91094000 78000 2140
load_G22_ons 1791408934.790513415 94939000 67000 2140
load_G22_ons 1791408935.241667196 94939000 67000 2140
load_G22_ons 1791408935.495375507 94939000 67000 2140
load_G22_ons 1791408935.748147423 94939000 67000 2140
load_G22_ons 1791408936.001484855 89899000 78000 2140
load_G22_ons 1791408936.453846943 89899000 78000 2140
load_G22_ons 1791408936.707366027 89899000 78000 2140
load_G22_ons 1791408936.960800102 89899000 78000 2140
load_G22_ons 1791408937.214240538 95419000 62000 2140
load_G22_ons 1791408937.667360585 95419000 62000 2140
load_G22_ons 1791408937.921227404 95419000 62000 2140
load_G22_ons 1791408938.175093904 95419000 62000 2140
load_G22_ons 1791408938.428783029 94938000 78000 2140
load_G22_ons 1791408938.877934267 94938000 78000 2140
load_G22_ons 1791408939.131545325 94938000 78000 2140
load_G22_ons 1791408939.384799390 94938000 78000 2140
load_G22_ons 1791408939.638159896 95229000 78000 2140
load_G22_ons 1791408940.091297668 95229000 78000 2140
load_G22_ons 1791408940.344624360 95229000 78000 2140
load_G22_ons 1791408940.598020593 95229000 78000 2140
load_G22_ons 1791408940.851541682 95246000 79000 2140
load_G22_ons 1791408941.302967638 95246000 79000 2140
load_G22_ons 1791408941.555708737 95246000 79000 2140
load_G22_ons 1791408941.809416397 95246000 79000 2140
load_G22_ons 1791408942.062685601 95464000 80000 2140
load_G22_ons 1791408942.513940916 95464000 80000 2140
load_G22_ons 1791408942.767587491 95464000 80000 2140
load_G22_ons 1791408943.021296645 95464000 80000 2140
load_G22_ons 1791408943.274846528 94988000 79000 2140
load_G22_ons 1791408943.725680559 94988000 79000 2140
load_G22_ons 1791408943.979341562 94988000 79000 2140
load_G22_ons 1791408944.232709533 94988000 79000 2140
load_G22_ons 1791408944.486456718 95228000 79000 1999
load_G22_ons 1791408944.938838075 95228000 79000 1999
load_G22_ons 1791408945.192303450 95228000 79000 1999
load_G22_ons 1791408945.445748676 95228000 79000 1999
load_G22_ons 1791408945.699303069 94508000 78000 2140
load_G22_ons 1791408946.149667185 94508000 78000 2140
load_G22_ons 1791408946.403022622 94508000 78000 2140
load_G22_ons 1791408946.656502294 94508000 78000 2140
load_G22_ons 1791408946.910091332 95229000 78000 2140
load_G22_ons 1791408947.361870765 95229000 78000 2140
load_G22_ons 1791408947.615362800 95229000 78000 2140
load_G22_ons 1791408947.868662272 95229000 78000 2140
load_G22_ons 1791408948.122238907 95229000 79000 2140
load_G22_ons 1791408948.574031536 95229000 79000 2140
load_G22_ons 1791408948.827669897 95229000 79000 2140
load_G22_ons 1791408949.081243766 95229000 79000 2140
load_G22_ons 1791408949.334592441 95006000 78000 2140
load_G22_ons 1791408949.786674676 95006000 78000 2140
load_G22_ons 1791408950.040241292 95006000 78000 2140
load_G22_ons 1791408950.293586751 95006000 78000 2140
load_G22_ons 1791408950.547192541 95470000 79000 2140
load_G22_ons 1791408950.999618895 95470000 79000 2140
idle2 1791408951.428021138 95470000 79000 2140
idle2 1791408951.681303769 92355000 77000 1920
idle2 1791408952.109780102 92355000 77000 1920
idle2 1791408952.363355044 92355000 77000 1920
idle2 1791408952.616818877 92355000 77000 1920
idle2 1791408952.870748337 78911000 62000 1920
idle2 1791408953.321504614 78911000 62000 1920
idle2 1791408953.574921188 78911000 62000 1920
idle2 1791408953.828411982 78911000 62000 1920
idle2 1791408954.082157856 78953000 62000 1920
idle2 1791408954.534252105 78953000 62000 1920
idle2 1791408954.787620678 78953000 62000 1920
idle2 1791408955.041013678 78953000 62000 1920
idle2 1791408955.294358677 78918000 62000 1920
idle2 1791408955.745043831 78918000 62000 1920
idle2 1791408955.998587625 78918000 62000 1920
idle2 1791408956.252071536 78918000 62000 1920
idle2 1791408956.505335743 78678000 61000 1899
idle2 1791408956.957154684 78678000 61000 1899
idle2 1791408957.210465018 78678000 61000 1899
idle2 1791408957.463845895 78678000 61000 1899
idle2 1791408957.717431007 78698000 61000 1899
idle2 1791408958.169141494 78698000 61000 1899
idle2 1791408958.422811947 78698000 61000 1899
idle2 1791408958.676017975 78698000 61000 1899
idle2 1791408958.929346974 78932000 62000 1920
idle2 1791408959.381101163 78932000 62000 1920
idle2 1791408959.634414674 78932000 62000 1920
idle2 1791408959.887911861 78932000 62000 1920
idle2 1791408960.141402735 78714000 61000 1899
idle2 1791408960.594043496 78714000 61000 1899
idle2 1791408960.847653836 78714000 61000 1899
idle2 1791408961.100789942 78714000 61000 1899
idle2 1791408961.354472829 78233000 61000 1899
idle2 1791408961.806167517 78233000 61000 1899
idle2 1791408962.059534328 78233000 61000 1899
idle2 1791408962.312798847 78233000 61000 1899
idle2 1791408962.566277419 78678000 62000 1920
idle2 1791408963.018221166 78678000 62000 1920
idle2 1791408963.271707333 78678000 62000 1920
idle2 1791408963.524981740 78678000 62000 1920
idle2 1791408963.778270565 78438000 61000 1920
idle2 1791408964.230377290 78438000 61000 1920
idle2 1791408964.483667066 78438000 61000 1920
idle2 1791408964.737175785 78438000 61000 1920
idle2 1791408964.990651382 78474000 61000 1899
idle2 1791408965.440789257 78474000 61000 1899
idle2 1791408965.694115272 78474000 61000 1899
idle2 1791408965.947615716 78474000 61000 1899
idle2 1791408966.201191923 78438000 61000 1899
idle2 1791408966.653545534 78438000 61000 1899
idle2 1791408966.907203073 78438000 61000 1899
idle2 1791408967.160490446 78438000 61000 1899
idle2 1791408967.413674934 78459000 62000 1899
idle2 1791408967.866305628 78459000 62000 1899
idle2 1791408968.119484446 78459000 62000 1899
idle2 1791408968.372814098 78459000 62000 1899
idle2 1791408968.626369556 78212000 61000 1899
idle2 1791408969.078302124 78212000 61000 1899
idle2 1791408969.331443932 78212000 61000 1899
idle2 1791408969.584666263 78212000 61000 1899
idle2 1791408969.838146148 78474000 61000 1899
idle2 1791408970.290226625 78474000 61000 1899
idle2 1791408970.543609939 78474000 61000 1899
idle2 1791408970.797103651 78474000 61000 1899
idle2 1791408971.050527782 78197000 61000 1899
idle2 1791408971.502104029 78197000 61000 1899
idle2 1791408971.755318084 78197000 61000 1899
idle2 1791408972.008554070 78197000 61000 1899
idle2 1791408972.261972019 78197000 61000 1899
idle2 1791408972.713974129 78197000 61000 1899
idle2 1791408972.967161835 78197000 61000 1899
idle2 1791408973.220440191 78197000 61000 1899
idle2 1791408973.473930948 78218000 61000 1899
idle2 1791408973.925075663 78218000 61000 1899
idle2 1791408974.178609641 78218000 61000 1899
idle2 1791408974.431954412 78218000 61000 1899
idle2 1791408974.685352224 78212000 61000 1899
idle2 1791408975.137230822 78212000 61000 1899
idle2 1791408975.390757256 78212000 61000 1899
idle2 1791408975.644202878 78212000 61000 1899
idle2 1791408975.897857534 78212000 61000 1880
idle2 1791408976.348600933 78212000 61000 1880
idle2 1791408976.602108933 78212000 61000 1880
idle2 1791408976.855530700 78212000 61000 1880
idle2 1791408977.108984197 77977000 61000 1899
idle2 1791408977.560989093 77977000 61000 1899
idle2 1791408977.814598264 77977000 61000 1899
idle2 1791408978.067949108 77977000 61000 1899
idle2 1791408978.321524805 77977000 60000 1899
idle2 1791408978.773053625 77977000 60000 1899
idle2 1791408979.026411522 77977000 60000 1899
idle2 1791408979.279625728 77977000 60000 1899
idle2 1791408979.532471331 77992000 61000 1899
idle2 1791408979.985764624 77992000 61000 1899
idle2 1791408980.239491247 77992000 61000 1899
idle2 1791408980.492776667 77992000 61000 1899
idle2 1791408980.746328931 77957000 60000 1899
idle2 1791408981.196767226 77957000 60000 1899
idle2 1791408981.450273554 77957000 60000 1899
idle2 1791408981.703660586 77957000 60000 1899
idle2 1791408981.957180409 77977000 60000 1899
idle2 1791408982.410419843 77977000 60000 1899
idle2 1791408982.664111009 77977000 60000 1899
idle2 1791408982.917432708 77977000 60000 1899
idle2 1791408983.170783182 77986000 60000 1899
idle2 1791408983.621110218 77986000 60000 1899
idle2 1791408983.874619591 77986000 60000 1899
idle2 1791408984.127977439 77986000 60000 1899
idle2 1791408984.381409507 77752000 61000 1880
idle2 1791408984.833612639 77752000 61000 1880
idle2 1791408985.086730054 77752000 61000 1880
idle2 1791408985.340054228 77752000 61000 1880
idle2 1791408985.593571206 77737000 61000 1880
idle2 1791408986.046704471 77737000 61000 1880
idle2 1791408986.300583552 77737000 61000 1880
idle2 1791408986.553721145 77737000 61000 1880
idle2 1791408986.807160286 77492000 61000 1880
idle2 1791408987.256531051 77492000 61000 1880
idle2 1791408987.510146315 77492000 61000 1880
idle2 1791408987.763621204 77492000 61000 1880
idle2 1791408988.016999460 77477000 61000 1899
idle2 1791408988.469176805 77477000 61000 1899
idle2 1791408988.722595238 77477000 61000 1899
idle2 1791408988.976005084 77477000 61000 1899
idle2 1791408989.229561396 77477000 61000 1880
idle2 1791408989.680525786 77477000 61000 1880
idle2 1791408989.934347568 77477000 61000 1880
idle2 1791408990.187743328 77477000 61000 1880
idle2 1791408990.441048197 77446000 60000 1880
idle2 1791408990.893978030 77446000 60000 1880
idle2 1791408991.147445506 77446000 60000 1880
idle2 1791408991.400439930 77446000 60000 1880
idle2 1791408991.653597802 77272000 61000 1880
idle2 1791408992.105288660 77272000 61000 1880
idle2 1791408992.358737280 77272000 61000 1880
idle2 1791408992.611926672 77272000 61000 1880
idle2 1791408992.865532438 77411000 61000 1880
idle2 1791408993.317779125 77411000 61000 1880
idle2 1791408993.570911108 77411000 61000 1880
idle2 1791408993.824333839 77411000 61000 1880
idle2 1791408994.077402714 77257000 60000 1880
idle2 1791408994.529068626 77257000 60000 1880
idle2 1791408994.782088499 77257000 60000 1880
idle2 1791408995.035587123 77257000 60000 1880
idle2 1791408995.289074748 77272000 61000 1880
idle2 1791408995.741313890 77272000 61000 1880
idle2 1791408995.994810321 77272000 61000 1880
idle2 1791408996.248194129 77272000 61000 1880
idle2 1791408996.501706951 77426000 60000 1880
idle2 1791408996.953534759 77426000 60000 1880
idle2 1791408997.207254240 77426000 60000 1880
idle2 1791408997.460598765 77426000 60000 1880
idle2 1791408997.713835226 77426000 60000 1880
idle2 1791408998.165790314 77426000 60000 1880
idle2 1791408998.419111565 77426000 60000 1880
idle2 1791408998.672424470 77426000 60000 1880
idle2 1791408998.925959243 77186000 60000 1880
idle2 1791408999.377311455 77186000 60000 1880
idle2 1791408999.630545853 77186000 60000 1880
idle2 1791408999.884145929 77186000 60000 1880
idle2 1791409000.137560807 77257000 60000 1880
idle2 1791409000.590705718 77257000 60000 1880
idle2 1791409000.844510490 77257000 60000 1880
idle2 1791409001.097713308 77257000 60000 1880
idle2 1791409001.351043576 77191000 60000 1880
idle2 1791409001.802467685 77191000 60000 1880
idle2 1791409002.055688507 77191000 60000 1880
idle2 1791409002.309127991 77191000 60000 1880
idle2 1791409002.562239367 77206000 60000 1880
idle2 1791409003.013819600 77206000 60000 1880
idle2 1791409003.267284973 77206000 60000 1880
idle2 1791409003.520473074 77206000 60000 1880
idle2 1791409003.773627772 77171000 60000 1880
idle2 1791409004.225676608 77171000 60000 1880
idle2 1791409004.479257369 77171000 60000 1880
idle2 1791409004.732480786 77171000 60000 1880
idle2 1791409004.985761161 77186000 60000 1880
idle2 1791409005.437248720 77186000 60000 1880
idle2 1791409005.690398309 77186000 60000 1880
idle2 1791409005.943660950 77186000 60000 1880
idle2 1791409006.197029812 77171000 60000 1880
idle2 1791409006.649006012 77171000 60000 1880
idle2 1791409006.902360366 77171000 60000 1880
idle2 1791409007.155691727 77171000 60000 1880
idle2 1791409007.408716040 77266000 60000 1880
idle2 1791409007.862898638 77266000 60000 1880
idle2 1791409008.116408436 77266000 60000 1880
idle2 1791409008.369448127 77266000 60000 1880
idle2 1791409008.622621571 77206000 60000 1880
idle2 1791409009.073624087 77206000 60000 1880
idle2 1791409009.326909081 77206000 60000 1880
idle2 1791409009.580420923 77206000 60000 1880
idle2 1791409009.833919569 76951000 60000 1880
idle2 1791409010.285407811 76951000 60000 1880
idle2 1791409010.538865140 76951000 60000 1880
idle2 1791409010.792220206 76951000 60000 1880
load_G32_tecT 1791409011.047592273 76998000 60000 1860
load_G32_tecT 1791409011.497747373 76998000 60000 1860
load_G32_tecT 1791409011.751559010 76998000 60000 1860
load_G32_tecT 1791409012.005143509 76998000 60000 1860
load_G32_tecT 1791409012.258466004 91820000 78000 2080
load_G32_tecT 1791409012.708903185 91820000 78000 2080
load_G32_tecT 1791409012.961685172 91820000 78000 2080
load_G32_tecT 1791409013.215678331 91820000 78000 2080
load_G32_tecT 1791409013.469322783 91885000 74000 2080
load_G32_tecT 1791409013.922056893 91885000 74000 2080
load_G32_tecT 1791409014.175728527 91885000 74000 2080
load_G32_tecT 1791409014.428705872 91885000 74000 2080
load_G32_tecT 1791409014.682346357 91627000 79000 2080
load_G32_tecT 1791409015.133784164 91627000 79000 2080
load_G32_tecT 1791409015.387188634 91627000 79000 2080
load_G32_tecT 1791409015.640626617 91627000 79000 2080
load_G32_tecT 1791409015.894054351 92060000 79000 2080
load_G32_tecT 1791409016.345324243 92060000 79000 2080
load_G32_tecT 1791409016.598730016 92060000 79000 2080
load_G32_tecT 1791409016.851994953 92060000 79000 2080
load_G32_tecT 1791409017.105448486 91886000 73000 2080
load_G32_tecT 1791409017.557852024 91886000 73000 2080
load_G32_tecT 1791409017.811395396 91886000 73000 2080
load_G32_tecT 1791409018.064493179 91886000 73000 2080
load_G32_tecT 1791409018.317973392 91579000 76000 2100
load_G32_tecT 1791409018.770856484 91579000 76000 2100
load_G32_tecT 1791409019.024302322 91579000 76000 2100
load_G32_tecT 1791409019.277994014 91579000 76000 2100
load_G32_tecT 1791409019.531237211 92058000 75000 2100
load_G32_tecT 1791409019.982074979 92058000 75000 2100
load_G32_tecT 1791409020.235615636 92058000 75000 2100
load_G32_tecT 1791409020.489358615 92058000 75000 2100
load_G32_tecT 1791409020.742913840 91885000 78000 2100
load_G32_tecT 1791409021.194452228 91885000 78000 2100
load_G32_tecT 1791409021.447719812 91885000 78000 2100
load_G32_tecT 1791409021.700928003 91885000 78000 2100
load_G32_tecT 1791409021.954248716 91820000 78000 2100
load_G32_tecT 1791409022.405253549 91820000 78000 2100
load_G32_tecT 1791409022.658713295 91820000 78000 2100
load_G32_tecT 1791409022.912122254 91820000 78000 2100
load_G32_tecT 1791409023.165631473 92119000 79000 2080
load_G32_tecT 1791409023.616837225 92119000 79000 2080
load_G32_tecT 1791409023.869783613 92119000 79000 2080
load_G32_tecT 1791409024.123062367 92119000 79000 2080
load_G32_tecT 1791409024.376723452 92058000 79000 2100
load_G32_tecT 1791409024.830248255 92058000 79000 2100
load_G32_tecT 1791409025.083374422 92058000 79000 2100
load_G32_tecT 1791409025.336148676 92058000 79000 2100
load_G32_tecT 1791409025.589590858 92058000 71000 2080
load_G32_tecT 1791409026.042032290 92058000 71000 2080
load_G32_tecT 1791409026.295141255 92058000 71000 2080
load_G32_tecT 1791409026.548355458 92058000 71000 2080
load_G32_tecT 1791409026.801794054 92042000 71000 2080
load_G32_tecT 1791409027.254793347 92042000 71000 2080
load_G32_tecT 1791409027.508280364 92042000 71000 2080
load_G32_tecT 1791409027.761630514 92042000 71000 2080
load_G32_tecT 1791409028.015134713 92059000 77000 2100
load_G32_tecT 1791409028.465131779 92059000 77000 2100
load_G32_tecT 1791409028.718370990 92059000 77000 2100
load_G32_tecT 1791409028.971654724 92059000 77000 2100
load_G32_tecT 1791409029.225186035 91868000 79000 2100
load_G32_tecT 1791409029.677451846 91868000 79000 2100
load_G32_tecT 1791409029.930880604 91868000 79000 2100
load_G32_tecT 1791409030.184098986 91868000 79000 2100
load_G32_tecT 1791409030.437357703 92589000 72000 2080
load_G32_tecT 1791409030.890892606 92589000 72000 2080
load_G32_tecT 1791409031.144164960 92589000 72000 2080
load_G32_tecT 1791409031.397549174 92589000 72000 2080
load_G32_tecT 1791409031.650781702 92041000 79000 2100
load_G32_tecT 1791409032.102676796 92041000 79000 2100
load_G32_tecT 1791409032.356202827 92041000 79000 2100
load_G32_tecT 1791409032.609504886 92041000 79000 2100
load_G32_tecT 1791409032.862897927 92102000 74000 2080
load_G32_tecT 1791409033.313666218 92102000 74000 2080
load_G32_tecT 1791409033.567443162 92102000 74000 2080
load_G32_tecT 1791409033.821001184 92102000 74000 2080
load_G32_tecT 1791409034.074691265 92364000 77000 2100
load_G32_tecT 1791409034.526392384 92364000 77000 2100
load_G32_tecT 1791409034.779985001 92364000 77000 2100
load_G32_tecT 1791409035.033559905 92364000 77000 2100
load_G32_tecT 1791409035.286959879 92589000 72000 2100
load_G32_tecT 1791409035.737670672 92589000 72000 2100
load_G32_tecT 1791409035.990885838 92589000 72000 2100
load_G32_tecT 1791409036.244000775 92589000 72000 2100
load_G32_tecT 1791409036.497450313 92091000 79000 2100
load_G32_tecT 1791409036.949462117 92091000 79000 2100
load_G32_tecT 1791409037.203123044 92091000 79000 2100
load_G32_tecT 1791409037.456396831 92091000 79000 2100
load_G32_tecT 1791409037.709841790 92365000 78000 2100
load_G32_tecT 1791409038.162053662 92365000 78000 2100
load_G32_tecT 1791409038.415247158 92365000 78000 2100
load_G32_tecT 1791409038.668669615 92365000 78000 2100
load_G32_tecT 1791409038.922176301 92124000 77000 2100
load_G32_tecT 1791409039.373178353 92124000 77000 2100
load_G32_tecT 1791409039.626608845 92124000 77000 2100
load_G32_tecT 1791409039.879219112 92124000 77000 2100
load_G32_tecT 1791409040.132610891 92539000 71000 2100
load_G32_tecT 1791409040.586945574 92539000 71000 2100
load_G32_tecT 1791409040.840518114 92539000 71000 2100
load_G32_tecT 1791409041.093736678 92539000 71000 2100
load_G32_tecT 1791409041.347332722 92299000 79000 2100
load_G32_tecT 1791409041.797264969 92299000 79000 2100
load_G32_tecT 1791409042.050824805 92299000 79000 2100
load_G32_tecT 1791409042.304404960 92299000 79000 2100
load_G32_tecT 1791409042.557911136 92365000 79000 2100
load_G32_tecT 1791409043.010809192 92365000 79000 2100
load_G32_tecT 1791409043.264024429 92365000 79000 2100
load_G32_tecT 1791409043.517115252 92365000 79000 2100
load_G32_tecT 1791409043.770530656 92124000 76000 2100
load_G32_tecT 1791409044.222400605 92124000 76000 2100
load_G32_tecT 1791409044.475757500 92124000 76000 2100
load_G32_tecT 1791409044.729182963 92124000 76000 2100
load_G32_tecT 1791409044.982852376 92364000 70000 2100
load_G32_tecT 1791409045.432957139 92364000 70000 2100
load_G32_tecT 1791409045.686390007 92364000 70000 2100
load_G32_tecT 1791409045.939884270 92364000 70000 2100
load_G32_tecT 1791409046.193308953 92347000 70000 2080
load_G32_tecT 1791409046.646065964 92347000 70000 2080
load_G32_tecT 1791409046.899284969 92347000 70000 2080
load_G32_tecT 1791409047.152174563 92347000 70000 2080
load_G32_tecT 1791409047.405235159 92587000 75000 2100
load_G32_tecT 1791409047.858411410 92587000 75000 2100
load_G32_tecT 1791409048.111958484 92587000 75000 2100
load_G32_tecT 1791409048.365479708 92587000 75000 2100
load_G32_tecT 1791409048.618701318 92331000 78000 2100
load_G32_tecT 1791409049.070692016 92331000 78000 2100
load_G32_tecT 1791409049.324384042 92331000 78000 2100
load_G32_tecT 1791409049.577580505 92331000 78000 2100
load_G32_tecT 1791409049.830681407 92605000 74000 2100
load_G32_tecT 1791409050.282044523 92605000 74000 2100
load_G32_tecT 1791409050.535370981 92605000 74000 2100
load_G32_tecT 1791409050.788439893 92605000 74000 2100
load_G32_tecT 1791409051.041747886 92349000 79000 2100
load_G32_tecT 1791409051.493217943 92349000 79000 2100
load_G32_tecT 1791409051.746109592 92349000 79000 2100
load_G32_tecT 1791409051.999046385 92349000 79000 2100
load_G32_tecT 1791409052.252694169 92339000 78000 2100
load_G32_tecT 1791409052.706136753 92339000 78000 2100
load_G32_tecT 1791409052.959729022 92339000 78000 2100
load_G32_tecT 1791409053.212861615 92339000 78000 2100
load_G32_tecT 1791409053.466283142 92364000 79000 2100
load_G32_tecT 1791409053.917495314 92364000 79000 2100
load_G32_tecT 1791409054.171052958 92364000 79000 2100
load_G32_tecT 1791409054.424038514 92364000 79000 2100
load_G32_tecT 1791409054.677584394 92349000 79000 2100
load_G32_tecT 1791409055.130227011 92349000 79000 2100
load_G32_tecT 1791409055.383820021 92349000 79000 2100
load_G32_tecT 1791409055.637291492 92349000 79000 2100
load_G32_tecT 1791409055.890678394 92347000 79000 2100
load_G32_tecT 1791409056.340997053 92347000 79000 2100
load_G32_tecT 1791409056.594237580 92347000 79000 2100
load_G32_tecT 1791409056.847718439 92347000 79000 2100
load_G32_tecT 1791409057.101339733 92605000 79000 2100
load_G32_tecT 1791409057.554396442 92605000 79000 2100
load_G32_tecT 1791409057.807705247 92605000 79000 2100
load_G32_tecT 1791409058.060939592 92605000 79000 2100
load_G32_tecT 1791409058.314244731 92333000 72000 2100
load_G32_tecT 1791409058.765541934 92333000 72000 2100
load_G32_tecT 1791409059.018950938 92333000 72000 2100
load_G32_tecT 1791409059.272463337 92333000 72000 2100
load_G32_tecT 1791409059.525950439 92365000 71000 2100
load_G32_tecT 1791409059.977214780 92365000 71000 2100
load_G32_tecT 1791409060.230693356 92365000 71000 2100
load_G32_tecT 1791409060.483939143 92365000 71000 2100
load_G32_tecT 1791409060.737442526 92364000 76000 2100
load_G32_tecT 1791409061.188923996 92364000 76000 2100
load_G32_tecT 1791409061.442383396 92364000 76000 2100
load_G32_tecT 1791409061.695132167 92364000 76000 2100
load_G32_tecT 1791409061.948615882 92364000 71000 2100
load_G32_tecT 1791409062.401876807 92364000 71000 2100
load_G32_tecT 1791409062.655330185 92364000 71000 2100
load_G32_tecT 1791409062.908566374 92364000 71000 2100
load_G32_tecT 1791409063.162392605 92587000 79000 2100
load_G32_tecT 1791409063.612843735 92587000 79000 2100
load_G32_tecT 1791409063.866215580 92587000 79000 2100
load_G32_tecT 1791409064.119680641 92587000 79000 2100
load_G32_tecT 1791409064.373266289 92605000 77000 2100
load_G32_tecT 1791409064.827138525 92605000 77000 2100
load_G32_tecT 1791409065.080619025 92605000 77000 2100
load_G32_tecT 1791409065.333728396 92605000 77000 2100
load_G32_tecT 1791409065.587191263 92587000 78000 2100
load_G32_tecT 1791409066.038218308 92587000 78000 2100
load_G32_tecT 1791409066.291580095 92587000 78000 2100
load_G32_tecT 1791409066.544946520 92587000 78000 2100
load_G32_tecT 1791409066.798611087 92365000 80000 2100
load_G32_tecT 1791409067.251350720 92365000 80000 2100
load_G32_tecT 1791409067.504900390 92365000 80000 2100
load_G32_tecT 1791409067.758345774 92365000 80000 2100
load_G32_tecT 1791409068.011629414 92605000 74000 2100
load_G32_tecT 1791409068.462604812 92605000 74000 2100
load_G32_tecT 1791409068.715846092 92605000 74000 2100
load_G32_tecT 1791409068.968784200 92605000 74000 2100
load_G32_tecT 1791409069.222252608 92365000 72000 2100
load_G32_tecT 1791409069.674662670 92365000 72000 2100
load_G32_tecT 1791409069.927970445 92365000 72000 2100
load_G32_tecT 1791409070.181402154 92365000 72000 2100
load_G32_tecT 1791409070.434426425 92605000 71000 2100
load_G32_tecT 1791409070.886962465 92605000 71000 2100
load_G32_tecT 1791409071.140524880 92605000 71000 2100
load_G32_tecT 1791409071.393739159 92605000 71000 2100
load_G32_tecT 1791409071.647164927 92605000 78000 2100
load_G32_tecT 1791409072.097989913 92605000 78000 2100
load_G32_tecT 1791409072.351439676 92605000 78000 2100
load_G32_tecT 1791409072.604129256 92605000 78000 2100
load_G32_tecT 1791409072.857723481 92366000 78000 2100
load_G32_tecT 1791409073.310439321 92366000 78000 2100
load_G32_tecT 1791409073.564094020 92366000 78000 2100
load_G32_tecT 1791409073.817439296 92366000 78000 2100
load_G32_tecT 1791409074.070842902 92605000 79000 2100
load_G32_tecT 1791409074.522675398 92605000 79000 2100
load_G32_tecT 1791409074.776171919 92605000 79000 2100
load_G32_tecT 1791409075.029718855 92605000 79000 2100
load_G32_tecT 1791409075.283018566 92605000 78000 2100
load_G32_tecT 1791409075.735141318 92605000 78000 2100
load_G32_tecT 1791409075.988821426 92605000 78000 2100
load_G32_tecT 1791409076.242021358 92605000 78000 2100
load_G32_tecT 1791409076.495645650 92598000 76000 2100
load_G32_tecT 1791409076.946566418 92598000 76000 2100
load_G32_tecT 1791409077.200252507 92598000 76000 2100
load_G32_tecT 1791409077.453370626 92598000 76000 2100
load_G32_tecT 1791409077.707276649 92605000 72000 2080
load_G32_tecT 1791409078.159339709 92605000 72000 2080
load_G32_tecT 1791409078.412653617 92605000 72000 2080
load_G32_tecT 1791409078.665969338 92605000 72000 2080
load_G32_tecT 1791409078.919384637 92605000 79000 2100
load_G32_tecT 1791409079.370689900 92605000 79000 2100
load_G32_tecT 1791409079.624213132 92605000 79000 2100
load_G32_tecT 1791409079.877213208 92605000 79000 2100
load_G32_tecT 1791409080.130594132 92845000 74000 2100
load_G32_tecT 1791409080.582286866 92845000 74000 2100
load_G32_tecT 1791409080.835819626 92845000 74000 2100
load_G32_tecT 1791409081.089223854 92845000 74000 2100
load_G32_tecT 1791409081.342378852 92845000 72000 2100
load_G32_tecT 1791409081.794055486 92845000 72000 2100
load_G32_tecT 1791409082.047390293 92845000 72000 2100
load_G32_tecT 1791409082.300595326 92845000 72000 2100
load_G32_tecT 1791409082.553890719 92583000 72000 2100
load_G32_tecT 1791409083.006917246 92583000 72000 2100
load_G32_tecT 1791409083.260380837 92583000 72000 2100
load_G32_tecT 1791409083.513655140 92583000 72000 2100
load_G32_tecT 1791409083.766854082 92605000 76000 2100
load_G32_tecT 1791409084.217627754 92605000 76000 2100
load_G32_tecT 1791409084.470829701 92605000 76000 2100
load_G32_tecT 1791409084.724332906 92605000 76000 2100
load_G32_tecT 1791409084.977498125 92124000 76000 2100
load_G32_tecT 1791409085.430959582 92124000 76000 2100
load_G32_tecT 1791409085.684443711 92124000 76000 2100
load_G32_tecT 1791409085.937612356 92124000 76000 2100
load_G32_tecT 1791409086.190889405 92845000 74000 2100
load_G32_tecT 1791409086.642358558 92845000 74000 2100
load_G32_tecT 1791409086.895659773 92845000 74000 2100
load_G32_tecT 1791409087.148833818 92845000 74000 2100
load_G32_tecT 1791409087.402405633 92605000 74000 2100
load_G32_tecT 1791409087.853558921 92605000 74000 2100
load_G32_tecT 1791409088.106577112 92605000 74000 2100
load_G32_tecT 1791409088.360336451 92605000 74000 2100
load_G32_tecT 1791409088.613781467 92605000 79000 2100
load_G32_tecT 1791409089.066177697 92605000 79000 2100
load_G32_tecT 1791409089.319320073 92605000 79000 2100
load_G32_tecT 1791409089.572525117 92605000 79000 2100
load_G32_tecT 1791409089.825828797 92845000 80000 2100
load_G32_tecT 1791409090.277670673 92845000 80000 2100
load_G32_tecT 1791409090.531211870 92845000 80000 2100
load_G32_tecT 1791409090.784609247 92845000 80000 2100
load_G32_tecT 1791409091.037697450 92845000 72000 2100
load_G32_tecT 1791409091.489773819 92845000 72000 2100
load_G32_tecT 1791409091.742716248 92845000 72000 2100
load_G32_tecT 1791409091.996194567 92845000 72000 2100
load_G32_tecT 1791409092.249463803 92845000 73000 2100
load_G32_tecT 1791409092.702586553 92845000 73000 2100
load_G32_tecT 1791409092.956014427 92845000 73000 2100
load_G32_tecT 1791409093.209405943 92845000 73000 2100
load_G32_tecT 1791409093.462657525 91642000 77000 2100
load_G32_tecT 1791409093.914397620 91642000 77000 2100
load_G32_tecT 1791409094.167587235 91642000 77000 2100
load_G32_tecT 1791409094.420792440 91642000 77000 2100
load_G32_tecT 1791409094.674252846 92605000 79000 2100
load_G32_tecT 1791409095.126033227 92605000 79000 2100
load_G32_tecT 1791409095.379583001 92605000 79000 2100
load_G32_tecT 1791409095.633286806 92605000 79000 2100
load_G32_tecT 1791409095.887023262 92605000 79000 2100
load_G32_tecT 1791409096.339558205 92605000 79000 2100
load_G32_tecT 1791409096.592990789 92605000 79000 2100
load_G32_tecT 1791409096.846379850 92605000 79000 2100
load_G32_tecT 1791409097.099800521 92845000 79000 2100
load_G32_tecT 1791409097.550147332 92845000 79000 2100
load_G32_tecT 1791409097.803613529 92845000 79000 2100
load_G32_tecT 1791409098.057389980 92845000 79000 2100
load_G32_tecT 1791409098.310870985 92605000 79000 2100
load_G32_tecT 1791409098.762585173 92605000 79000 2100
load_G32_tecT 1791409099.015952213 92605000 79000 2100
load_G32_tecT 1791409099.269509963 92605000 79000 2100
load_G32_tecT 1791409099.522843309 92845000 80000 2100
load_G32_tecT 1791409099.974354745 92845000 80000 2100
load_G32_tecT 1791409100.228036328 92845000 80000 2100
load_G32_tecT 1791409100.481669590 92845000 80000 2100
load_G32_tecT 1791409100.735119998 92599000 78000 2100
load_G32_tecT 1791409101.186952308 92599000 78000 2100
load_G32_tecT 1791409101.440438263 92599000 78000 2100
load_G32_tecT 1791409101.693955647 92599000 78000 2100
load_G32_tecT 1791409101.947203262 92605000 71000 2100
load_G32_tecT 1791409102.399326742 92605000 71000 2100
load_G32_tecT 1791409102.652922153 92605000 71000 2100
load_G32_tecT 1791409102.906667376 92605000 71000 2100
load_G32_tecT 1791409103.159938907 92845000 71000 2100
load_G32_tecT 1791409103.609623080 92845000 71000 2100
load_G32_tecT 1791409103.863100218 92845000 71000 2100
load_G32_tecT 1791409104.116606040 92845000 71000 2100
load_G32_tecT 1791409104.370253580 92829000 79000 2100
load_G32_tecT 1791409104.821912094 92829000 79000 2100
load_G32_tecT 1791409105.074305460 92829000 79000 2100
load_G32_tecT 1791409105.327794731 92829000 79000 2100
load_G32_tecT 1791409105.581344166 92605000 79000 2100
load_G32_tecT 1791409106.034568220 92605000 79000 2100
load_G32_tecT 1791409106.287881720 92605000 79000 2100
load_G32_tecT 1791409106.541393043 92605000 79000 2100
load_G32_tecT 1791409106.794819386 92839000 77000 2100
load_G32_tecT 1791409107.246386188 92839000 77000 2100
load_G32_tecT 1791409107.500053705 92839000 77000 2100
load_G32_tecT 1791409107.753414745 92839000 77000 2100
load_G32_tecT 1791409108.007029633 93085000 76000 2100
load_G32_tecT 1791409108.458268748 93085000 76000 2100
load_G32_tecT 1791409108.711624367 93085000 76000 2100
load_G32_tecT 1791409108.965222654 93085000 76000 2100
load_G32_tecT 1791409109.218452187 92845000 71000 2100
load_G32_tecT 1791409109.670481591 92845000 71000 2100
load_G32_tecT 1791409109.924019554 92845000 71000 2100
load_G32_tecT 1791409110.177641837 92845000 71000 2100
load_G32_tecT 1791409110.431009870 92605000 77000 2100
load_G32_tecT 1791409110.882916523 92605000 77000 2100
load_G32_tecT 1791409111.136810257 92605000 77000 2100
load_G32_tecT 1791409111.390065027 92605000 77000 2100
load_G32_tecT 1791409111.643348611 92845000 79000 2100
load_G32_tecT 1791409112.095235948 92845000 79000 2100
load_G32_tecT 1791409112.348792427 92845000 79000 2100
load_G32_tecT 1791409112.602173295 92845000 79000 2100
load_G32_tecT 1791409112.855356660 92845000 79000 2100
load_G32_tecT 1791409113.305412476 92845000 79000 2100
load_G32_tecT 1791409113.559035570 92845000 79000 2100
load_G32_tecT 1791409113.812352227 92845000 79000 2100
load_G32_tecT 1791409114.065939704 92589000 80000 2100
load_G32_tecT 1791409114.517781185 92589000 80000 2100
load_G32_tecT 1791409114.771310763 92589000 80000 2100
load_G32_tecT 1791409115.025060757 92589000 80000 2100
load_G32_tecT 1791409115.278646301 92839000 78000 2100
load_G32_tecT 1791409115.730859122 92839000 78000 2100
load_G32_tecT 1791409115.984347422 92839000 78000 2100
load_G32_tecT 1791409116.237500351 92839000 78000 2100
load_G32_tecT 1791409116.490616420 92605000 80000 2100
load_G32_tecT 1791409116.943461523 92605000 80000 2100
load_G32_tecT 1791409117.196951607 92605000 80000 2100
load_G32_tecT 1791409117.450479162 92605000 80000 2100
load_G32_tecT 1791409117.703809004 92845000 80000 2100
load_G32_tecT 1791409118.154382286 92845000 80000 2100
load_G32_tecT 1791409118.407633520 92845000 80000 2100
load_G32_tecT 1791409118.660666523 92845000 80000 2100
load_G32_tecT 1791409118.914037773 93085000 73000 2100
load_G32_tecT 1791409119.366691115 93085000 73000 2100
load_G32_tecT 1791409119.620378862 93085000 73000 2100
load_G32_tecT 1791409119.873692904 93085000 73000 2100
load_G32_tecT 1791409120.127150327 93085000 72000 2100
load_G32_tecT 1791409120.577766580 93085000 72000 2100
load_G32_tecT 1791409120.831475066 93085000 72000 2100
load_G32_tecT 1791409121.085046554 93085000 72000 2100
load_G32_tecT 1791409121.338367671 92839000 80000 2100
load_G32_tecT 1791409121.790776642 92839000 80000 2100
load_G32_tecT 1791409122.044020393 92839000 80000 2100
load_G32_tecT 1791409122.297291054 92839000 80000 2100
load_G32_tecT 1791409122.550655392 92845000 79000 2100
load_G32_tecT 1791409123.002236644 92845000 79000 2100
load_G32_tecT 1791409123.255489101 92845000 79000 2100
load_G32_tecT 1791409123.509133927 92845000 79000 2100
load_G32_tecT 1791409123.762407234 92845000 72000 2100
load_G32_tecT 1791409124.214330190 92845000 72000 2100
load_G32_tecT 1791409124.467792172 92845000 72000 2100
load_G32_tecT 1791409124.721258913 92845000 72000 2100
load_G32_tecT 1791409124.974899301 93085000 72000 2100
load_G32_tecT 1791409125.426048620 93085000 72000 2100
load_G32_tecT 1791409125.679237297 93085000 72000 2100
load_G32_tecT 1791409125.932833332 93085000 72000 2100
load_G32_tecT 1791409126.186340549 92845000 79000 2120
load_G32_tecT 1791409126.639549149 92845000 79000 2120
load_G32_tecT 1791409126.892898058 92845000 79000 2120
load_G32_tecT 1791409127.146100772 92845000 79000 2120
load_G32_tecT 1791409127.399545531 92845000 75000 2100
load_G32_tecT 1791409127.849647517 92845000 75000 2100
load_G32_tecT 1791409128.102903731 92845000 75000 2100
load_G32_tecT 1791409128.355888464 92845000 75000 2100
load_G32_tecT 1791409128.609433594 92845000 72000 2100
load_G32_tecT 1791409129.061860500 92845000 72000 2100
load_G32_tecT 1791409129.315205773 92845000 72000 2100
load_G32_tecT 1791409129.568723280 92845000 72000 2100
load_G32_tecT 1791409129.822146228 93085000 79000 2100
load_G32_tecT 1791409130.274370823 93085000 79000 2100
load_G32_tecT 1791409130.528106893 93085000 79000 2100
load_G32_tecT 1791409130.781581960 93085000 79000 2100
load_G32_tecT 1791409131.035287762 92839000 80000 2120
load_G32_tecT 1791409131.486328918 92839000 80000 2120
load_G32_tecT 1791409131.739833050 92839000 80000 2120
load_G32_tecT 1791409131.993110285 92839000 80000 2120
load_G32_tecT 1791409132.246773587 92845000 73000 2120
load_G32_tecT 1791409132.699170819 92845000 73000 2120
load_G32_tecT 1791409132.952713524 92845000 73000 2120
load_G32_tecT 1791409133.206108451 92845000 73000 2120
load_G32_tecT 1791409133.459611291 92606000 80000 2100
load_G32_tecT 1791409133.911131029 92606000 80000 2100
load_G32_tecT 1791409134.164682310 92606000 80000 2100
load_G32_tecT 1791409134.418130527 92606000 80000 2100
load_G32_tecT 1791409134.671638898 93325000 71000 2100
load_G32_tecT 1791409135.122630822 93325000 71000 2100
load_G32_tecT 1791409135.375905983 93325000 71000 2100
load_G32_tecT 1791409135.629344402 93325000 71000 2100
load_G32_tecT 1791409135.883076164 92839000 72000 2100
load_G32_tecT 1791409136.335124388 92839000 72000 2100
load_G32_tecT 1791409136.588820543 92839000 72000 2100
load_G32_tecT 1791409136.842399216 92839000 72000 2100
load_G32_tecT 1791409137.095886988 92845000 80000 2100
load_G32_tecT 1791409137.546295834 92845000 80000 2100
load_G32_tecT 1791409137.799541399 92845000 80000 2100
load_G32_tecT 1791409138.053007511 92845000 80000 2100
load_G32_tecT 1791409138.306369636 92845000 79000 2100
load_G32_tecT 1791409138.759073386 92845000 79000 2100
load_G32_tecT 1791409139.012524269 92845000 79000 2100
load_G32_tecT 1791409139.266235192 92845000 79000 2100
load_G32_tecT 1791409139.519724497 92845000 73000 2120
load_G32_tecT 1791409139.970005031 92845000 73000 2120
load_G32_tecT 1791409140.223393146 92845000 73000 2120
load_G32_tecT 1791409140.476704506 92845000 73000 2120
load_G32_tecT 1791409140.730278080 92605000 79000 2100
load_G32_tecT 1791409141.182689991 92605000 79000 2100
load_G32_tecT 1791409141.436471006 92605000 79000 2100
load_G32_tecT 1791409141.690146141 92605000 79000 2100
load_G32_tecT 1791409141.943573430 92845000 79000 2120
load_G32_tecT 1791409142.394953527 92845000 79000 2120
load_G32_tecT 1791409142.648481655 92845000 79000 2120
load_G32_tecT 1791409142.901900067 92845000 79000 2120
load_G32_tecT 1791409143.155302920 92845000 73000 2120
load_G32_tecT 1791409143.606713625 92845000 73000 2120
load_G32_tecT 1791409143.860177592 92845000 73000 2120
load_G32_tecT 1791409144.113575226 92845000 73000 2120
load_G32_tecT 1791409144.366898689 92845000 76000 2120
load_G32_tecT 1791409144.818631541 92845000 76000 2120
load_G32_tecT 1791409145.071913365 92845000 76000 2120
load_G32_tecT 1791409145.325304266 92845000 76000 2120
load_G32_tecT 1791409145.578703382 92839000 79000 2100
load_G32_tecT 1791409146.030831318 92839000 79000 2100
load_G32_tecT 1791409146.284173847 92839000 79000 2100
load_G32_tecT 1791409146.537823836 92839000 79000 2100
load_G32_tecT 1791409146.791868950 93542000 80000 2100
load_G32_tecT 1791409147.243471196 93542000 80000 2100
load_G32_tecT 1791409147.496239102 93542000 80000 2100
load_G32_tecT 1791409147.749753235 93542000 80000 2100
load_G32_tecT 1791409148.003151229 93085000 78000 2120
load_G32_tecT 1791409148.454234959 93085000 78000 2120
load_G32_tecT 1791409148.707873696 93085000 78000 2120
load_G32_tecT 1791409148.961532893 93085000 78000 2120
load_G32_tecT 1791409149.214849033 93325000 80000 2100
load_G32_tecT 1791409149.666361871 93325000 80000 2100
load_G32_tecT 1791409149.920322686 93325000 80000 2100
load_G32_tecT 1791409150.173662520 93325000 80000 2100
load_G32_tecT 1791409150.426819450 93085000 80000 2100
load_G32_tecT 1791409150.877833008 93085000 80000 2100
load_G32_tecT 1791409151.131163175 93085000 80000 2100
load_G32_tecT 1791409151.384322479 93085000 80000 2100
load_G32_tecT 1791409151.637643138 93079000 77000 2100
load_G32_tecT 1791409152.091382182 93079000 77000 2100
load_G32_tecT 1791409152.344648969 93079000 77000 2100
load_G32_tecT 1791409152.598031484 93079000 77000 2100
load_G32_tecT 1791409152.851572318 93085000 79000 2120
load_G32_tecT 1791409153.303055181 93085000 79000 2120
load_G32_tecT 1791409153.556631972 93085000 79000 2120
load_G32_tecT 1791409153.809810824 93085000 79000 2120
load_G32_tecT 1791409154.062874458 92845000 73000 2100
load_G32_tecT 1791409154.514926504 92845000 73000 2100
load_G32_tecT 1791409154.768173143 92845000 73000 2100
load_G32_tecT 1791409155.021363426 92845000 73000 2100
load_G32_tecT 1791409155.274917696 91626000 79000 2100
load_G32_tecT 1791409155.726397683 91626000 79000 2100
load_G32_tecT 1791409155.980232902 91626000 79000 2100
load_G32_tecT 1791409156.233510680 91626000 79000 2100
load_G32_tecT 1791409156.486564056 93085000 80000 2100
load_G32_tecT 1791409156.938249962 93085000 80000 2100
load_G32_tecT 1791409157.191935098 93085000 80000 2100
load_G32_tecT 1791409157.445757012 93085000 80000 2100
load_G32_tecT 1791409157.699004583 93325000 71000 2100
load_G32_tecT 1791409158.150322956 93325000 71000 2100
load_G32_tecT 1791409158.403640420 93325000 71000 2100
load_G32_tecT 1791409158.656767384 93325000 71000 2100
load_G32_tecT 1791409158.910187882 93325000 72000 2100
load_G32_tecT 1791409159.363064442 93325000 72000 2100
load_G32_tecT 1791409159.615760414 93325000 72000 2100
load_G32_tecT 1791409159.869227490 93325000 72000 2100
load_G32_tecT 1791409160.122584648 92605000 80000 2120
load_G32_tecT 1791409160.574702438 92605000 80000 2120
load_G32_tecT 1791409160.828010464 92605000 80000 2120
idle3 1791409161.429169982 93085000 80000 2120
idle3 1791409161.786833956 93085000 80000 2120
idle3 1791409162.042004712 93085000 80000 2120
idle3 1791409162.297174306 93085000 80000 2120
idle3 1791409162.552169812 78255000 61000 1899
idle3 1791409162.999999823 78255000 61000 1899
idle3 1791409163.254885432 78255000 61000 1899
idle3 1791409163.510105862 78255000 61000 1899
idle3 1791409163.765475403 78240000 61000 1899
idle3 1791409164.212605545 78240000 61000 1899
idle3 1791409164.467684069 78240000 61000 1899
idle3 1791409164.722540052 78240000 61000 1899
idle3 1791409164.977778706 78255000 61000 1899
idle3 1791409165.422885996 78255000 61000 1899
idle3 1791409165.677618978 78255000 61000 1899
idle3 1791409165.932345777 78255000 61000 1899
idle3 1791409166.187261694 78255000 61000 1899
idle3 1791409166.636953343 78255000 61000 1899
idle3 1791409166.891850124 78255000 61000 1899
idle3 1791409167.146883191 78255000 61000 1899
idle3 1791409167.401692447 77999000 61000 1899
idle3 1791409167.848997859 77999000 61000 1899
idle3 1791409168.103351737 77999000 61000 1899
idle3 1791409168.358153459 77999000 61000 1899
idle3 1791409168.613772220 78014000 61000 1899
idle3 1791409169.060121381 78014000 61000 1899
idle3 1791409169.314839235 78014000 61000 1899
idle3 1791409169.570176506 78014000 61000 1899
idle3 1791409169.825291598 77999000 61000 1880
idle3 1791409170.271987202 77999000 61000 1880
idle3 1791409170.526748817 77999000 61000 1880
idle3 1791409170.781775383 77999000 61000 1880
idle3 1791409171.036905243 77773000 60000 1880
idle3 1791409171.484654253 77773000 60000 1880
idle3 1791409171.738500444 77773000 60000 1880
idle3 1791409171.992935504 77773000 60000 1880
idle3 1791409172.247562247 77692000 61000 1899
idle3 1791409172.695174329 77692000 61000 1899
idle3 1791409172.949881532 77692000 61000 1899
idle3 1791409173.204388840 77692000 61000 1899
idle3 1791409173.459696185 77759000 60000 1899
idle3 1791409173.907839137 77759000 60000 1899
idle3 1791409174.162677077 77759000 60000 1899
idle3 1791409174.417872752 77759000 60000 1899
idle3 1791409174.672294267 78014000 61000 1899
idle3 1791409175.120206885 78014000 61000 1899
idle3 1791409175.375148361 78014000 61000 1899
idle3 1791409175.629414744 78014000 61000 1899
idle3 1791409175.883547415 77212000 61000 1899
idle3 1791409176.332891381 77212000 61000 1899
idle3 1791409176.588026622 77212000 61000 1899
idle3 1791409176.843119383 77212000 61000 1899
idle3 1791409177.097938989 77774000 60000 1899
idle3 1791409177.542785820 77774000 60000 1899
idle3 1791409177.797901133 77774000 60000 1899
idle3 1791409178.052838812 77774000 60000 1899
idle3 1791409178.306916119 77773000 61000 1880
idle3 1791409178.756327372 77773000 61000 1880
idle3 1791409179.011484425 77773000 61000 1880
idle3 1791409179.266887370 77773000 61000 1880
idle3 1791409179.522032851 77534000 61000 1880
idle3 1791409179.968611666 77534000 61000 1880
idle3 1791409180.223947054 77534000 61000 1880
idle3 1791409180.478408787 77534000 61000 1880
idle3 1791409180.733065807 77466000 61000 1880
idle3 1791409181.179899032 77466000 61000 1880
idle3 1791409181.434621767 77466000 61000 1880
idle3 1791409181.689244573 77466000 61000 1880
idle3 1791409181.944638522 77293000 61000 1880
idle3 1791409182.393200506 77293000 61000 1880
idle3 1791409182.648105443 77293000 61000 1880
idle3 1791409182.903068991 77293000 61000 1880
idle3 1791409183.156939520 77212000 60000 1880
idle3 1791409183.605393821 77212000 60000 1880
idle3 1791409183.860472346 77212000 60000 1880
idle3 1791409184.115329473 77212000 60000 1880
idle3 1791409184.370373964 77272000 60000 1880
idle3 1791409184.816206353 77272000 60000 1880
idle3 1791409185.070867933 77272000 60000 1880
idle3 1791409185.326116608 77272000 60000 1880
idle3 1791409185.580914424 77212000 60000 1880
idle3 1791409186.028745671 77212000 60000 1880
idle3 1791409186.282912758 77212000 60000 1880
idle3 1791409186.538099968 77212000 60000 1880
idle3 1791409186.793401183 77212000 61000 1880
idle3 1791409187.240064419 77212000 61000 1880
idle3 1791409187.495219669 77212000 61000 1880
idle3 1791409187.749845551 77212000 61000 1880
idle3 1791409188.003679631 77293000 60000 1880
idle3 1791409188.453278429 77293000 60000 1880
idle3 1791409188.707809712 77293000 60000 1880
idle3 1791409188.962969851 77293000 60000 1880
idle3 1791409189.218312374 77226000 60000 1880
idle3 1791409189.665089695 77226000 60000 1880
idle3 1791409189.919901598 77226000 60000 1880
idle3 1791409190.174863434 77226000 60000 1880
idle3 1791409190.430130054 77212000 60000 1880
idle3 1791409190.876615716 77212000 60000 1880
idle3 1791409191.131796675 77212000 60000 1880
idle3 1791409191.386619649 77212000 60000 1880
idle3 1791409191.640584746 77226000 60000 1880
idle3 1791409192.087587923 77226000 60000 1880
idle3 1791409192.342405036 77226000 60000 1880
idle3 1791409192.597600733 77226000 60000 1880
idle3 1791409192.852622041 77212000 60000 1880
idle3 1791409193.300584637 77212000 60000 1880
idle3 1791409193.554811728 77212000 60000 1880
idle3 1791409193.808651920 77212000 60000 1880
idle3 1791409194.063624767 77226000 60000 1880
idle3 1791409194.510893285 77226000 60000 1880
idle3 1791409194.765991137 77226000 60000 1880
idle3 1791409195.020935359 77226000 60000 1880
idle3 1791409195.275827333 77212000 60000 1880
idle3 1791409195.722500420 77212000 60000 1880
idle3 1791409195.977178621 77212000 60000 1880
idle3 1791409196.232414093 77212000 60000 1880
idle3 1791409196.487703717 77220000 60000 1880
idle3 1791409196.936379287 77220000 60000 1880
idle3 1791409197.191321496 77220000 60000 1880
idle3 1791409197.446281108 77220000 60000 1880
idle3 1791409197.701256780 77226000 60000 1880
idle3 1791409198.148203191 77226000 60000 1880
idle3 1791409198.403184193 77226000 60000 1880
idle3 1791409198.658110723 77226000 60000 1880
idle3 1791409198.913256876 77226000 60000 1880
idle3 1791409199.360368269 77226000 60000 1880
idle3 1791409199.615005193 77226000 60000 1880
idle3 1791409199.868940865 77226000 60000 1880
idle3 1791409200.122768363 77220000 60000 1880
idle3 1791409200.571792792 77220000 60000 1880
idle3 1791409200.826593433 77220000 60000 1880
idle3 1791409201.081563626 77220000 60000 1880
idle3 1791409201.336872556 76972000 60000 1880
idle3 1791409201.782864730 76972000 60000 1880
idle3 1791409202.037042560 76972000 60000 1880
idle3 1791409202.290973544 76972000 60000 1880
idle3 1791409202.545914832 77212000 60000 1880
idle3 1791409202.995629351 77212000 60000 1880
idle3 1791409203.250791615 77212000 60000 1880
idle3 1791409203.505548566 77212000 60000 1880
idle3 1791409203.760310617 76986000 60000 1880
idle3 1791409204.207357098 76986000 60000 1880
idle3 1791409204.462736802 76986000 60000 1880
idle3 1791409204.717829446 76986000 60000 1880
idle3 1791409204.971895375 76745000 60000 1860
idle3 1791409205.420614458 76745000 60000 1860
idle3 1791409205.675475245 76745000 60000 1860
idle3 1791409205.929868510 76745000 60000 1860
idle3 1791409206.183339689 76973000 60000 1880
idle3 1791409206.631426331 76973000 60000 1880
idle3 1791409206.886008522 76973000 60000 1880
idle3 1791409207.140792073 76973000 60000 1880
idle3 1791409207.394543158 76733000 60000 1880
idle3 1791409207.844813977 76733000 60000 1880
idle3 1791409208.099835085 76733000 60000 1880
idle3 1791409208.354538365 76733000 60000 1880
idle3 1791409208.609512845 76500000 60000 1880
idle3 1791409209.056894419 76500000 60000 1880
idle3 1791409209.311616183 76500000 60000 1880
idle3 1791409209.565779706 76500000 60000 1880
idle3 1791409209.821530700 76731000 60000 1860
idle3 1791409210.268404046 76731000 60000 1860
idle3 1791409210.522129123 76731000 60000 1860
idle3 1791409210.777026329 76731000 60000 1860
idle3 1791409211.031313334 76972000 60000 1880
idle3 1791409211.479847731 76972000 60000 1880
idle3 1791409211.733975486 76972000 60000 1880
idle3 1791409211.987853882 76972000 60000 1880
idle3 1791409212.242606876 76745000 59000 1880
idle3 1791409212.691005867 76745000 59000 1880
idle3 1791409212.945678870 76745000 59000 1880
idle3 1791409213.200728153 76745000 59000 1880
idle3 1791409213.455279707 76986000 60000 1860
idle3 1791409213.904938893 76986000 60000 1860
idle3 1791409214.160195006 76986000 60000 1860
idle3 1791409214.415135544 76986000 60000 1860
idle3 1791409214.670816236 76731000 60000 1880
idle3 1791409215.117167518 76731000 60000 1880
idle3 1791409215.372237971 76731000 60000 1880
idle3 1791409215.626263364 76731000 60000 1880
idle3 1791409215.880959711 76506000 60000 1860
idle3 1791409216.328196794 76506000 60000 1860
idle3 1791409216.582660202 76506000 60000 1860
idle3 1791409216.837127889 76506000 60000 1860
idle3 1791409217.092259567 76745000 59000 1860
idle3 1791409217.541121341 76745000 59000 1860
idle3 1791409217.795899734 76745000 59000 1860
idle3 1791409218.050883242 76745000 59000 1860
idle3 1791409218.306438909 76745000 59000 1880
idle3 1791409218.751489571 76745000 59000 1880
idle3 1791409219.006401685 76745000 59000 1880
idle3 1791409219.261251512 76745000 59000 1880
idle3 1791409219.516668759 76492000 59000 1860
idle3 1791409219.964653621 76492000 59000 1860
idle3 1791409220.219921917 76492000 59000 1860
idle3 1791409220.474604239 76492000 59000 1860
idle3 1791409220.728797870 76745000 59000 1880
