idle0 1791342680.028449678 66570000 50000 1699
idle0 1791342680.441796228 66570000 50000 1699
idle0 1791342680.696589324 66570000 50000 1699
idle0 1791342680.951475586 66570000 50000 1699
idle0 1791342681.206194453 66041000 49000 1699
idle0 1791342681.652860584 66041000 49000 1699
idle0 1791342681.907696512 66041000 49000 1699
idle0 1791342682.162170288 66041000 49000 1699
idle0 1791342682.416208372 66096000 49000 1699
idle0 1791342682.867008544 66096000 49000 1699
idle0 1791342683.121943188 66096000 49000 1699
idle0 1791342683.376987208 66096000 49000 1699
idle0 1791342683.631898759 66042000 49000 1699
idle0 1791342684.077620803 66042000 49000 1699
idle0 1791342684.332723755 66042000 49000 1699
idle0 1791342684.586588734 66042000 49000 1699
idle0 1791342684.840759901 66281000 49000 1699
idle0 1791342685.290849435 66281000 49000 1699
idle0 1791342685.545724218 66281000 49000 1699
idle0 1791342685.800802524 66281000 49000 1699
idle0 1791342686.055334270 66096000 49000 1699
idle0 1791342686.502650049 66096000 49000 1699
idle0 1791342686.757034118 66096000 49000 1699
idle0 1791342687.011983833 66096000 49000 1699
idle0 1791342687.266067105 66348000 49000 1699
idle0 1791342687.714557518 66348000 49000 1699
idle0 1791342687.969842063 66348000 49000 1699
idle0 1791342688.224802610 66348000 49000 1699
idle0 1791342688.479606570 66348000 49000 1699
idle0 1791342688.927271589 66348000 49000 1699
idle0 1791342689.182092362 66348000 49000 1699
idle0 1791342689.435770712 66348000 49000 1699
idle0 1791342689.690172947 66336000 49000 1699
idle0 1791342690.240031941 66336000 49000 1699
idle0 1791342690.493821672 66336000 49000 1699
idle0 1791342690.748243524 66336000 49000 1699
idle0 1791342691.002188387 66121000 49000 1719
idle0 1791342691.450803129 66121000 49000 1719
idle0 1791342691.705669630 66121000 49000 1719
idle0 1791342691.960015539 66121000 49000 1719
idle0 1791342692.213432538 66348000 49000 1699
idle0 1791342692.663039980 66348000 49000 1699
idle0 1791342692.917763832 66348000 49000 1699
idle0 1791342693.172699704 66348000 49000 1699
idle0 1791342693.426786045 66294000 49000 1699
idle0 1791342693.874891388 66294000 49000 1699
idle0 1791342694.129774741 66294000 49000 1699
idle0 1791342694.384563326 66294000 49000 1699
idle0 1791342694.639172162 66349000 48000 1699
idle0 1791342695.087216610 66349000 48000 1699
idle0 1791342695.341026491 66349000 48000 1699
idle0 1791342695.596017307 66349000 48000 1699
idle0 1791342695.850764164 65882000 49000 1699
idle0 1791342696.299736882 65882000 49000 1699
idle0 1791342696.554182281 65882000 49000 1699
idle0 1791342696.808910273 65882000 49000 1699
idle0 1791342697.062712229 66096000 49000 1699
idle0 1791342697.510295312 66096000 49000 1699
idle0 1791342697.763880681 66096000 49000 1699
idle0 1791342698.018101437 66096000 49000 1699
idle0 1791342698.271741529 66125000 49000 1699
idle0 1791342698.723344626 66125000 49000 1699
idle0 1791342698.978522016 66125000 49000 1699
idle0 1791342699.232416358 66125000 49000 1699
idle0 1791342699.486052503 66108000 50000 1699
idle0 1791342699.934608620 66108000 50000 1699
idle0 1791342700.189820074 66108000 50000 1699
idle0 1791342700.444838464 66108000 50000 1699
idle0 1791342700.699754071 66349000 49000 1699
idle0 1791342701.147694860 66349000 49000 1699
idle0 1791342701.401818274 66349000 49000 1699
idle0 1791342701.656554885 66349000 49000 1699
idle0 1791342701.911299078 66342000 49000 1699
idle0 1791342702.358814737 66342000 49000 1699
idle0 1791342702.614001786 66342000 49000 1699
idle0 1791342702.868965675 66342000 49000 1699
idle0 1791342703.124041274 66336000 49000 1699
idle0 1791342703.570774860 66336000 49000 1699
idle0 1791342703.825689155 66336000 49000 1699
idle0 1791342704.080759485 66336000 49000 1699
idle0 1791342704.335775564 66096000 49000 1699
idle0 1791342704.784312468 66096000 49000 1699
idle0 1791342705.039482927 66096000 49000 1699
idle0 1791342705.294106756 66096000 49000 1699
idle0 1791342705.548732459 66361000 49000 1699
idle0 1791342705.995746125 66361000 49000 1699
idle0 1791342706.250643620 66361000 49000 1699
idle0 1791342706.505386144 66361000 49000 1699
idle0 1791342706.760820631 66336000 49000 1699
idle0 1791342707.208068298 66336000 49000 1699
idle0 1791342707.462344494 66336000 49000 1699
idle0 1791342707.716917388 66336000 49000 1699
idle0 1791342707.971958214 66361000 49000 1699
idle0 1791342708.419676769 66361000 49000 1699
idle0 1791342708.673694057 66361000 49000 1699
idle0 1791342708.928767345 66361000 49000 1699
idle0 1791342709.183733631 66054000 49000 1699
idle0 1791342709.632294405 66054000 49000 1699
idle0 1791342709.887138461 66054000 49000 1699
idle0 1791342710.141928395 66054000 49000 1699
idle0 1791342710.396779414 66096000 49000 1699
idle0 1791342710.842870756 66096000 49000 1699
idle0 1791342711.097919939 66096000 49000 1699
idle0 1791342711.353054894 66096000 49000 1699
idle0 1791342711.607490793 66108000 49000 1699
idle0 1791342712.056490285 66108000 49000 1699
idle0 1791342712.310399450 66108000 49000 1699
idle0 1791342712.565025057 66108000 49000 1699
idle0 1791342712.819690027 66108000 50000 1699
idle0 1791342713.267085347 66108000 50000 1699
idle0 1791342713.521994358 66108000 50000 1699
idle0 1791342713.776961117 66108000 50000 1699
idle0 1791342714.031794275 66349000 49000 1699
idle0 1791342714.480069725 66349000 49000 1699
idle0 1791342714.734880882 66349000 49000 1699
idle0 1791342714.988632702 66349000 49000 1699
idle0 1791342715.242865759 66336000 49000 1699
idle0 1791342715.691259373 66336000 49000 1699
idle0 1791342715.946141283 66336000 49000 1699
idle0 1791342716.201069731 66336000 49000 1699
idle0 1791342716.456189879 66330000 50000 1699
idle0 1791342716.903968065 66330000 50000 1699
idle0 1791342717.159178664 66330000 50000 1699
idle0 1791342717.414462602 66330000 50000 1699
idle0 1791342717.669027957 66294000 49000 1699
idle0 1791342718.115163438 66294000 49000 1699
idle0 1791342718.370323524 66294000 49000 1699
idle0 1791342718.625274315 66294000 49000 1699
idle0 1791342718.880236267 66348000 49000 1699
idle0 1791342719.327619099 66348000 49000 1699
idle0 1791342719.582236593 66348000 49000 1699
idle0 1791342719.837078630 66348000 49000 1699
idle0 1791342720.092292116 66336000 49000 1699
idle0 1791342720.540239844 66336000 49000 1699
idle0 1791342720.794758491 66336000 49000 1699
idle0 1791342721.049546266 66336000 49000 1699
idle0 1791342721.304466091 66121000 49000 1699
idle0 1791342721.751721545 66121000 49000 1699
idle0 1791342722.006336765 66121000 49000 1699
idle0 1791342722.261551315 66121000 49000 1699
idle0 1791342722.516234974 66330000 49000 1699
idle0 1791342722.963516007 66330000 49000 1699
idle0 1791342723.218612275 66330000 49000 1699
idle0 1791342723.473636546 66330000 49000 1699
idle0 1791342723.728442798 66121000 49000 1699
idle0 1791342724.176129386 66121000 49000 1699
idle0 1791342724.431149691 66121000 49000 1699
idle0 1791342724.685855804 66121000 49000 1699
idle0 1791342724.940669109 66349000 49000 1699
idle0 1791342725.387676628 66349000 49000 1699
idle0 1791342725.642476849 66349000 49000 1699
idle0 1791342725.896836930 66349000 49000 1699
idle0 1791342726.151690542 66121000 49000 1699
idle0 1791342726.598627139 66121000 49000 1699
idle0 1791342726.853734619 66121000 49000 1699
idle0 1791342727.108481671 66121000 49000 1699
idle0 1791342727.362831033 66121000 49000 1699
idle0 1791342727.812097089 66121000 49000 1699
idle0 1791342728.066038293 66121000 49000 1699
idle0 1791342728.320916141 66121000 49000 1699
idle0 1791342728.574819042 66348000 49000 1699
idle0 1791342729.022727843 66348000 49000 1699
idle0 1791342729.277566808 66348000 49000 1699
idle0 1791342729.532479341 66348000 49000 1699
idle0 1791342729.787797169 66336000 49000 1699
idle0 1791342730.235400265 66336000 49000 1699
idle0 1791342730.489952471 66336000 49000 1699
idle0 1791342730.744465903 66336000 49000 1699
idle0 1791342730.998546841 66096000 49000 1699
idle0 1791342731.448479617 66096000 49000 1699
idle0 1791342731.703391400 66096000 49000 1699
idle0 1791342731.958476500 66096000 49000 1699
idle0 1791342732.213296932 66348000 49000 1699
idle0 1791342732.659993501 66348000 49000 1699
idle0 1791342732.914869066 66348000 49000 1699
idle0 1791342733.168904509 66348000 49000 1699
idle0 1791342733.423785927 66348000 49000 1699
idle0 1791342733.873067557 66348000 49000 1699
idle0 1791342734.126974949 66348000 49000 1699
idle0 1791342734.381674864 66348000 49000 1699
idle0 1791342734.636547696 66041000 49000 1699
idle0 1791342735.083859766 66041000 49000 1699
idle0 1791342735.338837245 66041000 49000 1699
idle0 1791342735.593380496 66041000 49000 1699
idle0 1791342735.847286025 66588000 49000 1699
idle0 1791342736.294996758 66588000 49000 1699
idle0 1791342736.549516295 66588000 49000 1699
idle0 1791342736.804009072 66588000 49000 1699
idle0 1791342737.057720776 66108000 49000 1699
idle0 1791342737.507799351 66108000 49000 1699
idle0 1791342737.763096423 66108000 49000 1699
idle0 1791342738.017505442 66108000 49000 1699
idle0 1791342738.272240265 66349000 49000 1699
idle0 1791342738.719114734 66349000 49000 1699
idle0 1791342738.973310702 66349000 49000 1699
idle0 1791342739.228242967 66349000 49000 1699
idle0 1791342739.483284639 66108000 49000 1699
idle0 1791342739.931035120 66108000 49000 1699
load_X5 1791342740.187840866 66108000 49000 1699
load_X5 1791342740.442234487 66108000 49000 1699
load_X5 1791342740.696086357 72305000 49000 2200
load_X5 1791342741.142969694 72305000 49000 2200
load_X5 1791342741.396559211 72305000 49000 2200
load_X5 1791342741.649827933 72305000 49000 2200
load_X5 1791342741.903353248 100349000 85000 2219
load_X5 1791342742.354658288 100349000 85000 2219
load_X5 1791342742.607968479 100349000 85000 2219
load_X5 1791342742.861288347 100349000 85000 2219
load_X5 1791342743.114362823 103739000 89000 2219
load_X5 1791342743.566814014 103739000 89000 2219
load_X5 1791342743.820422157 103739000 89000 2219
load_X5 1791342744.073845831 103739000 89000 2219
load_X5 1791342744.327188213 102562000 90000 2219
load_X5 1791342744.778074787 102562000 90000 2219
load_X5 1791342745.031563354 102562000 90000 2219
load_X5 1791342745.284860090 102562000 90000 2219
load_X5 1791342745.538306929 103739000 89000 2219
load_X5 1791342745.991451077 103739000 89000 2219
load_X5 1791342746.244832534 103739000 89000 2219
load_X5 1791342746.498022710 103739000 89000 2219
load_X5 1791342746.751352028 103969000 90000 2239
load_X5 1791342747.202671328 103969000 90000 2239
load_X5 1791342747.455982813 103969000 90000 2239
load_X5 1791342747.709408564 103969000 90000 2239
load_X5 1791342747.962863148 103709000 90000 2239
load_X5 1791342748.414217987 103709000 90000 2239
load_X5 1791342748.667409867 103709000 90000 2239
load_X5 1791342748.920631062 103709000 90000 2239
load_X5 1791342749.173733734 103964000 86000 2239
load_X5 1791342749.626603508 103964000 86000 2239
load_X5 1791342749.880280743 103964000 86000 2239
load_X5 1791342750.133476541 103964000 86000 2239
load_X5 1791342750.386991911 104201000 86000 2239
load_X5 1791342750.837914908 104201000 86000 2239
load_X5 1791342751.091159478 104201000 86000 2239
load_X5 1791342751.344248666 104201000 86000 2239
load_X5 1791342751.597638981 104451000 90000 2159
load_X5 1791342752.051093759 104451000 90000 2159
load_X5 1791342752.304559547 104451000 90000 2159
load_X5 1791342752.557896352 104451000 90000 2159
load_X5 1791342752.811348083 104474000 87000 2239
load_X5 1791342753.261929398 104474000 87000 2239
load_X5 1791342753.515350492 104474000 87000 2239
load_X5 1791342753.768478954 104474000 87000 2239
load_X5 1791342754.021578813 104441000 88000 2239
load_X5 1791342754.473570105 104441000 88000 2239
load_X5 1791342754.727005437 104441000 88000 2239
load_X5 1791342754.980422563 104441000 88000 2239
load_X5 1791342755.233817960 101552000 91000 2239
load_X5 1791342755.687352641 101552000 91000 2239
load_X5 1791342755.940951411 101552000 91000 2239
load_X5 1791342756.194148253 101552000 91000 2239
load_X5 1791342756.447577905 103695000 89000 2239
load_X5 1791342756.898723665 103695000 89000 2239
load_X5 1791342757.151954522 103695000 89000 2239
load_X5 1791342757.405034155 103695000 89000 2239
load_X5 1791342757.658161717 102510000 89000 2239
load_X5 1791342758.110259563 102510000 89000 2239
load_X5 1791342758.363489358 102510000 89000 2239
load_X5 1791342758.616868255 102510000 89000 2239
load_X5 1791342758.870181007 104960000 90000 2239
load_X5 1791342759.322373803 104960000 90000 2239
load_X5 1791342759.576063625 104960000 90000 2239
load_X5 1791342759.829184376 104960000 90000 2239
load_X5 1791342760.082662861 104893000 88000 2239
load_X5 1791342760.534254915 104893000 88000 2239
load_X5 1791342760.787628553 104893000 88000 2239
load_X5 1791342761.040729396 104893000 88000 2239
load_X5 1791342761.294157737 105152000 92000 2239
load_X5 1791342761.746955154 105152000 92000 2239
load_X5 1791342762.000239122 105152000 92000 2239
load_X5 1791342762.253705425 105152000 92000 2239
load_X5 1791342762.507167089 105200000 87000 2239
load_X5 1791342762.957551049 105200000 87000 2239
load_X5 1791342763.210953592 105200000 87000 2239
load_X5 1791342763.464064225 105200000 87000 2239
load_X5 1791342763.717302579 105150000 91000 2179
load_X5 1791342764.171394347 105150000 91000 2179
load_X5 1791342764.424874687 105150000 91000 2179
load_X5 1791342764.678205244 105150000 91000 2179
load_X5 1791342764.931588191 105181000 89000 2260
load_X5 1791342765.382263382 105181000 89000 2260
load_X5 1791342765.635421315 105181000 89000 2260
load_X5 1791342765.888368560 105181000 89000 2260
load_X5 1791342766.141842169 105389000 90000 2260
load_X5 1791342766.594191484 105389000 90000 2260
load_X5 1791342766.847651497 105389000 90000 2260
load_X5 1791342767.100896124 105389000 90000 2260
load_X5 1791342767.354235700 105438000 91000 2260
load_X5 1791342767.806438311 105438000 91000 2260
load_X5 1791342768.059609319 105438000 91000 2260
load_X5 1791342768.313100972 105438000 91000 2260
load_X5 1791342768.566561947 105371000 92000 2260
load_X5 1791342769.018888201 105371000 92000 2260
load_X5 1791342769.272138780 105371000 92000 2260
load_X5 1791342769.525260366 105371000 92000 2260
load_X5 1791342769.778745808 105371000 90000 2260
load_X5 1791342770.229947935 105371000 90000 2260
load_X5 1791342770.483106882 105371000 90000 2260
load_X5 1791342770.736530918 105371000 90000 2260
load_X5 1791342770.989663215 105982000 88000 2260
load_X5 1791342771.442787415 105982000 88000 2260
load_X5 1791342771.696075205 105982000 88000 2260
load_X5 1791342771.949442315 105982000 88000 2260
load_X5 1791342772.202951943 105919000 87000 2260
load_X5 1791342772.654082046 105919000 87000 2260
load_X5 1791342772.907235734 105919000 87000 2260
load_X5 1791342773.160679118 105919000 87000 2260
load_X5 1791342773.413864566 105891000 92000 2260
load_X5 1791342773.865973945 105891000 92000 2260
load_X5 1791342774.119291622 105891000 92000 2260
load_X5 1791342774.372622184 105891000 92000 2260
load_X5 1791342774.625791642 106209000 93000 2280
load_X5 1791342775.079057511 106209000 93000 2280
load_X5 1791342775.332649757 106209000 93000 2280
load_X5 1791342775.585932940 106209000 93000 2280
load_X5 1791342775.838889617 106158000 91000 2280
load_X5 1791342776.290475532 106158000 91000 2280
load_X5 1791342776.543645772 106158000 91000 2280
load_X5 1791342776.796747474 106158000 91000 2280
load_X5 1791342777.050225705 106447000 90000 2260
load_X5 1791342777.502930819 106447000 90000 2260
load_X5 1791342777.756287642 106447000 90000 2260
load_X5 1791342778.009330503 106447000 90000 2260
load_X5 1791342778.262432395 106428000 90000 2260
load_X5 1791342778.714563809 106428000 90000 2260
load_X5 1791342778.967580692 106428000 90000 2260
load_X5 1791342779.221090814 106428000 90000 2260
load_X5 1791342779.474716694 105681000 89000 2280
load_X5 1791342779.927686619 105681000 89000 2280
load_X5 1791342780.181148581 105681000 89000 2280
load_X5 1791342780.434306450 105681000 89000 2280
load_X5 1791342780.687388516 106428000 90000 2280
load_X5 1791342781.138894984 106428000 90000 2280
load_X5 1791342781.392277076 106428000 90000 2280
load_X5 1791342781.645606137 106428000 90000 2280
load_X5 1791342781.898693614 106447000 91000 2280
load_X5 1791342782.351650095 106447000 91000 2280
load_X5 1791342782.604965071 106447000 91000 2280
load_X5 1791342782.858032009 106447000 91000 2280
load_X5 1791342783.111228281 106668000 93000 2280
load_X5 1791342783.562762163 106668000 93000 2280
load_X5 1791342783.816237311 106668000 93000 2280
load_X5 1791342784.069613352 106668000 93000 2280
load_X5 1791342784.323135820 106668000 92000 2280
load_X5 1791342784.774229963 106668000 92000 2280
load_X5 1791342785.027591698 106668000 92000 2280
load_X5 1791342785.280598875 106668000 92000 2280
load_X5 1791342785.533651808 106659000 91000 2280
load_X5 1791342785.987524257 106659000 91000 2280
load_X5 1791342786.240615343 106659000 91000 2280
load_X5 1791342786.493786179 106659000 91000 2280
load_X5 1791342786.746968676 107117000 88000 2179
load_X5 1791342787.199377719 107117000 88000 2179
load_X5 1791342787.452504071 107117000 88000 2179
load_X5 1791342787.705881106 107117000 88000 2179
load_X5 1791342787.959112837 106877000 92000 2300
load_X5 1791342788.411132848 106877000 92000 2300
load_X5 1791342788.664596075 106877000 92000 2300
load_X5 1791342788.917774075 106877000 92000 2300
load_X5 1791342789.171288219 107156000 90000 2280
load_X5 1791342789.622298989 107156000 90000 2280
load_X5 1791342789.875695330 107156000 90000 2280
load_X5 1791342790.129127400 107156000 90000 2280
load_X5 1791342790.382610646 107117000 91000 2300
load_X5 1791342790.835648185 107117000 91000 2300
load_X5 1791342791.089205231 107117000 91000 2300
load_X5 1791342791.342571527 107117000 91000 2300
load_X5 1791342791.596076894 105942000 92000 2280
load_X5 1791342792.047236947 105942000 92000 2280
load_X5 1791342792.300784575 105942000 92000 2280
load_X5 1791342792.554267972 105942000 92000 2280
load_X5 1791342792.807416809 107118000 94000 2280
load_X5 1791342793.257827129 107118000 94000 2280
load_X5 1791342793.511314043 107118000 94000 2280
load_X5 1791342793.764613043 107118000 94000 2280
load_X5 1791342794.017875434 107156000 91000 2300
load_X5 1791342794.470272039 107156000 91000 2300
load_X5 1791342794.723753563 107156000 91000 2300
load_X5 1791342794.977066179 107156000 91000 2300
load_X5 1791342795.230365480 107376000 92000 2239
load_X5 1791342795.683428592 107376000 92000 2239
load_X5 1791342795.936717864 107376000 92000 2239
load_X5 1791342796.190287906 107376000 92000 2239
load_X5 1791342796.443650176 107139000 88000 2300
load_X5 1791342796.894478938 107139000 88000 2300
load_X5 1791342797.147856387 107139000 88000 2300
load_X5 1791342797.401031244 107139000 88000 2300
load_X5 1791342797.654544920 104479000 90000 2300
load_X5 1791342798.106298626 104479000 90000 2300
load_X5 1791342798.359503330 104479000 90000 2300
load_X5 1791342798.612661226 104479000 90000 2300
load_X5 1791342798.866193968 107629000 89000 2300
load_X5 1791342799.319853326 107629000 89000 2300
load_X5 1791342799.573234342 107629000 89000 2300
load_X5 1791342799.826704968 107629000 89000 2300
load_X5 1791342800.079927476 107599000 94000 2300
load_X5 1791342800.531564293 107599000 94000 2300
load_X5 1791342800.784911406 107599000 94000 2300
load_X5 1791342801.038242740 107599000 94000 2300
load_X5 1791342801.291451423 107869000 92000 2300
load_X5 1791342801.743788700 107869000 92000 2300
load_X5 1791342801.997012752 107869000 92000 2300
load_X5 1791342802.250416523 107869000 92000 2300
load_X5 1791342802.503785598 107890000 88000 2280
load_X5 1791342802.953937779 107890000 88000 2280
load_X5 1791342803.207236713 107890000 88000 2280
load_X5 1791342803.460587163 107890000 88000 2280
load_X5 1791342803.713932524 107869000 93000 2300
load_X5 1791342804.166359693 107869000 93000 2300
load_X5 1791342804.419675068 107869000 93000 2300
load_X5 1791342804.673018195 107869000 93000 2300
load_X5 1791342804.926428038 107647000 95000 2320
load_X5 1791342805.379366503 107647000 95000 2320
load_X5 1791342805.632637034 107647000 95000 2320
load_X5 1791342805.886099647 107647000 95000 2320
load_X5 1791342806.139680082 108078000 91000 2320
load_X5 1791342806.590293635 108078000 91000 2320
load_X5 1791342806.843406879 108078000 91000 2320
load_X5 1791342807.096368358 108078000 91000 2320
load_X5 1791342807.349621076 108318000 91000 2320
load_X5 1791342807.803173107 108318000 91000 2320
load_X5 1791342808.056490006 108318000 91000 2320
load_X5 1791342808.309763614 108318000 91000 2320
load_X5 1791342808.562836223 108100000 94000 2300
load_X5 1791342809.015219181 108100000 94000 2300
load_X5 1791342809.268650256 108100000 94000 2300
load_X5 1791342809.521913956 108100000 94000 2300
load_X5 1791342809.775168678 107839000 88000 2320
load_X5 1791342810.226587902 107839000 88000 2320
load_X5 1791342810.479875917 107839000 88000 2320
load_X5 1791342810.732613806 107839000 88000 2320
load_X5 1791342810.986255068 108078000 93000 2300
load_X5 1791342811.439838159 108078000 93000 2300
load_X5 1791342811.693183113 108078000 93000 2300
load_X5 1791342811.946448286 108078000 93000 2300
load_X5 1791342812.199661471 108579000 93000 2320
load_X5 1791342812.651094913 108579000 93000 2320
load_X5 1791342812.904248736 108579000 93000 2320
load_X5 1791342813.157574724 108579000 93000 2320
load_X5 1791342813.410922193 108558000 95000 2320
load_X5 1791342813.864017557 108558000 95000 2320
load_X5 1791342814.117495953 108558000 95000 2320
load_X5 1791342814.370117094 108558000 95000 2320
load_X5 1791342814.623478489 108319000 93000 2320
load_X5 1791342815.074061550 108319000 93000 2320
load_X5 1791342815.327530017 108319000 93000 2320
load_X5 1791342815.580515254 108319000 93000 2320
load_X5 1791342815.833632580 108348000 94000 2320
load_X5 1791342816.287410132 108348000 94000 2320
load_X5 1791342816.540848483 108348000 94000 2320
load_X5 1791342816.794094572 108348000 94000 2320
load_X5 1791342817.047491986 106876000 94000 2260
load_X5 1791342817.499761075 106876000 94000 2260
load_X5 1791342817.753370800 106876000 94000 2260
load_X5 1791342818.006101378 106876000 94000 2260
load_X5 1791342818.259457575 108588000 92000 2320
load_X5 1791342818.711155389 108588000 92000 2320
load_X5 1791342818.964445341 108588000 92000 2320
load_X5 1791342819.217481225 108588000 92000 2320
load_X5 1791342819.470480600 108319000 92000 2320
load_X5 1791342819.924341741 108319000 92000 2320
load_X5 1791342820.177900040 108319000 92000 2320
load_X5 1791342820.431412832 108319000 92000 2320
load_X5 1791342820.684738052 108829000 94000 2320
load_X5 1791342821.136090066 108829000 94000 2320
load_X5 1791342821.389358609 108829000 94000 2320
load_X5 1791342821.641973931 108829000 94000 2320
load_X5 1791342821.895208440 108597000 95000 2320
load_X5 1791342822.346249869 108597000 95000 2320
load_X5 1791342822.599535004 108597000 95000 2320
load_X5 1791342822.852939203 108597000 95000 2320
load_X5 1791342823.106076429 108559000 95000 2320
load_X5 1791342823.559298158 108559000 95000 2320
load_X5 1791342823.812724258 108559000 95000 2320
load_X5 1791342824.066140931 108559000 95000 2320
load_X5 1791342824.319542125 108645000 94000 2320
load_X5 1791342824.771674692 108645000 94000 2320
load_X5 1791342825.024558762 108645000 94000 2320
load_X5 1791342825.277608734 108645000 94000 2320
load_X5 1791342825.530804562 109103000 91000 2320
load_X5 1791342825.982082319 109103000 91000 2320
load_X5 1791342826.235059084 109103000 91000 2320
load_X5 1791342826.488373836 109103000 91000 2320
load_X5 1791342826.741677657 109103000 90000 2320
load_X5 1791342827.195976949 109103000 90000 2320
load_X5 1791342827.449229564 109103000 90000 2320
load_X5 1791342827.702356412 109103000 90000 2320
load_X5 1791342827.955842727 106247000 95000 2320
load_X5 1791342828.407068168 106247000 95000 2320
load_X5 1791342828.660211758 106247000 95000 2320
load_X5 1791342828.913115305 106247000 95000 2320
load_X5 1791342829.166248907 109103000 93000 2340
load_X5 1791342829.620361719 109103000 93000 2340
load_X5 1791342829.873776380 109103000 93000 2340
load_X5 1791342830.127183698 109103000 93000 2340
load_X5 1791342830.380503661 109135000 96000 2320
load_X5 1791342830.831236755 109135000 96000 2320
load_X5 1791342831.084313239 109135000 96000 2320
load_X5 1791342831.337597355 109135000 96000 2320
load_X5 1791342831.590886640 109374000 91000 2340
load_X5 1791342832.042945564 109374000 91000 2340
load_X5 1791342832.296032638 109374000 91000 2340
load_X5 1791342832.549104214 109374000 91000 2340
load_X5 1791342832.802325933 109355000 94000 2340
load_X5 1791342833.255570691 109355000 94000 2340
load_X5 1791342833.508897478 109355000 94000 2340
load_X5 1791342833.762301571 109355000 94000 2340
load_X5 1791342834.015808427 109343000 95000 2340
load_X5 1791342834.468042382 109343000 95000 2340
load_X5 1791342834.721221110 109343000 95000 2340
load_X5 1791342834.974710755 109343000 95000 2340
load_X5 1791342835.228261615 109368000 95000 2340
load_X5 1791342835.780203854 109368000 95000 2340
load_X5 1791342836.033431585 109368000 95000 2340
load_X5 1791342836.286638397 109368000 95000 2340
load_X5 1791342836.540052209 109364000 94000 2320
load_X5 1791342837.092413859 109364000 94000 2320
load_X5 1791342837.345243901 109364000 94000 2320
load_X5 1791342837.598701757 109364000 94000 2320
load_X5 1791342837.851854728 109582000 91000 2340
load_X5 1791342838.305896552 109582000 91000 2340
load_X5 1791342838.559289194 109582000 91000 2340
load_X5 1791342838.812671117 109582000 91000 2340
load_X5 1791342839.066093907 109582000 95000 2340
load_X5 1791342839.517255103 109582000 95000 2340
load_X5 1791342839.770546385 109582000 95000 2340
load_X5 1791342840.024194861 109582000 95000 2340
load_X5 1791342840.277461827 109838000 92000 2340
load_X5 1791342840.730080220 109838000 92000 2340
load_X5 1791342840.983162239 109838000 92000 2340
load_X5 1791342841.236404068 109838000 92000 2340
load_X5 1791342841.489564365 109604000 94000 2340
load_X5 1791342841.940578064 109604000 94000 2340
load_X5 1791342842.193948186 109604000 94000 2340
load_X5 1791342842.447108172 109604000 94000 2340
load_X5 1791342842.700310898 109614000 92000 2340
load_X5 1791342843.152231548 109614000 92000 2340
load_X5 1791342843.405554160 109614000 92000 2340
load_X5 1791342843.658747309 109614000 92000 2340
load_X5 1791342843.911976456 109605000 91000 2360
load_X5 1791342844.364650265 109605000 91000 2360
load_X5 1791342844.618012293 109605000 91000 2360
load_X5 1791342844.871376765 109605000 91000 2360
load_X5 1791342845.124667668 110064000 90000 2340
load_X5 1791342845.577190584 110064000 90000 2340
load_X5 1791342845.830708345 110064000 90000 2340
load_X5 1791342846.084151997 110064000 90000 2340
load_X5 1791342846.337240790 110064000 94000 2340
load_X5 1791342846.789238276 110064000 94000 2340
load_X5 1791342847.042451113 110064000 94000 2340
load_X5 1791342847.295478050 110064000 94000 2340
load_X5 1791342847.548715844 108860000 96000 2340
load_X5 1791342848.102826960 108860000 96000 2340
load_X5 1791342848.356051159 108860000 96000 2340
load_X5 1791342848.609314161 108860000 96000 2340
load_X5 1791342848.862501130 110062000 95000 2340
load_X5 1791342849.313772199 110062000 95000 2340
load_X5 1791342849.567359673 110062000 95000 2340
load_X5 1791342849.820860433 110062000 95000 2340
load_X5 1791342850.073854860 110064000 90000 2360
load_X5 1791342850.526177712 110064000 90000 2360
load_X5 1791342850.779775165 110064000 90000 2360
load_X5 1791342851.033079185 110064000 90000 2360
load_X5 1791342851.286373017 110063000 96000 2340
load_X5 1791342851.737962477 110063000 96000 2340
load_X5 1791342851.991385943 110063000 96000 2340
load_X5 1791342852.244384017 110063000 96000 2340
load_X5 1791342852.497568302 110085000 97000 2340
load_X5 1791342852.950353036 110085000 97000 2340
load_X5 1791342853.203719945 110085000 97000 2340
load_X5 1791342853.456873924 110085000 97000 2340
load_X5 1791342853.710381739 110089000 95000 2340
load_X5 1791342854.162840760 110089000 95000 2340
load_X5 1791342854.416187121 110089000 95000 2340
load_X5 1791342854.669767954 110089000 95000 2340
load_X5 1791342854.923105228 109367000 91000 2360
load_X5 1791342855.374776896 109367000 91000 2360
load_X5 1791342855.628098481 109367000 91000 2360
load_X5 1791342855.881646132 109367000 91000 2360
load_X5 1791342856.134705433 107474000 93000 2360
load_X5 1791342856.585276327 107474000 93000 2360
load_X5 1791342856.838709262 107474000 93000 2360
load_X5 1791342857.092187012 107474000 93000 2360
load_X5 1791342857.345659712 110317000 92000 2360
load_X5 1791342857.799221353 110317000 92000 2360
load_X5 1791342858.052665760 110317000 92000 2360
load_X5 1791342858.306001463 110317000 92000 2360
load_X5 1791342858.559008856 110542000 93000 2360
load_X5 1791342859.010527057 110542000 93000 2360
load_X5 1791342859.263561081 110542000 93000 2360
load_X5 1791342859.516859324 110542000 93000 2360
load_X5 1791342859.770232146 110563000 93000 2360
load_X5 1791342860.221292044 110563000 93000 2360
load_X5 1791342860.474654358 110563000 93000 2360
load_X5 1791342860.727899851 110563000 93000 2360
load_X5 1791342860.981359538 108380000 92000 2360
load_X5 1791342861.434478767 108380000 92000 2360
load_X5 1791342861.687889051 108380000 92000 2360
load_X5 1791342861.941356443 108380000 92000 2360
load_X5 1791342862.194805380 110804000 93000 2360
load_X5 1791342862.645964456 110804000 93000 2360
load_X5 1791342862.899368008 110804000 93000 2360
load_X5 1791342863.152702460 110804000 93000 2360
load_X5 1791342863.405919611 109638000 95000 2340
load_X5 1791342863.859033181 109638000 95000 2340
load_X5 1791342864.112402258 109638000 95000 2340
load_X5 1791342864.366020204 109638000 95000 2340
load_X5 1791342864.619417876 110804000 93000 2360
load_X5 1791342865.070646074 110804000 93000 2360
load_X5 1791342865.323691011 110804000 93000 2360
load_X5 1791342865.577211554 110804000 93000 2360
load_X5 1791342865.830744901 110814000 93000 2360
load_X5 1791342866.282417387 110814000 93000 2360
load_X5 1791342866.535520203 110814000 93000 2360
load_X5 1791342866.788595688 110814000 93000 2360
load_X5 1791342867.041776241 110798000 95000 2360
load_X5 1791342867.494260698 110798000 95000 2360
load_X5 1791342867.747294825 110798000 95000 2360
load_X5 1791342868.000192766 110798000 95000 2360
load_X5 1791342868.253880315 110776000 91000 2360
load_X5 1791342868.706418103 110776000 91000 2360
load_X5 1791342868.959840582 110776000 91000 2360
load_X5 1791342869.212892373 110776000 91000 2360
load_X5 1791342869.466350089 107925000 95000 2360
load_X5 1791342869.919519909 107925000 95000 2360
load_X5 1791342870.172541143 107925000 95000 2360
load_X5 1791342870.425860619 107925000 95000 2360
load_X5 1791342870.679073424 111022000 96000 2280
load_X5 1791342871.129666959 111022000 96000 2280
load_X5 1791342871.383161265 111022000 96000 2280
load_X5 1791342871.636456265 111022000 96000 2280
load_X5 1791342871.889748680 110783000 93000 2360
load_X5 1791342872.342239632 110783000 93000 2360
load_X5 1791342872.595599555 110783000 93000 2360
load_X5 1791342872.848662238 110783000 93000 2360
load_X5 1791342873.101984730 111255000 95000 2360
load_X5 1791342873.555548595 111255000 95000 2360
load_X5 1791342873.808592442 111255000 95000 2360
load_X5 1791342874.062100104 111255000 95000 2360
load_X5 1791342874.314923647 111256000 96000 2360
load_X5 1791342874.766362658 111256000 96000 2360
load_X5 1791342875.019723363 111256000 96000 2360
load_X5 1791342875.273071615 111256000 96000 2360
load_X5 1791342875.526465663 111278000 91000 2360
load_X5 1791342875.977776573 111278000 91000 2360
load_X5 1791342876.231183365 111278000 91000 2360
load_X5 1791342876.484666251 111278000 91000 2360
load_X5 1791342876.738058236 110814000 93000 2379
load_X5 1791342877.189506305 110814000 93000 2379
load_X5 1791342877.442590360 110814000 93000 2379
load_X5 1791342877.695836119 110814000 93000 2379
load_X5 1791342877.949122314 111261000 95000 2360
load_X5 1791342878.401503533 111261000 95000 2360
load_X5 1791342878.655068996 111261000 95000 2360
load_X5 1791342878.908377513 111261000 95000 2360
load_X5 1791342879.161530088 111255000 95000 2360
load_X5 1791342879.615261692 111255000 95000 2360
load_X5 1791342879.868729250 111255000 95000 2360
load_X5 1791342880.122347702 111255000 95000 2360
load_X5 1791342880.375687189 111283000 98000 2360
load_X5 1791342880.826155733 111283000 98000 2360
load_X5 1791342881.079452940 111283000 98000 2360
load_X5 1791342881.333108033 111283000 98000 2360
load_X5 1791342881.586540335 111495000 96000 2379
load_X5 1791342882.037702037 111495000 96000 2379
load_X5 1791342882.291155469 111495000 96000 2379
load_X5 1791342882.544329996 111495000 96000 2379
load_X5 1791342882.797409544 111503000 92000 2379
load_X5 1791342883.251411940 111503000 92000 2379
load_X5 1791342883.504515844 111503000 92000 2379
load_X5 1791342883.757736318 111503000 92000 2379
load_X5 1791342884.011072089 111287000 98000 2360
load_X5 1791342884.463002071 111287000 98000 2360
load_X5 1791342884.716450725 111287000 98000 2360
load_X5 1791342884.970144080 111287000 98000 2360
load_X5 1791342885.223410330 110539000 94000 2360
load_X5 1791342885.673642353 110539000 94000 2360
load_X5 1791342885.926823824 110539000 94000 2360
load_X5 1791342886.180030021 110539000 94000 2360
load_X5 1791342886.433194000 111764000 93000 2379
load_X5 1791342886.886438560 111764000 93000 2379
load_X5 1791342887.140092652 111764000 93000 2379
load_X5 1791342887.393364894 111764000 93000 2379
load_X5 1791342887.646277539 111501000 92000 2379
load_X5 1791342888.098436585 111501000 92000 2379
load_X5 1791342888.351831308 111501000 92000 2379
load_X5 1791342888.605460323 111501000 92000 2379
load_X5 1791342888.858968541 111736000 97000 2360
load_X5 1791342889.310169191 111736000 97000 2360
load_X5 1791342889.563460801 111736000 97000 2360
load_X5 1791342889.816852709 111736000 97000 2360
idle1 1791342890.340061450 111742000 98000 2379
idle1 1791342890.727349457 111742000 98000 2379
idle1 1791342890.981844375 111742000 98000 2379
idle1 1791342891.236973347 111742000 98000 2379
idle1 1791342891.491703889 73689000 56000 1839
idle1 1791342891.937737332 73689000 56000 1839
idle1 1791342892.192635690 73689000 56000 1839
idle1 1791342892.447897072 73689000 56000 1839
idle1 1791342892.702338329 73207000 56000 1839
idle1 1791342893.149161652 73207000 56000 1839
idle1 1791342893.403967306 73207000 56000 1839
idle1 1791342893.658759606 73207000 56000 1839
idle1 1791342893.913677371 73193000 56000 1839
idle1 1791342894.362767047 73193000 56000 1839
idle1 1791342894.618008411 73193000 56000 1839
idle1 1791342894.872791723 73193000 56000 1839
idle1 1791342895.127978536 73194000 56000 1839
idle1 1791342895.574114996 73194000 56000 1839
idle1 1791342895.828810022 73194000 56000 1839
idle1 1791342896.083785076 73194000 56000 1839
idle1 1791342896.338661645 72954000 55000 1820
idle1 1791342896.886816641 72954000 55000 1820
idle1 1791342897.141840427 72954000 55000 1820
idle1 1791342897.397081012 72954000 55000 1820
idle1 1791342897.652341405 72954000 55000 1839
idle1 1791342898.099077577 72954000 55000 1839
idle1 1791342898.353777544 72954000 55000 1839
idle1 1791342898.608309944 72954000 55000 1839
idle1 1791342898.863102395 72954000 55000 1839
idle1 1791342899.310823383 72954000 55000 1839
idle1 1791342899.565572472 72954000 55000 1839
idle1 1791342899.820035052 72954000 55000 1839
idle1 1791342900.074534591 72488000 55000 1820
idle1 1791342900.523055758 72488000 55000 1820
idle1 1791342900.777896109 72488000 55000 1820
idle1 1791342901.031916226 72488000 55000 1820
idle1 1791342901.286261595 72488000 55000 1820
idle1 1791342901.735777607 72488000 55000 1820
idle1 1791342901.990866407 72488000 55000 1820
idle1 1791342902.246614521 72488000 55000 1820
idle1 1791342902.501065199 72488000 55000 1820
idle1 1791342902.946974375 72488000 55000 1820
idle1 1791342903.201814207 72488000 55000 1820
idle1 1791342903.455822552 72488000 55000 1820
idle1 1791342903.711133551 72474000 55000 1820
idle1 1791342904.159880766 72474000 55000 1820
idle1 1791342904.415078944 72474000 55000 1820
idle1 1791342904.669404997 72474000 55000 1820
idle1 1791342904.924243066 72474000 55000 1820
idle1 1791342905.371322258 72474000 55000 1820
idle1 1791342905.624974672 72474000 55000 1820
idle1 1791342905.880039449 72474000 55000 1820
idle1 1791342906.134777639 72248000 55000 1820
idle1 1791342906.583110965 72248000 55000 1820
idle1 1791342906.838011422 72248000 55000 1820
idle1 1791342907.092801611 72248000 55000 1820
idle1 1791342907.347506761 72234000 54000 1820
idle1 1791342907.795911292 72234000 54000 1820
idle1 1791342908.049900452 72234000 54000 1820
idle1 1791342908.303807076 72234000 54000 1820
idle1 1791342908.558831648 72248000 54000 1820
idle1 1791342909.008035896 72248000 54000 1820
idle1 1791342909.262629466 72248000 54000 1820
idle1 1791342909.516780461 72248000 54000 1820
idle1 1791342909.771517010 72008000 54000 1820
idle1 1791342910.219794463 72008000 54000 1820
idle1 1791342910.474035598 72008000 54000 1820
idle1 1791342910.728766046 72008000 54000 1820
idle1 1791342910.983867173 71994000 54000 1820
idle1 1791342911.431891810 71994000 54000 1820
idle1 1791342911.686733237 71994000 54000 1820
idle1 1791342911.940244858 71994000 54000 1820
idle1 1791342912.194164679 72234000 54000 1820
idle1 1791342912.643183330 72234000 54000 1820
idle1 1791342912.897079095 72234000 54000 1820
idle1 1791342913.151950650 72234000 54000 1820
idle1 1791342913.405801060 72248000 54000 1820
idle1 1791342913.855782376 72248000 54000 1820
idle1 1791342914.110568870 72248000 54000 1820
idle1 1791342914.365547557 72248000 54000 1820
idle1 1791342914.620153461 71526000 54000 1820
idle1 1791342915.067649835 71526000 54000 1820
idle1 1791342915.321904507 71526000 54000 1820
idle1 1791342915.575779314 71526000 54000 1820
idle1 1791342915.830444921 71767000 54000 1800
idle1 1791342916.279328730 71767000 54000 1800
idle1 1791342916.533730831 71767000 54000 1800
idle1 1791342916.788558814 71767000 54000 1800
idle1 1791342917.043263114 71767000 54000 1800
idle1 1791342917.489502090 71767000 54000 1800
idle1 1791342917.744324212 71767000 54000 1800
idle1 1791342917.999085270 71767000 54000 1800
idle1 1791342918.253875102 71459000 54000 1800
idle1 1791342918.702936747 71459000 54000 1800
idle1 1791342918.958134789 71459000 54000 1800
idle1 1791342919.212932245 71459000 54000 1800
idle1 1791342919.467946030 71513000 54000 1800
idle1 1791342919.915055867 71513000 54000 1800
idle1 1791342920.169821704 71513000 54000 1800
idle1 1791342920.424998476 71513000 54000 1800
idle1 1791342920.679293447 71459000 54000 1800
idle1 1791342921.127806790 71459000 54000 1800
idle1 1791342921.381968739 71459000 54000 1800
idle1 1791342921.636878999 71459000 54000 1800
idle1 1791342921.890896446 71285000 54000 1800
idle1 1791342922.340426287 71285000 54000 1800
idle1 1791342922.595476430 71285000 54000 1800
idle1 1791342922.850329513 71285000 54000 1800
idle1 1791342923.105189388 71206000 53000 1800
idle1 1791342923.550649639 71206000 53000 1800
idle1 1791342923.805417020 71206000 53000 1800
idle1 1791342924.060288308 71206000 53000 1800
idle1 1791342924.313969883 71219000 55000 1800
idle1 1791342924.763798136 71219000 55000 1800
idle1 1791342925.019103281 71219000 55000 1800
idle1 1791342925.273112103 71219000 55000 1800
idle1 1791342925.526934224 71219000 54000 1800
idle1 1791342925.974693018 71219000 54000 1800
idle1 1791342926.228716778 71219000 54000 1800
idle1 1791342926.483828259 71219000 54000 1800
idle1 1791342926.739176045 71219000 54000 1800
idle1 1791342927.187544398 71219000 54000 1800
idle1 1791342927.442633136 71219000 54000 1800
idle1 1791342927.697608762 71219000 54000 1800
idle1 1791342927.952542708 70726000 54000 1800
idle1 1791342928.399933840 70726000 54000 1800
idle1 1791342928.654385188 70726000 54000 1800
idle1 1791342928.909222713 70726000 54000 1800
idle1 1791342929.164473386 71219000 54000 1800
idle1 1791342929.612393286 71219000 54000 1800
idle1 1791342929.867364022 71219000 54000 1800
idle1 1791342930.122584008 71219000 54000 1800
idle1 1791342930.377531902 70965000 53000 1780
idle1 1791342930.823649255 70965000 53000 1780
idle1 1791342931.078308985 70965000 53000 1780
idle1 1791342931.333944334 70965000 53000 1780
idle1 1791342931.588856090 71219000 53000 1800
idle1 1791342932.035632125 71219000 53000 1800
idle1 1791342932.290906154 71219000 53000 1800
idle1 1791342932.546526946 71219000 53000 1800
idle1 1791342932.801520937 70726000 53000 1780
idle1 1791342933.246986553 70726000 53000 1780
idle1 1791342933.501883752 70726000 53000 1780
idle1 1791342933.757255455 70726000 53000 1780
idle1 1791342934.012368491 70967000 54000 1800
idle1 1791342934.459359212 70967000 54000 1800
idle1 1791342934.713305078 70967000 54000 1800
idle1 1791342934.967257256 70967000 54000 1800
idle1 1791342935.221484623 70965000 53000 1780
idle1 1791342935.672913589 70965000 53000 1780
idle1 1791342935.926986455 70965000 53000 1780
idle1 1791342936.182248953 70965000 53000 1780
idle1 1791342936.436055558 70498000 53000 1780
idle1 1791342936.882685650 70498000 53000 1780
idle1 1791342937.136546477 70498000 53000 1780
idle1 1791342937.390203840 70498000 53000 1780
idle1 1791342937.644487875 70486000 53000 1800
idle1 1791342938.095498534 70486000 53000 1800
idle1 1791342938.350247785 70486000 53000 1800
idle1 1791342938.605156697 70486000 53000 1800
idle1 1791342938.860115945 70499000 53000 1800
idle1 1791342939.307773024 70499000 53000 1800
idle1 1791342939.562904616 70499000 53000 1800
idle1 1791342939.818135927 70499000 53000 1800
idle1 1791342940.072927288 70486000 54000 1780
idle1 1791342940.518723591 70486000 54000 1780
idle1 1791342940.772757084 70486000 54000 1780
idle1 1791342941.027409985 70486000 54000 1780
idle1 1791342941.281293445 70486000 53000 1780
idle1 1791342941.732316358 70486000 53000 1780
idle1 1791342941.986363487 70486000 53000 1780
idle1 1791342942.241118451 70486000 53000 1780
idle1 1791342942.495400844 70486000 53000 1780
idle1 1791342942.943184152 70486000 53000 1780
idle1 1791342943.197849076 70486000 53000 1780
idle1 1791342943.451784956 70486000 53000 1780
idle1 1791342943.705981838 70493000 53000 1780
idle1 1791342944.154668140 70493000 53000 1780
idle1 1791342944.409863333 70493000 53000 1780
idle1 1791342944.664589954 70493000 53000 1780
idle1 1791342944.918856537 70486000 53000 1780
idle1 1791342945.368009097 70486000 53000 1780
idle1 1791342945.622761858 70486000 53000 1780
idle1 1791342945.878043394 70486000 53000 1780
idle1 1791342946.132717476 70486000 53000 1780
idle1 1791342946.579045013 70486000 53000 1780
idle1 1791342946.833936986 70486000 53000 1780
idle1 1791342947.088821044 70486000 53000 1780
idle1 1791342947.343852900 70486000 53000 1780
idle1 1791342947.791544198 70486000 53000 1780
idle1 1791342948.045492843 70486000 53000 1780
idle1 1791342948.299909962 70486000 53000 1780
idle1 1791342948.554896844 70252000 52000 1780
idle1 1791342949.003849219 70252000 52000 1780
idle1 1791342949.258748476 70252000 52000 1780
idle1 1791342949.513545070 70252000 52000 1780
idle1 1791342949.768276792 70018000 53000 1780
load_X4 1791342950.218457963 70018000 53000 1780
load_X4 1791342950.472933092 70018000 53000 1780
load_X4 1791342950.726983600 70018000 53000 1780
load_X4 1791342950.981139376 109109000 88000 2300
load_X4 1791342951.425193091 109109000 88000 2300
load_X4 1791342951.678453460 109109000 88000 2300
load_X4 1791342951.931856118 109109000 88000 2300
load_X4 1791342952.185277891 109271000 94000 2320
load_X4 1791342952.638423541 109271000 94000 2320
load_X4 1791342952.891638535 109271000 94000 2320
load_X4 1791342953.144697104 109271000 94000 2320
load_X4 1791342953.398264803 109037000 96000 2340
load_X4 1791342953.849520702 109037000 96000 2340
load_X4 1791342954.102853358 109037000 96000 2340
load_X4 1791342954.356151410 109037000 96000 2340
load_X4 1791342954.609473947 109277000 92000 2340
load_X4 1791342955.061027467 109277000 92000 2340
load_X4 1791342955.314410439 109277000 92000 2340
load_X4 1791342955.567748536 109277000 92000 2340
load_X4 1791342955.821230163 109790000 98000 2320
load_X4 1791342956.274215002 109790000 98000 2320
load_X4 1791342956.527597242 109790000 98000 2320
load_X4 1791342956.781014198 109790000 98000 2320
load_X4 1791342957.034435452 109298000 94000 2320
load_X4 1791342957.486272187 109298000 94000 2320
load_X4 1791342957.739671360 109298000 94000 2320
load_X4 1791342957.993052779 109298000 94000 2320
load_X4 1791342958.246305456 109037000 91000 2340
load_X4 1791342958.697685010 109037000 91000 2340
load_X4 1791342958.950925784 109037000 91000 2340
load_X4 1791342959.204471193 109037000 91000 2340
load_X4 1791342959.457878482 109343000 89000 2340
load_X4 1791342959.910091707 109343000 89000 2340
load_X4 1791342960.163466916 109343000 89000 2340
load_X4 1791342960.417038474 109343000 89000 2340
load_X4 1791342960.670518720 109277000 90000 2340
load_X4 1791342961.122788573 109277000 90000 2340
load_X4 1791342961.375978643 109277000 90000 2340
load_X4 1791342961.629375432 109277000 90000 2340
load_X4 1791342961.882854386 109757000 95000 2340
load_X4 1791342962.334878958 109757000 95000 2340
load_X4 1791342962.588332414 109757000 95000 2340
load_X4 1791342962.841917719 109757000 95000 2340
load_X4 1791342963.095237493 109518000 92000 2340
load_X4 1791342963.546400532 109518000 92000 2340
load_X4 1791342963.799673438 109518000 92000 2340
load_X4 1791342964.052935334 109518000 92000 2340
load_X4 1791342964.306289724 110064000 95000 2340
load_X4 1791342964.759071183 110064000 95000 2340
load_X4 1791342965.012375900 110064000 95000 2340
load_X4 1791342965.265679865 110064000 95000 2340
load_X4 1791342965.518921363 109604000 100000 2340
load_X4 1791342965.969315964 109604000 100000 2340
load_X4 1791342966.222725379 109604000 100000 2340
load_X4 1791342966.475696627 109604000 100000 2340
load_X4 1791342966.729198075 109582000 94000 2340
load_X4 1791342967.182538439 109582000 94000 2340
load_X4 1791342967.436006864 109582000 94000 2340
load_X4 1791342967.689546875 109582000 94000 2340
load_X4 1791342967.942591643 110815000 96000 2340
load_X4 1791342968.394443893 110815000 96000 2340
load_X4 1791342968.647868657 110815000 96000 2340
load_X4 1791342968.901128510 110815000 96000 2340
load_X4 1791342969.154205308 110064000 98000 2360
load_X4 1791342969.605921933 110064000 98000 2360
load_X4 1791342969.859452817 110064000 98000 2360
load_X4 1791342970.112925030 110064000 98000 2360
load_X4 1791342970.366489859 110574000 92000 2360
load_X4 1791342970.818999909 110574000 92000 2360
load_X4 1791342971.072100773 110574000 92000 2360
load_X4 1791342971.325416653 110574000 92000 2360
load_X4 1791342971.579060010 110304000 91000 2360
load_X4 1791342972.030743423 110304000 91000 2360
load_X4 1791342972.283919449 110304000 91000 2360
load_X4 1791342972.537269533 110304000 91000 2360
load_X4 1791342972.790373574 110303000 90000 2340
load_X4 1791342973.241857452 110303000 90000 2340
load_X4 1791342973.495254485 110303000 90000 2340
load_X4 1791342973.748287532 110303000 90000 2340
load_X4 1791342974.001751691 110799000 99000 2340
load_X4 1791342974.455234256 110799000 99000 2340
load_X4 1791342974.708647460 110799000 99000 2340
load_X4 1791342974.961866588 110799000 99000 2340
load_X4 1791342975.214902331 110798000 96000 2360
load_X4 1791342975.666731060 110798000 96000 2360
load_X4 1791342975.920010942 110798000 96000 2360
load_X4 1791342976.173446318 110798000 96000 2360
load_X4 1791342976.426879380 111067000 90000 2360
load_X4 1791342976.878887988 111067000 90000 2360
load_X4 1791342977.132144758 111067000 90000 2360
load_X4 1791342977.385148872 111067000 90000 2360
load_X4 1791342977.638245960 110782000 94000 2360
load_X4 1791342978.089926110 110782000 94000 2360
load_X4 1791342978.343312154 110782000 94000 2360
load_X4 1791342978.596460079 110782000 94000 2360
load_X4 1791342978.849746685 110804000 89000 2360
load_X4 1791342979.301385087 110804000 89000 2360
load_X4 1791342979.554871500 110804000 89000 2360
load_X4 1791342979.808116158 110804000 89000 2360
load_X4 1791342980.061548699 111022000 91000 2360
load_X4 1791342980.515294073 111022000 91000 2360
load_X4 1791342980.768516238 111022000 91000 2360
load_X4 1791342981.021828222 111022000 91000 2360
load_X4 1791342981.275231870 110782000 96000 2360
load_X4 1791342981.727033942 110782000 96000 2360
load_X4 1791342981.980345426 110782000 96000 2360
load_X4 1791342982.233392241 110782000 96000 2360
load_X4 1791342982.486703244 110782000 92000 2360
load_X4 1791342982.937326234 110782000 92000 2360
load_X4 1791342983.191041920 110782000 92000 2360
load_X4 1791342983.444236574 110782000 92000 2360
load_X4 1791342983.697688564 111523000 96000 2360
load_X4 1791342984.151397119 111523000 96000 2360
load_X4 1791342984.405150156 111523000 96000 2360
load_X4 1791342984.658465979 111523000 96000 2360
load_X4 1791342984.911897299 111263000 86000 2360
load_X4 1791342985.362656427 111263000 86000 2360
load_X4 1791342985.616192335 111263000 86000 2360
load_X4 1791342985.869568282 111263000 86000 2360
load_X4 1791342986.122696391 111284000 99000 2360
load_X4 1791342986.573574724 111284000 99000 2360
load_X4 1791342986.826994574 111284000 99000 2360
load_X4 1791342987.080401910 111284000 99000 2360
load_X4 1791342987.333625019 111262000 98000 2360
load_X4 1791342987.786290270 111262000 98000 2360
load_X4 1791342988.039776665 111262000 98000 2360
load_X4 1791342988.292865832 111262000 98000 2360
load_X4 1791342988.546338531 111262000 98000 2379
load_X4 1791342988.999179364 111262000 98000 2379
load_X4 1791342989.252558137 111262000 98000 2379
load_X4 1791342989.505869252 111262000 98000 2379
load_X4 1791342989.759763977 111528000 97000 2360
load_X4 1791342990.210581237 111528000 97000 2360
load_X4 1791342990.464262310 111528000 97000 2360
load_X4 1791342990.717569688 111528000 97000 2360
load_X4 1791342990.971162915 111764000 95000 2379
load_X4 1791342991.423015467 111764000 95000 2379
load_X4 1791342991.676174336 111764000 95000 2379
load_X4 1791342991.929728229 111764000 95000 2379
load_X4 1791342992.183259069 111517000 93000 2379
load_X4 1791342992.635042601 111517000 93000 2379
load_X4 1791342992.888475126 111517000 93000 2379
load_X4 1791342993.142059577 111517000 93000 2379
load_X4 1791342993.395486983 111742000 97000 2379
load_X4 1791342993.846514230 111742000 97000 2379
load_X4 1791342994.099983705 111742000 97000 2379
load_X4 1791342994.353426249 111742000 97000 2379
load_X4 1791342994.606752214 111502000 95000 2360
load_X4 1791342995.057844183 111502000 95000 2360
load_X4 1791342995.311272892 111502000 95000 2360
load_X4 1791342995.564752787 111502000 95000 2360
load_X4 1791342995.818193367 112005000 98000 2379
load_X4 1791342996.270484147 112005000 98000 2379
load_X4 1791342996.523790705 112005000 98000 2379
load_X4 1791342996.777046819 112005000 98000 2379
load_X4 1791342997.030251445 111519000 97000 2379
load_X4 1791342997.481613034 111519000 97000 2379
load_X4 1791342997.734445379 111519000 97000 2379
load_X4 1791342997.987687908 111519000 97000 2379
load_X4 1791342998.241121977 111525000 100000 2379
load_X4 1791342998.694112075 111525000 100000 2379
load_X4 1791342998.947340136 111525000 100000 2379
load_X4 1791342999.200838417 111525000 100000 2379
load_X4 1791342999.454194981 112005000 100000 2379
load_X4 1791342999.905410265 112005000 100000 2379
load_X4 1791343000.158707316 112005000 100000 2379
load_X4 1791343000.411893649 112005000 100000 2379
load_X4 1791343000.665265121 112203000 95000 2379
load_X4 1791343001.118811169 112203000 95000 2379
load_X4 1791343001.371985700 112203000 95000 2379
load_X4 1791343001.625357743 112203000 95000 2379
load_X4 1791343001.878570446 109581000 91000 2379
load_X4 1791343002.329826588 109581000 91000 2379
load_X4 1791343002.583137066 109581000 91000 2379
load_X4 1791343002.836470216 109581000 91000 2379
load_X4 1791343003.089926128 112936000 99000 2379
load_X4 1791343003.541654360 112936000 99000 2379
load_X4 1791343003.794879287 112936000 99000 2379
load_X4 1791343004.048215743 112936000 99000 2379
load_X4 1791343004.301422686 112511000 100000 2360
load_X4 1791343004.753523261 112511000 100000 2360
load_X4 1791343005.006571956 112511000 100000 2360
load_X4 1791343005.259849482 112511000 100000 2360
load_X4 1791343005.513604889 111983000 98000 2379
load_X4 1791343005.965959172 111983000 98000 2379
load_X4 1791343006.219468605 111983000 98000 2379
load_X4 1791343006.472625645 111983000 98000 2379
load_X4 1791343006.725828440 112222000 95000 2379
load_X4 1791343007.179189953 112222000 95000 2379
load_X4 1791343007.432712391 112222000 95000 2379
load_X4 1791343007.685814467 112222000 95000 2379
load_X4 1791343007.939476608 111288000 97000 2379
load_X4 1791343008.390899999 111288000 97000 2379
load_X4 1791343008.644393102 111288000 97000 2379
load_X4 1791343008.897426669 111288000 97000 2379
load_X4 1791343009.150662958 112997000 96000 2280
load_X4 1791343009.602461165 112997000 96000 2280
load_X4 1791343009.855711201 112997000 96000 2280
load_X4 1791343010.109332316 112997000 96000 2280
load_X4 1791343010.362590597 112463000 92000 2379
load_X4 1791343010.814142691 112463000 92000 2379
load_X4 1791343011.067536888 112463000 92000 2379
load_X4 1791343011.320981360 112463000 92000 2379
load_X4 1791343011.574142178 112703000 98000 2379
load_X4 1791343012.026986197 112703000 98000 2379
load_X4 1791343012.280544645 112703000 98000 2379
load_X4 1791343012.533866255 112703000 98000 2379
load_X4 1791343012.787052571 112761000 97000 2399
load_X4 1791343013.239091023 112761000 97000 2399
load_X4 1791343013.492312015 112761000 97000 2399
load_X4 1791343013.745535311 112761000 97000 2399
load_X4 1791343013.998905664 112452000 94000 2379
load_X4 1791343014.451369949 112452000 94000 2379
load_X4 1791343014.704704344 112452000 94000 2379
load_X4 1791343014.957793958 112452000 94000 2379
load_X4 1791343015.211374308 112724000 101000 2399
load_X4 1791343015.663815770 112724000 101000 2399
load_X4 1791343015.917358819 112724000 101000 2399
load_X4 1791343016.170616911 112724000 101000 2399
load_X4 1791343016.424008114 112530000 94000 2379
load_X4 1791343016.874056697 112530000 94000 2379
load_X4 1791343017.127766681 112530000 94000 2379
load_X4 1791343017.380988185 112530000 94000 2379
load_X4 1791343017.634262759 112702000 92000 2399
load_X4 1791343018.086144216 112702000 92000 2399
load_X4 1791343018.339538055 112702000 92000 2399
load_X4 1791343018.592902067 112702000 92000 2399
load_X4 1791343018.846324750 112801000 99000 2399
load_X4 1791343019.299141161 112801000 99000 2399
load_X4 1791343019.552573202 112801000 99000 2399
load_X4 1791343019.806107285 112801000 99000 2399
load_X4 1791343020.059565214 113416000 98000 2399
load_X4 1791343020.510350949 113416000 98000 2399
load_X4 1791343020.763650119 113416000 98000 2399
load_X4 1791343021.016915767 113416000 98000 2399
load_X4 1791343021.270428570 113439000 96000 2399
load_X4 1791343021.722641805 113439000 96000 2399
load_X4 1791343021.976218639 113439000 96000 2399
load_X4 1791343022.229688342 113439000 96000 2399
load_X4 1791343022.483212006 113438000 93000 2399
load_X4 1791343022.934852502 113438000 93000 2399
load_X4 1791343023.188308689 113438000 93000 2399
load_X4 1791343023.441755338 113438000 93000 2399
load_X4 1791343023.695092712 113176000 93000 2420
load_X4 1791343024.147082807 113176000 93000 2420
load_X4 1791343024.400349888 113176000 93000 2420
load_X4 1791343024.653672234 113176000 93000 2420
load_X4 1791343024.907156023 113754000 99000 2420
load_X4 1791343025.359339463 113754000 99000 2420
load_X4 1791343025.612647412 113754000 99000 2420
load_X4 1791343025.865955320 113754000 99000 2420
load_X4 1791343026.119284479 113272000 101000 2399
load_X4 1791343026.571406053 113272000 101000 2399
load_X4 1791343026.824862221 113272000 101000 2399
load_X4 1791343027.078280979 113272000 101000 2399
load_X4 1791343027.331614546 113514000 93000 2399
load_X4 1791343027.782434968 113514000 93000 2399
load_X4 1791343028.035953825 113514000 93000 2399
load_X4 1791343028.289344520 113514000 93000 2399
load_X4 1791343028.542494602 113761000 88000 2399
load_X4 1791343028.995757860 113761000 88000 2399
load_X4 1791343029.249432610 113761000 88000 2399
load_X4 1791343029.502669235 113761000 88000 2399
load_X4 1791343029.755948731 113454000 94000 2399
load_X4 1791343030.207506494 113454000 94000 2399
load_X4 1791343030.461306882 113454000 94000 2399
load_X4 1791343030.714749084 113454000 94000 2399
load_X4 1791343030.968025725 113512000 100000 2420
load_X4 1791343031.419332105 113512000 100000 2420
load_X4 1791343031.672413548 113512000 100000 2420
load_X4 1791343031.925663469 113512000 100000 2420
load_X4 1791343032.178973422 113009000 97000 2420
load_X4 1791343032.630254535 113009000 97000 2420
load_X4 1791343032.883575169 113009000 97000 2420
load_X4 1791343033.136514946 113009000 97000 2420
load_X4 1791343033.389692039 113962000 98000 2399
load_X4 1791343033.842124022 113962000 98000 2399
load_X4 1791343034.095558200 113962000 98000 2399
load_X4 1791343034.349025220 113962000 98000 2399
load_X4 1791343034.602493774 113729000 96000 2420
load_X4 1791343035.053775669 113729000 96000 2420
load_X4 1791343035.307074994 113729000 96000 2420
load_X4 1791343035.560404535 113729000 96000 2420
load_X4 1791343035.813621174 113489000 94000 2399
load_X4 1791343036.266412655 113489000 94000 2399
load_X4 1791343036.520024499 113489000 94000 2399
load_X4 1791343036.772800768 113489000 94000 2399
load_X4 1791343037.026188088 113489000 102000 2399
load_X4 1791343037.479170410 113489000 102000 2399
load_X4 1791343037.732649063 113489000 102000 2399
load_X4 1791343037.986415849 113489000 102000 2399
load_X4 1791343038.239562366 113722000 91000 2420
load_X4 1791343038.690434561 113722000 91000 2420
load_X4 1791343038.943589815 113722000 91000 2420
load_X4 1791343039.197042449 113722000 91000 2420
load_X4 1791343039.450309013 113722000 95000 2420
load_X4 1791343039.902581467 113722000 95000 2420
load_X4 1791343040.156033410 113722000 95000 2420
load_X4 1791343040.409280768 113722000 95000 2420
load_X4 1791343040.662721971 113722000 90000 2420
load_X4 1791343041.115453121 113722000 90000 2420
load_X4 1791343041.368989393 113722000 90000 2420
load_X4 1791343041.622103801 113722000 90000 2420
load_X4 1791343041.875587224 114203000 94000 2420
load_X4 1791343042.326770516 114203000 94000 2420
load_X4 1791343042.579830301 114203000 94000 2420
load_X4 1791343042.833387133 114203000 94000 2420
load_X4 1791343043.087147778 114203000 92000 2420
load_X4 1791343043.538682734 114203000 92000 2420
load_X4 1791343043.791736358 114203000 92000 2420
load_X4 1791343044.044429943 114203000 92000 2420
load_X4 1791343044.297944004 110391000 102000 2420
load_X4 1791343044.751531429 110391000 102000 2420
load_X4 1791343045.004859380 110391000 102000 2420
load_X4 1791343045.257921500 110391000 102000 2420
load_X4 1791343045.511496045 113722000 100000 2399
load_X4 1791343045.963305820 113722000 100000 2399
load_X4 1791343046.216722839 113722000 100000 2399
load_X4 1791343046.470501259 113722000 100000 2399
load_X4 1791343046.723806798 113969000 100000 2399
load_X4 1791343047.174508104 113969000 100000 2399
load_X4 1791343047.427546500 113969000 100000 2399
load_X4 1791343047.680219858 113969000 100000 2399
load_X4 1791343047.933612271 113962000 96000 2399
load_X4 1791343048.385937658 113962000 96000 2399
load_X4 1791343048.639363524 113962000 96000 2399
load_X4 1791343048.892767108 113962000 96000 2399
load_X4 1791343049.146355681 114443000 92000 2420
load_X4 1791343049.599721040 114443000 92000 2420
load_X4 1791343049.853122891 114443000 92000 2420
load_X4 1791343050.106522828 114443000 92000 2420
load_X4 1791343050.360025560 114210000 97000 2440
load_X4 1791343050.810114323 114210000 97000 2440
load_X4 1791343051.063758341 114210000 97000 2440
load_X4 1791343051.317100009 114210000 97000 2440
load_X4 1791343051.570235699 114212000 99000 2420
load_X4 1791343052.022291069 114212000 99000 2420
load_X4 1791343052.275709042 114212000 99000 2420
load_X4 1791343052.528877073 114212000 99000 2420
load_X4 1791343052.782264387 114232000 102000 2440
load_X4 1791343053.234826182 114232000 102000 2440
load_X4 1791343053.488353621 114232000 102000 2440
load_X4 1791343053.741493008 114232000 102000 2440
load_X4 1791343053.994841720 114235000 102000 2420
load_X4 1791343054.447397164 114235000 102000 2420
load_X4 1791343054.701012459 114235000 102000 2420
load_X4 1791343054.953754868 114235000 102000 2420
load_X4 1791343055.207193550 114474000 99000 2420
load_X4 1791343055.658020186 114474000 99000 2420
load_X4 1791343055.911561562 114474000 99000 2420
load_X4 1791343056.164900395 114474000 99000 2420
load_X4 1791343056.420629454 114257000 103000 2420
load_X4 1791343056.870169075 114257000 103000 2420
load_X4 1791343057.123578592 114257000 103000 2420
load_X4 1791343057.376833008 114257000 103000 2420
load_X4 1791343057.630213901 114681000 102000 2440
load_X4 1791343058.083090201 114681000 102000 2440
load_X4 1791343058.336571203 114681000 102000 2440
load_X4 1791343058.589680515 114681000 102000 2440
load_X4 1791343058.842746004 114682000 101000 2420
load_X4 1791343059.294022179 114682000 101000 2420
load_X4 1791343059.547432839 114682000 101000 2420
load_X4 1791343059.800926886 114682000 101000 2420
load_X4 1791343060.054447013 114450000 100000 2420
load_X4 1791343060.506891861 114450000 100000 2420
load_X4 1791343060.760287743 114450000 100000 2420
load_X4 1791343061.013637058 114450000 100000 2420
load_X4 1791343061.266948411 114443000 100000 2420
load_X4 1791343061.718895782 114443000 100000 2420
load_X4 1791343061.972023118 114443000 100000 2420
load_X4 1791343062.224516690 114443000 100000 2420
load_X4 1791343062.477585016 114443000 96000 2420
load_X4 1791343062.931779873 114443000 96000 2420
load_X4 1791343063.185073744 114443000 96000 2420
load_X4 1791343063.438501236 114443000 96000 2420
load_X4 1791343063.691618474 114683000 99000 2440
load_X4 1791343064.142319647 114683000 99000 2440
load_X4 1791343064.395950964 114683000 99000 2440
load_X4 1791343064.649302303 114683000 99000 2440
load_X4 1791343064.902683980 115162000 100000 2420
load_X4 1791343065.355120584 115162000 100000 2420
load_X4 1791343065.608514214 115162000 100000 2420
load_X4 1791343065.861473074 115162000 100000 2420
load_X4 1791343066.114736037 114442000 97000 2440
load_X4 1791343066.567202458 114442000 97000 2440
load_X4 1791343066.820436126 114442000 97000 2440
load_X4 1791343067.074022559 114442000 97000 2440
load_X4 1791343067.327545412 114448000 104000 2420
load_X4 1791343067.777800165 114448000 104000 2420
load_X4 1791343068.031022542 114448000 104000 2420
load_X4 1791343068.284489039 114448000 104000 2420
load_X4 1791343068.537588776 115163000 95000 2399
load_X4 1791343068.990448999 115163000 95000 2399
load_X4 1791343069.244086770 115163000 95000 2399
load_X4 1791343069.496766755 115163000 95000 2399
load_X4 1791343069.750403634 114443000 91000 2440
load_X4 1791343070.203486588 114443000 91000 2440
load_X4 1791343070.456878946 114443000 91000 2440
load_X4 1791343070.710305569 114443000 91000 2440
load_X4 1791343070.963677258 115409000 100000 2420
load_X4 1791343071.414641860 115409000 100000 2420
load_X4 1791343071.668025692 115409000 100000 2420
load_X4 1791343071.921518119 115409000 100000 2420
load_X4 1791343072.174788337 114923000 94000 2440
load_X4 1791343072.627219905 114923000 94000 2440
load_X4 1791343072.880532143 114923000 94000 2440
load_X4 1791343073.133437123 114923000 94000 2440
load_X4 1791343073.386685961 115149000 100000 2440
load_X4 1791343073.839445166 115149000 100000 2440
load_X4 1791343074.093024507 115149000 100000 2440
load_X4 1791343074.346039635 115149000 100000 2440
load_X4 1791343074.599384465 115184000 103000 2440
load_X4 1791343075.049783743 115184000 103000 2440
load_X4 1791343075.303112402 115184000 103000 2440
load_X4 1791343075.556426293 115184000 103000 2440
load_X4 1791343075.809689399 114688000 101000 2440
load_X4 1791343076.264068899 114688000 101000 2440
load_X4 1791343076.517567910 114688000 101000 2440
load_X4 1791343076.770174518 114688000 101000 2440
load_X4 1791343077.023686914 115425000 95000 2420
load_X4 1791343077.474617955 115425000 95000 2420
load_X4 1791343077.727969819 115425000 95000 2420
load_X4 1791343077.981286866 115425000 95000 2420
load_X4 1791343078.234703161 115162000 98000 2440
load_X4 1791343078.686175864 115162000 98000 2440
load_X4 1791343078.939598892 115162000 98000 2440
load_X4 1791343079.192920558 115162000 98000 2440
load_X4 1791343079.446191289 114890000 101000 2440
load_X4 1791343079.899772887 114890000 101000 2440
load_X4 1791343080.153019292 114890000 101000 2440
load_X4 1791343080.405985048 114890000 101000 2440
load_X4 1791343080.659079127 114682000 100000 2459
load_X4 1791343081.111585478 114682000 100000 2459
load_X4 1791343081.364678755 114682000 100000 2459
load_X4 1791343081.618107073 114682000 100000 2459
load_X4 1791343081.871535041 115649000 99000 2440
load_X4 1791343082.322385002 115649000 99000 2440
load_X4 1791343082.575866691 115649000 99000 2440
load_X4 1791343082.829351936 115649000 99000 2440
load_X4 1791343083.082791937 114922000 95000 2440
load_X4 1791343083.535780098 114922000 95000 2440
load_X4 1791343083.788915875 114922000 95000 2440
load_X4 1791343084.041876583 114922000 95000 2440
load_X4 1791343084.295192510 115402000 100000 2459
load_X4 1791343084.747441688 115402000 100000 2459
load_X4 1791343085.001056489 115402000 100000 2459
load_X4 1791343085.254310860 115402000 100000 2459
load_X4 1791343085.507782300 115185000 97000 2440
load_X4 1791343085.959092079 115185000 97000 2440
load_X4 1791343086.212270607 115185000 97000 2440
load_X4 1791343086.465385306 115185000 97000 2440
load_X4 1791343086.718592358 115882000 100000 2440
load_X4 1791343087.170464827 115882000 100000 2440
load_X4 1791343087.423837672 115882000 100000 2440
load_X4 1791343087.677102805 115882000 100000 2440
load_X4 1791343087.930721653 114944000 99000 2440
load_X4 1791343088.483363615 114944000 99000 2440
load_X4 1791343088.736398353 114944000 99000 2440
load_X4 1791343088.989662683 114944000 99000 2440
load_X4 1791343089.242615617 115914000 98000 2459
load_X4 1791343089.797131832 115914000 98000 2459
load_X4 1791343090.050336821 115914000 98000 2459
load_X4 1791343090.303643222 115914000 98000 2459
load_X4 1791343090.556988906 115402000 100000 2440
load_X4 1791343091.009504169 115402000 100000 2440
load_X4 1791343091.262919725 115402000 100000 2440
load_X4 1791343091.516247306 115402000 100000 2440
load_X4 1791343091.769600645 115402000 102000 2459
load_X4 1791343092.220397118 115402000 102000 2459
load_X4 1791343092.473755657 115402000 102000 2459
load_X4 1791343092.726981597 115402000 102000 2459
load_X4 1791343092.980219388 115434000 89000 2440
load_X4 1791343093.432825453 115434000 89000 2440
load_X4 1791343093.686278640 115434000 89000 2440
load_X4 1791343093.939969216 115434000 89000 2440
load_X4 1791343094.193327555 115649000 103000 2440
load_X4 1791343094.645377201 115649000 103000 2440
load_X4 1791343094.899039864 115649000 103000 2440
load_X4 1791343095.152701004 115649000 103000 2440
load_X4 1791343095.405753266 115881000 100000 2440
load_X4 1791343095.858184312 115881000 100000 2440
load_X4 1791343096.111724895 115881000 100000 2440
load_X4 1791343096.364972446 115881000 100000 2440
load_X4 1791343096.618388895 115425000 103000 2440
load_X4 1791343097.068582283 115425000 103000 2440
load_X4 1791343097.321724676 115425000 103000 2440
load_X4 1791343097.575014727 115425000 103000 2440
load_X4 1791343097.828315168 113961000 102000 2440
load_X4 1791343098.382708976 113961000 102000 2440
load_X4 1791343098.636206328 113961000 102000 2440
load_X4 1791343098.889676449 113961000 102000 2440
load_X4 1791343099.143111463 115904000 89000 2440
load_X4 1791343099.593956902 115904000 89000 2440
load_X4 1791343099.847159279 115904000 89000 2440
idle2 1791343100.404246794 116361000 103000 2440
idle2 1791343100.806246342 116361000 103000 2440
idle2 1791343101.060853066 116361000 103000 2440
idle2 1791343101.316361308 116361000 103000 2440
idle2 1791343101.571643695 76157000 58000 1899
idle2 1791343102.020831900 76157000 58000 1899
idle2 1791343102.276308293 76157000 58000 1899
idle2 1791343102.531237164 76157000 58000 1899
idle2 1791343102.785013872 75903000 59000 1899
idle2 1791343103.231102316 75903000 59000 1899
idle2 1791343103.486520078 75903000 59000 1899
idle2 1791343103.741548817 75903000 59000 1899
idle2 1791343103.996506623 75676000 58000 1880
idle2 1791343104.443815127 75676000 58000 1880
idle2 1791343104.698818540 75676000 58000 1880
idle2 1791343104.952814202 75676000 58000 1880
idle2 1791343105.207845116 75422000 58000 1880
idle2 1791343105.653860945 75422000 58000 1880
idle2 1791343105.909166276 75422000 58000 1880
idle2 1791343106.164127890 75422000 58000 1880
idle2 1791343106.419140509 75422000 57000 1880
idle2 1791343106.867456513 75422000 57000 1880
idle2 1791343107.121955194 75422000 57000 1880
idle2 1791343107.376863397 75422000 57000 1880
idle2 1791343107.631079856 75430000 58000 1860
idle2 1791343108.079540564 75430000 58000 1860
idle2 1791343108.334253009 75430000 58000 1860
idle2 1791343108.588340525 75430000 58000 1860
idle2 1791343108.842679786 75190000 57000 1880
idle2 1791343109.292426918 75190000 57000 1880
idle2 1791343109.547301117 75190000 57000 1880
idle2 1791343109.802473149 75190000 57000 1880
idle2 1791343110.056244410 75195000 57000 1860
idle2 1791343110.504118152 75195000 57000 1860
idle2 1791343110.758257907 75195000 57000 1860
idle2 1791343111.013105156 75195000 57000 1860
idle2 1791343111.268160988 74716000 57000 1860
idle2 1791343111.715493792 74716000 57000 1860
idle2 1791343111.969966094 74716000 57000 1860
idle2 1791343112.225144998 74716000 57000 1860
idle2 1791343112.480100070 74955000 57000 1860
idle2 1791343112.927808992 74955000 57000 1860
idle2 1791343113.181510252 74955000 57000 1860
idle2 1791343113.435665306 74955000 57000 1860
idle2 1791343113.689273640 74942000 57000 1880
idle2 1791343114.140742098 74942000 57000 1880
idle2 1791343114.395410751 74942000 57000 1880
idle2 1791343114.650605505 74942000 57000 1880
idle2 1791343114.905383594 74716000 57000 1860
idle2 1791343115.351507189 74716000 57000 1860
idle2 1791343115.606267665 74716000 57000 1860
idle2 1791343115.860143915 74716000 57000 1860
idle2 1791343116.113886582 74716000 57000 1860
idle2 1791343116.563529621 74716000 57000 1860
idle2 1791343116.818416606 74716000 57000 1860
idle2 1791343117.073442724 74716000 57000 1860
idle2 1791343117.329112054 74476000 57000 1860
idle2 1791343117.775438632 74476000 57000 1860
idle2 1791343118.030730600 74476000 57000 1860
idle2 1791343118.285590173 74476000 57000 1860
idle2 1791343118.539564819 74476000 57000 1860
idle2 1791343118.988495717 74476000 57000 1860
idle2 1791343119.243449027 74476000 57000 1860
idle2 1791343119.498279045 74476000 57000 1860
idle2 1791343119.753185336 74169000 56000 1860
idle2 1791343120.198860277 74169000 56000 1860
idle2 1791343120.452563131 74169000 56000 1860
idle2 1791343120.707329409 74169000 56000 1860
idle2 1791343120.962315552 74222000 57000 1860
idle2 1791343121.412168758 74222000 57000 1860
idle2 1791343121.666265825 74222000 57000 1860
idle2 1791343121.921040429 74222000 57000 1860
idle2 1791343122.176036300 73915000 56000 1860
idle2 1791343122.625057860 73915000 56000 1860
idle2 1791343122.879053987 73915000 56000 1860
idle2 1791343123.133519830 73915000 56000 1860
idle2 1791343123.387957890 74169000 56000 1860
idle2 1791343123.835696893 74169000 56000 1860
idle2 1791343124.091113026 74169000 56000 1860
idle2 1791343124.346289649 74169000 56000 1860
idle2 1791343124.601178519 73689000 56000 1839
idle2 1791343125.047478580 73689000 56000 1839
idle2 1791343125.302666234 73689000 56000 1839
idle2 1791343125.557517493 73689000 56000 1839
idle2 1791343125.812678126 73675000 56000 1860
idle2 1791343126.260539410 73675000 56000 1860
idle2 1791343126.515698640 73675000 56000 1860
idle2 1791343126.770272146 73675000 56000 1860
idle2 1791343127.025181735 73689000 57000 1839
idle2 1791343127.472484998 73689000 57000 1839
idle2 1791343127.727544790 73689000 57000 1839
idle2 1791343127.982309056 73689000 57000 1839
idle2 1791343128.237401491 73689000 55000 1839
idle2 1791343128.684091017 73689000 55000 1839
idle2 1791343128.938903594 73689000 55000 1839
idle2 1791343129.193852047 73689000 55000 1839
idle2 1791343129.449032117 73435000 55000 1839
idle2 1791343129.897039729 73435000 55000 1839
idle2 1791343130.152116123 73435000 55000 1839
idle2 1791343130.406881653 73435000 55000 1839
idle2 1791343130.662075058 73448000 56000 1839
idle2 1791343131.105852696 73448000 56000 1839
idle2 1791343131.360514690 73448000 56000 1839
idle2 1791343131.615346975 73448000 56000 1839
idle2 1791343131.870325345 73200000 55000 1839
idle2 1791343132.320909403 73200000 55000 1839
idle2 1791343132.575923952 73200000 55000 1839
idle2 1791343132.830766806 73200000 55000 1839
idle2 1791343133.086028891 73194000 55000 1839
idle2 1791343133.531738653 73194000 55000 1839
idle2 1791343133.786553165 73194000 55000 1839
idle2 1791343134.040909904 73194000 55000 1839
idle2 1791343134.295069031 73434000 56000 1839
idle2 1791343134.744087079 73434000 56000 1839
idle2 1791343134.998804638 73434000 56000 1839
idle2 1791343135.252823550 73434000 56000 1839
idle2 1791343135.507553693 73194000 56000 1839
idle2 1791343135.956051289 73194000 56000 1839
idle2 1791343136.209820963 73194000 56000 1839
idle2 1791343136.464999982 73194000 56000 1839
idle2 1791343136.719466768 72967000 55000 1839
idle2 1791343137.168335836 72967000 55000 1839
idle2 1791343137.423005695 72967000 55000 1839
idle2 1791343137.678211164 72967000 55000 1839
idle2 1791343137.932787799 72967000 55000 1820
idle2 1791343138.379785680 72967000 55000 1820
idle2 1791343138.634659254 72967000 55000 1820
idle2 1791343138.888462069 72967000 55000 1820
idle2 1791343139.143733844 72967000 56000 1839
idle2 1791343139.591899846 72967000 56000 1839
idle2 1791343139.846678071 72967000 56000 1839
idle2 1791343140.101467076 72967000 56000 1839
idle2 1791343140.356293892 72474000 55000 1839
idle2 1791343140.805021784 72474000 55000 1839
idle2 1791343141.059920837 72474000 55000 1839
idle2 1791343141.313846114 72474000 55000 1839
idle2 1791343141.568359510 72728000 55000 1820
idle2 1791343142.016451294 72728000 55000 1820
idle2 1791343142.271114062 72728000 55000 1820
idle2 1791343142.525967018 72728000 55000 1820
idle2 1791343142.781082379 72715000 55000 1820
idle2 1791343143.227392515 72715000 55000 1820
idle2 1791343143.482123592 72715000 55000 1820
idle2 1791343143.737147150 72715000 55000 1820
idle2 1791343143.991929002 72488000 55000 1820
idle2 1791343144.440687133 72488000 55000 1820
idle2 1791343144.695846297 72488000 55000 1820
idle2 1791343144.950929617 72488000 55000 1820
idle2 1791343145.205012112 72728000 54000 1820
idle2 1791343145.651130798 72728000 54000 1820
idle2 1791343145.906304680 72728000 54000 1820
idle2 1791343146.161262254 72728000 54000 1820
idle2 1791343146.415328888 72248000 55000 1820
idle2 1791343146.863913152 72248000 55000 1820
idle2 1791343147.118778803 72248000 55000 1820
idle2 1791343147.373366930 72248000 55000 1820
idle2 1791343147.628746910 72488000 55000 1820
idle2 1791343148.076569368 72488000 55000 1820
idle2 1791343148.331319140 72488000 55000 1820
idle2 1791343148.586190412 72488000 55000 1820
idle2 1791343148.840869231 72248000 54000 1820
idle2 1791343149.286001199 72248000 54000 1820
idle2 1791343149.541190229 72248000 54000 1820
idle2 1791343149.795948047 72248000 54000 1820
idle2 1791343150.051103805 72234000 55000 1820
idle2 1791343150.500372090 72234000 55000 1820
idle2 1791343150.755471482 72234000 55000 1820
idle2 1791343151.009411448 72234000 55000 1820
idle2 1791343151.264324509 72234000 55000 1820
idle2 1791343151.711687723 72234000 55000 1820
idle2 1791343151.966307462 72234000 55000 1820
idle2 1791343152.220593511 72234000 55000 1820
idle2 1791343152.475345738 72248000 55000 1820
idle2 1791343152.923749414 72248000 55000 1820
idle2 1791343153.179631291 72248000 55000 1820
idle2 1791343153.434625375 72248000 55000 1820
idle2 1791343153.688710426 72248000 55000 1820
idle2 1791343154.136863179 72248000 55000 1820
idle2 1791343154.391579229 72248000 55000 1820
idle2 1791343154.646890641 72248000 55000 1820
idle2 1791343154.900915108 72248000 54000 1820
idle2 1791343155.348145823 72248000 54000 1820
idle2 1791343155.602651858 72248000 54000 1820
idle2 1791343155.856713645 72248000 54000 1820
idle2 1791343156.111304470 71767000 55000 1800
idle2 1791343156.559788628 71767000 55000 1800
idle2 1791343156.814851632 71767000 55000 1800
idle2 1791343157.069761358 71767000 55000 1800
idle2 1791343157.324553272 72008000 54000 1820
idle2 1791343157.772795515 72008000 54000 1820
idle2 1791343158.027660136 72008000 54000 1820
idle2 1791343158.282549704 72008000 54000 1820
idle2 1791343158.537614222 71940000 54000 1820
idle2 1791343158.984720634 71940000 54000 1820
idle2 1791343159.239347426 71940000 54000 1820
idle2 1791343159.493132253 71940000 54000 1820
idle2 1791343159.747016236 71526000 55000 1800
load_O1 1791343160.198795937 71526000 55000 1800
load_O1 1791343160.453016345 71526000 55000 1800
load_O1 1791343160.707445255 71526000 55000 1800
load_O1 1791343160.961272791 94991000 54000 2280
load_O1 1791343161.407284441 94991000 54000 2280
load_O1 1791343161.660690795 94991000 54000 2280
load_O1 1791343161.914117776 94991000 54000 2280
load_O1 1791343162.167404194 106719000 88000 2300
load_O1 1791343162.619736767 106719000 88000 2300
load_O1 1791343162.873117993 106719000 88000 2300
load_O1 1791343163.126476046 106719000 88000 2300
load_O1 1791343163.379729371 106515000 88000 2300
load_O1 1791343163.831494516 106515000 88000 2300
load_O1 1791343164.085161651 106515000 88000 2300
load_O1 1791343164.338603882 106515000 88000 2300
load_O1 1791343164.592117688 106485000 92000 2300
load_O1 1791343165.042118387 106485000 92000 2300
load_O1 1791343165.295187265 106485000 92000 2300
load_O1 1791343165.548665835 106485000 92000 2300
load_O1 1791343165.801788013 106725000 93000 2300
load_O1 1791343166.254972805 106725000 93000 2300
load_O1 1791343166.508249885 106725000 93000 2300
load_O1 1791343166.761405476 106725000 93000 2300
load_O1 1791343167.014787635 106725000 88000 2300
load_O1 1791343167.467364291 106725000 88000 2300
load_O1 1791343167.720868219 106725000 88000 2300
load_O1 1791343167.974204631 106725000 88000 2300
load_O1 1791343168.227100503 106743000 92000 2300
load_O1 1791343168.677954552 106743000 92000 2300
load_O1 1791343168.931431410 106743000 92000 2300
load_O1 1791343169.185061215 106743000 92000 2300
load_O1 1791343169.438414860 106995000 91000 2300
load_O1 1791343169.891648375 106995000 91000 2300
load_O1 1791343170.145121125 106995000 91000 2300
load_O1 1791343170.398395080 106995000 91000 2300
load_O1 1791343170.651649047 106728000 93000 2300
load_O1 1791343171.102707092 106728000 93000 2300
load_O1 1791343171.356295209 106728000 93000 2300
load_O1 1791343171.609728836 106728000 93000 2300
load_O1 1791343171.862932619 107214000 93000 2300
load_O1 1791343172.314630069 107214000 93000 2300
load_O1 1791343172.567817381 107214000 93000 2300
load_O1 1791343172.820859059 107214000 93000 2300
load_O1 1791343173.074239305 106944000 97000 2320
load_O1 1791343173.526484988 106944000 97000 2320
load_O1 1791343173.780264207 106944000 97000 2320
load_O1 1791343174.033885567 106944000 97000 2320
load_O1 1791343174.287001776 107013000 91000 2320
load_O1 1791343174.739433220 107013000 91000 2320
load_O1 1791343174.992578954 107013000 91000 2320
load_O1 1791343175.246244208 107013000 91000 2320
load_O1 1791343175.498966725 107204000 87000 2320
load_O1 1791343175.950880242 107204000 87000 2320
load_O1 1791343176.204249988 107204000 87000 2320
load_O1 1791343176.457440387 107204000 87000 2320
load_O1 1791343176.710628461 106944000 92000 2320
load_O1 1791343177.163801043 106944000 92000 2320
load_O1 1791343177.417089557 106944000 92000 2320
load_O1 1791343177.670655584 106944000 92000 2320
load_O1 1791343177.923914392 107424000 91000 2320
load_O1 1791343178.373830997 107424000 91000 2320
load_O1 1791343178.627179154 107424000 91000 2320
load_O1 1791343178.880650012 107424000 91000 2320
load_O1 1791343179.133684828 106942000 90000 2300
load_O1 1791343179.586418173 106942000 90000 2300
load_O1 1791343179.839763213 106942000 90000 2300
load_O1 1791343180.092939977 106942000 90000 2300
load_O1 1791343180.345974633 107443000 92000 2100
load_O1 1791343180.798704281 107443000 92000 2100
load_O1 1791343181.052299033 107443000 92000 2100
load_O1 1791343181.305801661 107443000 92000 2100
load_O1 1791343181.559204211 105053000 95000 2300
load_O1 1791343182.010951578 105053000 95000 2300
load_O1 1791343182.264559625 105053000 95000 2300
load_O1 1791343182.518299731 105053000 95000 2300
load_O1 1791343182.771632199 107663000 92000 2320
load_O1 1791343183.222362640 107663000 92000 2320
load_O1 1791343183.475538272 107663000 92000 2320
load_O1 1791343183.728659031 107663000 92000 2320
load_O1 1791343183.982249465 107934000 94000 2179
load_O1 1791343184.435085444 107934000 94000 2179
load_O1 1791343184.688746742 107934000 94000 2179
load_O1 1791343184.942142990 107934000 94000 2179
load_O1 1791343185.195604031 104844000 90000 2320
load_O1 1791343185.647451067 104844000 90000 2320
load_O1 1791343185.900762306 104844000 90000 2320
load_O1 1791343186.154283249 104844000 90000 2320
load_O1 1791343186.407276318 107745000 94000 2320
load_O1 1791343186.858544193 107745000 94000 2320
load_O1 1791343187.111930493 107745000 94000 2320
load_O1 1791343187.365329036 107745000 94000 2320
load_O1 1791343187.618606581 107955000 89000 2320
load_O1 1791343188.070476651 107955000 89000 2320
load_O1 1791343188.323707618 107955000 89000 2320
load_O1 1791343188.577090993 107955000 89000 2320
load_O1 1791343188.830666630 106280000 91000 2320
load_O1 1791343189.282067787 106280000 91000 2320
load_O1 1791343189.535058091 106280000 91000 2320
load_O1 1791343189.788370372 106280000 91000 2320
load_O1 1791343190.041089686 107904000 91000 2320
load_O1 1791343190.494003344 107904000 91000 2320
load_O1 1791343190.747214534 107904000 91000 2320
load_O1 1791343191.000293576 107904000 91000 2320
load_O1 1791343191.253483196 107955000 92000 2320
load_O1 1791343191.706686170 107955000 92000 2320
load_O1 1791343191.960177498 107955000 92000 2320
load_O1 1791343192.213620125 107955000 92000 2320
load_O1 1791343192.467033277 104607000 86000 2320
load_O1 1791343192.918452399 104607000 86000 2320
load_O1 1791343193.171789397 104607000 86000 2320
load_O1 1791343193.425125714 104607000 86000 2320
load_O1 1791343193.678149602 107934000 89000 2320
load_O1 1791343194.131486689 107934000 89000 2320
load_O1 1791343194.385007394 107934000 89000 2320
load_O1 1791343194.638399656 107934000 89000 2320
load_O1 1791343194.891609445 108164000 92000 2320
load_O1 1791343195.343005534 108164000 92000 2320
load_O1 1791343195.596366518 108164000 92000 2320
load_O1 1791343195.849905557 108164000 92000 2320
load_O1 1791343196.103290406 106489000 96000 2320
load_O1 1791343196.554039807 106489000 96000 2320
load_O1 1791343196.807120342 106489000 96000 2320
load_O1 1791343197.060545808 106489000 96000 2320
load_O1 1791343197.313161537 107925000 92000 2340
load_O1 1791343197.766747134 107925000 92000 2340
load_O1 1791343198.020181576 107925000 92000 2340
load_O1 1791343198.273303440 107925000 92000 2340
load_O1 1791343198.526457354 108413000 91000 2320
load_O1 1791343198.979416841 108413000 91000 2320
load_O1 1791343199.232760252 108413000 91000 2320
load_O1 1791343199.486225323 108413000 91000 2320
load_O1 1791343199.739619340 108405000 97000 2340
load_O1 1791343200.291125949 108405000 97000 2340
load_O1 1791343200.544510828 108405000 97000 2340
load_O1 1791343200.797891530 108405000 97000 2340
load_O1 1791343201.051286709 108471000 94000 2340
load_O1 1791343201.604064795 108471000 94000 2340
load_O1 1791343201.857503907 108471000 94000 2340
load_O1 1791343202.110802875 108471000 94000 2340
load_O1 1791343202.363971588 106490000 88000 2320
load_O1 1791343202.817169485 106490000 88000 2320
load_O1 1791343203.070624888 106490000 88000 2320
load_O1 1791343203.324366451 106490000 88000 2320
load_O1 1791343203.577410469 108432000 90000 2320
load_O1 1791343204.029031945 108432000 90000 2320
load_O1 1791343204.282427827 108432000 90000 2320
load_O1 1791343204.535616487 108432000 90000 2320
load_O1 1791343204.789010545 108413000 87000 2340
load_O1 1791343205.342157016 108413000 87000 2340
load_O1 1791343205.595693462 108413000 87000 2340
load_O1 1791343205.848956073 108413000 87000 2340
load_O1 1791343206.102317068 108383000 90000 2320
load_O1 1791343206.554744355 108383000 90000 2320
load_O1 1791343206.808146949 108383000 90000 2320
load_O1 1791343207.061705146 108383000 90000 2320
load_O1 1791343207.315113411 108739000 90000 2340
load_O1 1791343207.765286339 108739000 90000 2340
load_O1 1791343208.018573766 108739000 90000 2340
load_O1 1791343208.272007910 108739000 90000 2340
load_O1 1791343208.525181893 108644000 92000 2320
load_O1 1791343208.978876158 108644000 92000 2320
load_O1 1791343209.232402065 108644000 92000 2320
load_O1 1791343209.485606657 108644000 92000 2320
load_O1 1791343209.738743029 108239000 92000 2360
load_O1 1791343210.190741940 108239000 92000 2360
load_O1 1791343210.444175062 108239000 92000 2360
load_O1 1791343210.697764479 108239000 92000 2360
load_O1 1791343210.951099987 108711000 95000 2340
load_O1 1791343211.401207693 108711000 95000 2340
load_O1 1791343211.654590250 108711000 95000 2340
load_O1 1791343211.908039162 108711000 95000 2340
load_O1 1791343212.161537849 108912000 91000 2340
load_O1 1791343212.613524867 108912000 91000 2340
load_O1 1791343212.866925769 108912000 91000 2340
load_O1 1791343213.120299079 108912000 91000 2340
load_O1 1791343213.373796443 108982000 90000 2340
load_O1 1791343213.825167230 108982000 90000 2340
load_O1 1791343214.078643664 108982000 90000 2340
load_O1 1791343214.332175904 108982000 90000 2340
load_O1 1791343214.585606001 108960000 90000 2320
load_O1 1791343215.037786896 108960000 90000 2320
load_O1 1791343215.291297746 108960000 90000 2320
load_O1 1791343215.544756687 108960000 90000 2320
load_O1 1791343215.798254442 99524000 88000 2340
load_O1 1791343216.250118400 99524000 88000 2340
load_O1 1791343216.503273740 99524000 88000 2340
load_O1 1791343216.756369657 99524000 88000 2340
load_O1 1791343217.009399651 108960000 91000 2340
load_O1 1791343217.462378330 108960000 91000 2340
load_O1 1791343217.715892066 108960000 91000 2340
load_O1 1791343217.969113199 108960000 91000 2340
load_O1 1791343218.222312172 108863000 90000 2340
load_O1 1791343218.674168005 108863000 90000 2340
load_O1 1791343218.927513874 108863000 90000 2340
load_O1 1791343219.180882176 108863000 90000 2340
load_O1 1791343219.434214129 108960000 91000 2340
load_O1 1791343219.886182364 108960000 91000 2340
load_O1 1791343220.139646917 108960000 91000 2340
load_O1 1791343220.392840429 108960000 91000 2340
load_O1 1791343220.646359055 109192000 87000 2340
load_O1 1791343221.098500697 109192000 87000 2340
load_O1 1791343221.352022448 109192000 87000 2340
load_O1 1791343221.605322672 109192000 87000 2340
load_O1 1791343221.858522366 108979000 93000 2340
load_O1 1791343222.310504578 108979000 93000 2340
load_O1 1791343222.564051527 108979000 93000 2340
load_O1 1791343222.817418527 108979000 93000 2340
load_O1 1791343223.070736925 109222000 90000 2340
load_O1 1791343223.522118265 109222000 90000 2340
load_O1 1791343223.775080151 109222000 90000 2340
load_O1 1791343224.028596142 109222000 90000 2340
load_O1 1791343224.282061638 108974000 91000 2340
load_O1 1791343224.734750573 108974000 91000 2340
load_O1 1791343224.988237709 108974000 91000 2340
load_O1 1791343225.241592056 108974000 91000 2340
load_O1 1791343225.494931043 109220000 91000 2340
load_O1 1791343225.946195724 109220000 91000 2340
load_O1 1791343226.199753574 109220000 91000 2340
load_O1 1791343226.453270947 109220000 91000 2340
load_O1 1791343226.706833637 109441000 98000 2340
load_O1 1791343227.158074062 109441000 98000 2340
load_O1 1791343227.411593801 109441000 98000 2340
load_O1 1791343227.664966923 109441000 98000 2340
load_O1 1791343227.918594655 109641000 90000 2340
load_O1 1791343228.370981281 109641000 90000 2340
load_O1 1791343228.624174263 109641000 90000 2340
load_O1 1791343228.877285873 109641000 90000 2340
load_O1 1791343229.130730149 109431000 92000 2379
load_O1 1791343229.581578547 109431000 92000 2379
load_O1 1791343229.835262305 109431000 92000 2379
load_O1 1791343230.088695129 109431000 92000 2379
load_O1 1791343230.341806148 109664000 92000 2360
load_O1 1791343230.793613333 109664000 92000 2360
load_O1 1791343231.046609495 109664000 92000 2360
load_O1 1791343231.300138401 109664000 92000 2360
load_O1 1791343231.553667879 109431000 95000 2340
load_O1 1791343232.006069003 109431000 95000 2340
load_O1 1791343232.259089772 109431000 95000 2340
load_O1 1791343232.512344832 109431000 95000 2340
load_O1 1791343232.765899548 104862000 91000 2340
load_O1 1791343233.219289857 104862000 91000 2340
load_O1 1791343233.472724496 104862000 91000 2340
load_O1 1791343233.725944130 104862000 91000 2340
load_O1 1791343233.979435415 109680000 96000 2360
load_O1 1791343234.430712843 109680000 96000 2360
load_O1 1791343234.683866132 109680000 96000 2360
load_O1 1791343234.937053625 109680000 96000 2360
load_O1 1791343235.190751801 109680000 92000 2360
load_O1 1791343235.642410487 109680000 92000 2360
load_O1 1791343235.895647765 109680000 92000 2360
load_O1 1791343236.149303731 109680000 92000 2360
load_O1 1791343236.402943688 109424000 97000 2340
load_O1 1791343236.853470321 109424000 97000 2340
load_O1 1791343237.106821463 109424000 97000 2340
load_O1 1791343237.360147668 109424000 97000 2340
load_O1 1791343237.613521593 109702000 90000 2320
load_O1 1791343238.065976952 109702000 90000 2320
load_O1 1791343238.319465583 109702000 90000 2320
load_O1 1791343238.572705226 109702000 90000 2320
load_O1 1791343238.826099580 109903000 93000 2360
load_O1 1791343239.278193868 109903000 93000 2360
load_O1 1791343239.531605224 109903000 93000 2360
load_O1 1791343239.784848904 109903000 93000 2360
load_O1 1791343240.038306548 108709000 92000 2360
load_O1 1791343240.491203339 108709000 92000 2360
load_O1 1791343240.744598635 108709000 92000 2360
load_O1 1791343240.998029818 108709000 92000 2360
load_O1 1791343241.251549349 109463000 93000 2360
load_O1 1791343241.702479073 109463000 93000 2360
load_O1 1791343241.955874489 109463000 93000 2360
load_O1 1791343242.209429096 109463000 93000 2360
load_O1 1791343242.463289849 109695000 93000 2340
load_O1 1791343242.913792008 109695000 93000 2340
load_O1 1791343243.167456071 109695000 93000 2340
load_O1 1791343243.420701585 109695000 93000 2340
load_O1 1791343243.674092834 105134000 95000 2360
load_O1 1791343244.127208970 105134000 95000 2360
load_O1 1791343244.380579660 105134000 95000 2360
load_O1 1791343244.634055438 105134000 95000 2360
load_O1 1791343244.887238114 109673000 94000 2360
load_O1 1791343245.337586734 109673000 94000 2360
load_O1 1791343245.590827589 109673000 94000 2360
load_O1 1791343245.844406382 109673000 94000 2360
load_O1 1791343246.098069674 102940000 95000 2360
load_O1 1791343246.551041930 102940000 95000 2360
load_O1 1791343246.804401148 102940000 95000 2360
load_O1 1791343247.057697629 102940000 95000 2360
load_O1 1791343247.311233591 110129000 98000 2360
load_O1 1791343247.763217063 110129000 98000 2360
load_O1 1791343248.016618041 110129000 98000 2360
load_O1 1791343248.270146780 110129000 98000 2360
load_O1 1791343248.523549691 109903000 92000 2360
load_O1 1791343248.975334179 109903000 92000 2360
load_O1 1791343249.228696574 109903000 92000 2360
load_O1 1791343249.482206648 109903000 92000 2360
load_O1 1791343249.735671957 109888000 88000 2360
load_O1 1791343250.185538239 109888000 88000 2360
load_O1 1791343250.438862764 109888000 88000 2360
load_O1 1791343250.692375412 109888000 88000 2360
load_O1 1791343250.945244618 109670000 90000 2360
load_O1 1791343251.399233752 109670000 90000 2360
load_O1 1791343251.652651832 109670000 90000 2360
load_O1 1791343251.905779836 109670000 90000 2360
load_O1 1791343252.159208076 109913000 100000 2360
load_O1 1791343252.609842517 109913000 100000 2360
load_O1 1791343252.863086589 109913000 100000 2360
load_O1 1791343253.116315434 109913000 100000 2360
load_O1 1791343253.369962977 109891000 94000 2360
load_O1 1791343253.822762940 109891000 94000 2360
load_O1 1791343254.076086473 109891000 94000 2360
load_O1 1791343254.329288046 109891000 94000 2360
load_O1 1791343254.582493756 110440000 58000 2360
load_O1 1791343255.034038263 110440000 58000 2360
load_O1 1791343255.287625323 110440000 58000 2360
load_O1 1791343255.540972771 110440000 58000 2360
load_O1 1791343255.794258543 110129000 94000 2360
load_O1 1791343256.246157047 110129000 94000 2360
load_O1 1791343256.499722376 110129000 94000 2360
load_O1 1791343256.753052121 110129000 94000 2360
load_O1 1791343257.006552698 110148000 95000 2360
load_O1 1791343257.459012711 110148000 95000 2360
load_O1 1791343257.712304865 110148000 95000 2360
load_O1 1791343257.965687650 110148000 95000 2360
load_O1 1791343258.219180653 110382000 101000 2360
load_O1 1791343258.669864699 110382000 101000 2360
load_O1 1791343258.923289624 110382000 101000 2360
load_O1 1791343259.176747771 110382000 101000 2360
load_O1 1791343259.430586646 109888000 95000 2360
load_O1 1791343259.881744515 109888000 95000 2360
load_O1 1791343260.135392911 109888000 95000 2360
load_O1 1791343260.388550232 109888000 95000 2360
load_O1 1791343260.641764189 110391000 90000 2360
load_O1 1791343261.093781960 110391000 90000 2360
load_O1 1791343261.347027546 110391000 90000 2360
load_O1 1791343261.600500933 110391000 90000 2360
load_O1 1791343261.854064800 109910000 97000 2360
load_O1 1791343262.306187629 109910000 97000 2360
load_O1 1791343262.559783396 109910000 97000 2360
load_O1 1791343262.813188604 109910000 97000 2360
load_O1 1791343263.066577962 110122000 96000 2379
load_O1 1791343263.519117066 110122000 96000 2379
load_O1 1791343263.772532323 110122000 96000 2379
load_O1 1791343264.026184036 110122000 96000 2379
load_O1 1791343264.279705594 110640000 93000 2360
load_O1 1791343264.730183002 110640000 93000 2360
load_O1 1791343264.983304285 110640000 93000 2360
load_O1 1791343265.236605307 110640000 93000 2360
load_O1 1791343265.490205273 110400000 93000 2379
load_O1 1791343265.942907785 110400000 93000 2379
load_O1 1791343266.196542857 110400000 93000 2379
load_O1 1791343266.450086607 110400000 93000 2379
load_O1 1791343266.703494290 110389000 99000 2360
load_O1 1791343267.154401930 110389000 99000 2360
load_O1 1791343267.407679218 110389000 99000 2360
load_O1 1791343267.661127868 110389000 99000 2360
load_O1 1791343267.914383926 110370000 93000 2379
load_O1 1791343268.366394615 110370000 93000 2379
load_O1 1791343268.619562386 110370000 93000 2379
load_O1 1791343268.873029192 110370000 93000 2379
load_O1 1791343269.126488563 110630000 96000 2360
load_O1 1791343269.579218658 110630000 96000 2360
load_O1 1791343269.832573152 110630000 96000 2360
load_O1 1791343270.086048523 110630000 96000 2360
load_O1 1791343270.339275306 109910000 92000 2360
load_O1 1791343270.790533448 109910000 92000 2360
load_O1 1791343271.043893702 109910000 92000 2360
load_O1 1791343271.297343345 109910000 92000 2360
load_O1 1791343271.550618019 110129000 90000 2340
load_O1 1791343272.003433115 110129000 90000 2340
load_O1 1791343272.256715663 110129000 90000 2340
load_O1 1791343272.509917149 110129000 90000 2340
load_O1 1791343272.763157458 104602000 96000 2379
load_O1 1791343273.214276137 104602000 96000 2379
load_O1 1791343273.467131490 104602000 96000 2379
load_O1 1791343273.720244960 104602000 96000 2379
load_O1 1791343273.973528650 110634000 91000 2379
load_O1 1791343274.426665634 110634000 91000 2379
load_O1 1791343274.680159301 110634000 91000 2379
load_O1 1791343274.933134931 110634000 91000 2379
load_O1 1791343275.186465881 110370000 91000 2379
load_O1 1791343275.638544891 110370000 91000 2379
load_O1 1791343275.891756005 110370000 91000 2379
load_O1 1791343276.145528477 110370000 91000 2379
load_O1 1791343276.399108658 110609000 95000 2379
load_O1 1791343276.850076042 110609000 95000 2379
load_O1 1791343277.103487394 110609000 95000 2379
load_O1 1791343277.356974028 110609000 95000 2379
load_O1 1791343277.610262999 110609000 73000 2379
load_O1 1791343278.061821278 110609000 73000 2379
load_O1 1791343278.315010842 110609000 73000 2379
load_O1 1791343278.568416213 110609000 73000 2379
load_O1 1791343278.821626746 110610000 95000 2379
load_O1 1791343279.275660902 110610000 95000 2379
load_O1 1791343279.529051105 110610000 95000 2379
load_O1 1791343279.782301143 110610000 95000 2379
load_O1 1791343280.035394426 110422000 87000 2379
load_O1 1791343280.486645516 110422000 87000 2379
load_O1 1791343280.740054725 110422000 87000 2379
load_O1 1791343280.993288733 110422000 87000 2379
load_O1 1791343281.246580600 110410000 99000 2360
load_O1 1791343281.699348590 110410000 99000 2360
load_O1 1791343281.952901189 110410000 99000 2360
load_O1 1791343282.206176495 110410000 99000 2360
load_O1 1791343282.459391928 110848000 94000 2379
load_O1 1791343282.911063492 110848000 94000 2379
load_O1 1791343283.164389875 110848000 94000 2379
load_O1 1791343283.417675450 110848000 94000 2379
load_O1 1791343283.671162165 110370000 97000 2360
load_O1 1791343284.123144745 110370000 97000 2360
load_O1 1791343284.376173257 110370000 97000 2360
load_O1 1791343284.629730114 110370000 97000 2360
load_O1 1791343284.883234462 110150000 89000 2379
load_O1 1791343285.333841059 110150000 89000 2379
load_O1 1791343285.587438573 110150000 89000 2379
load_O1 1791343285.841055214 110150000 89000 2379
load_O1 1791343286.094523744 110880000 96000 2379
load_O1 1791343286.546940293 110880000 96000 2379
load_O1 1791343286.800335696 110880000 96000 2379
load_O1 1791343287.053496938 110880000 96000 2379
load_O1 1791343287.306759221 110654000 94000 2379
load_O1 1791343287.758841861 110654000 94000 2379
load_O1 1791343288.012350688 110654000 94000 2379
load_O1 1791343288.265589857 110654000 94000 2379
load_O1 1791343288.518868330 110880000 93000 2360
load_O1 1791343288.969551502 110880000 93000 2360
load_O1 1791343289.223131824 110880000 93000 2360
load_O1 1791343289.476500237 110880000 93000 2360
load_O1 1791343289.730118531 110873000 97000 2379
load_O1 1791343290.182191774 110873000 97000 2379
load_O1 1791343290.435734004 110873000 97000 2379
load_O1 1791343290.688913080 110873000 97000 2379
load_O1 1791343290.942357566 110864000 89000 2379
load_O1 1791343291.394165840 110864000 89000 2379
load_O1 1791343291.647518904 110864000 89000 2379
load_O1 1791343291.901116109 110864000 89000 2379
load_O1 1791343292.154356310 110869000 93000 2379
load_O1 1791343292.606635772 110869000 93000 2379
load_O1 1791343292.860085278 110869000 93000 2379
load_O1 1791343293.113212927 110869000 93000 2379
load_O1 1791343293.366547838 110415000 99000 2379
load_O1 1791343293.818120588 110415000 99000 2379
load_O1 1791343294.071304714 110415000 99000 2379
load_O1 1791343294.324881330 110415000 99000 2379
load_O1 1791343294.578262898 108217000 94000 2379
load_O1 1791343295.031225509 108217000 94000 2379
load_O1 1791343295.284697888 108217000 94000 2379
load_O1 1791343295.538013162 108217000 94000 2379
load_O1 1791343295.791409137 111110000 97000 2379
load_O1 1791343296.243590636 111110000 97000 2379
load_O1 1791343296.496954441 111110000 97000 2379
load_O1 1791343296.750581572 111110000 97000 2379
load_O1 1791343297.004114546 111360000 86000 2379
load_O1 1791343297.455217863 111360000 86000 2379
load_O1 1791343297.708604421 111360000 86000 2379
load_O1 1791343297.961933200 111360000 86000 2379
load_O1 1791343298.215282027 108472000 92000 2379
load_O1 1791343298.666936523 108472000 92000 2379
load_O1 1791343298.920341115 108472000 92000 2379
load_O1 1791343299.173640399 108472000 92000 2379
load_O1 1791343299.427312305 110902000 92000 2379
load_O1 1791343299.879694102 110902000 92000 2379
load_O1 1791343300.132917703 110902000 92000 2379
load_O1 1791343300.386289694 110902000 92000 2379
load_O1 1791343300.639842276 111110000 93000 2379
load_O1 1791343301.089844127 111110000 93000 2379
load_O1 1791343301.343346965 111110000 93000 2379
load_O1 1791343301.596743232 111110000 93000 2379
load_O1 1791343301.850225872 110623000 95000 2399
load_O1 1791343302.303602895 110623000 95000 2399
load_O1 1791343302.556781402 110623000 95000 2399
load_O1 1791343302.810167139 110623000 95000 2399
load_O1 1791343303.063590808 111088000 89000 2379
load_O1 1791343303.515608800 111088000 89000 2379
load_O1 1791343303.769250570 111088000 89000 2379
load_O1 1791343304.022606201 111088000 89000 2379
load_O1 1791343304.276096004 110869000 94000 2379
load_O1 1791343304.727525788 110869000 94000 2379
load_O1 1791343304.981207363 110869000 94000 2379
load_O1 1791343305.234663083 110869000 94000 2379
load_O1 1791343305.488036137 111088000 95000 2120
load_O1 1791343305.939386701 111088000 95000 2120
load_O1 1791343306.192941838 111088000 95000 2120
load_O1 1791343306.446512585 111088000 95000 2120
load_O1 1791343306.699949329 110868000 96000 2379
load_O1 1791343307.150654557 110868000 96000 2379
load_O1 1791343307.404096161 110868000 96000 2379
load_O1 1791343307.657587648 110868000 96000 2379
load_O1 1791343307.910899116 110880000 92000 2399
load_O1 1791343308.362742620 110880000 92000 2399
load_O1 1791343308.616256169 110880000 92000 2399
load_O1 1791343308.869794686 110880000 92000 2399
load_O1 1791343309.123404065 111142000 93000 2379
load_O1 1791343309.574600009 111142000 93000 2379
load_O1 1791343309.827865291 111142000 93000 2379
idle3 1791343310.395309507 110939000 93000 2379
idle3 1791343310.788968322 110939000 93000 2379
idle3 1791343311.043942414 110939000 93000 2379
idle3 1791343311.298978504 110939000 93000 2379
idle3 1791343311.554044079 75436000 58000 1899
idle3 1791343312.000769266 75436000 58000 1899
idle3 1791343312.254563846 75436000 58000 1899
idle3 1791343312.509279992 75436000 58000 1899
idle3 1791343312.764062824 75430000 57000 1880
idle3 1791343313.212610898 75430000 57000 1880
idle3 1791343313.467414569 75430000 57000 1880
idle3 1791343313.721548898 75430000 57000 1880
idle3 1791343313.976502382 75422000 57000 1880
idle3 1791343314.423624829 75422000 57000 1880
idle3 1791343314.678204889 75422000 57000 1880
idle3 1791343314.933380681 75422000 57000 1880
idle3 1791343315.187286731 75436000 58000 1880
idle3 1791343315.635429773 75436000 58000 1880
idle3 1791343315.890792208 75436000 58000 1880
idle3 1791343316.146001605 75436000 58000 1880
idle3 1791343316.401132604 75422000 57000 1880
idle3 1791343316.849561705 75422000 57000 1880
idle3 1791343317.103354121 75422000 57000 1880
idle3 1791343317.358588664 75422000 57000 1880
idle3 1791343317.613678104 75195000 57000 1860
idle3 1791343318.061297750 75195000 57000 1860
idle3 1791343318.316092986 75195000 57000 1860
idle3 1791343318.570717190 75195000 57000 1860
idle3 1791343318.825908984 74716000 57000 1860
idle3 1791343319.272592114 74716000 57000 1860
idle3 1791343319.527609740 74716000 57000 1860
idle3 1791343319.782008268 74716000 57000 1860
idle3 1791343320.036808333 74462000 57000 1860
idle3 1791343320.483784115 74462000 57000 1860
idle3 1791343320.738695350 74462000 57000 1860
idle3 1791343320.992999000 74462000 57000 1860
idle3 1791343321.247716390 74716000 57000 1860
idle3 1791343321.695394927 74716000 57000 1860
idle3 1791343321.950243845 74716000 57000 1860
idle3 1791343322.205428395 74716000 57000 1860
idle3 1791343322.459991154 74235000 56000 1860
idle3 1791343322.908343372 74235000 56000 1860
idle3 1791343323.162867668 74235000 56000 1860
idle3 1791343323.417664077 74235000 56000 1860
idle3 1791343323.672345319 74410000 57000 1860
idle3 1791343324.120662089 74410000 57000 1860
idle3 1791343324.375432079 74410000 57000 1860
idle3 1791343324.630258775 74410000 57000 1860
idle3 1791343324.884889983 74462000 56000 1860
idle3 1791343325.333105052 74462000 56000 1860
idle3 1791343325.587935916 74462000 56000 1860
idle3 1791343325.841874519 74462000 56000 1860
idle3 1791343326.096462886 74221000 56000 1860
idle3 1791343326.544874205 74221000 56000 1860
idle3 1791343326.799836287 74221000 56000 1860
idle3 1791343327.054935958 74221000 56000 1860
idle3 1791343327.310238582 74410000 56000 1860
idle3 1791343327.756224090 74410000 56000 1860
idle3 1791343328.011325404 74410000 56000 1860
idle3 1791343328.266436688 74410000 56000 1860
idle3 1791343328.521041767 73930000 57000 1839
idle3 1791343328.968733642 73930000 57000 1839
idle3 1791343329.223823736 73930000 57000 1839
idle3 1791343329.478656234 73930000 57000 1839
idle3 1791343329.733496066 73930000 56000 1839
idle3 1791343330.180630250 73930000 56000 1839
idle3 1791343330.434591335 73930000 56000 1839
idle3 1791343330.688743190 73930000 56000 1839
idle3 1791343330.943356676 73929000 56000 1839
idle3 1791343331.392235728 73929000 56000 1839
idle3 1791343331.647335200 73929000 56000 1839
idle3 1791343331.902191703 73929000 56000 1839
idle3 1791343332.157353081 73929000 55000 1839
idle3 1791343332.604576714 73929000 55000 1839
idle3 1791343332.859453496 73929000 55000 1839
idle3 1791343333.114094302 73929000 55000 1839
idle3 1791343333.369018043 73682000 56000 1860
idle3 1791343333.815667193 73682000 56000 1860
idle3 1791343334.070862936 73682000 56000 1860
idle3 1791343334.325834106 73682000 56000 1860
idle3 1791343334.580645505 73675000 56000 1839
idle3 1791343335.028952450 73675000 56000 1839
idle3 1791343335.284262358 73675000 56000 1839
idle3 1791343335.539263575 73675000 56000 1839
idle3 1791343335.794286112 73448000 56000 1839
idle3 1791343336.240965209 73448000 56000 1839
idle3 1791343336.495773972 73448000 56000 1839
idle3 1791343336.750816277 73448000 56000 1839
idle3 1791343337.005465651 73207000 56000 1839
idle3 1791343337.451499432 73207000 56000 1839
idle3 1791343337.706543410 73207000 56000 1839
idle3 1791343337.961730137 73207000 56000 1839
idle3 1791343338.216731776 73194000 56000 1839
idle3 1791343338.664471762 73194000 56000 1839
idle3 1791343338.919453412 73194000 56000 1839
idle3 1791343339.174128405 73194000 56000 1839
idle3 1791343339.429047748 73207000 55000 1839
idle3 1791343339.875417593 73207000 55000 1839
idle3 1791343340.129537009 73207000 55000 1839
idle3 1791343340.384117463 73207000 55000 1839
idle3 1791343340.637867402 73194000 55000 1839
idle3 1791343341.089140810 73194000 55000 1839
idle3 1791343341.344040125 73194000 55000 1839
idle3 1791343341.599131192 73194000 55000 1839
idle3 1791343341.853988730 73209000 55000 1839
idle3 1791343342.300637020 73209000 55000 1839
idle3 1791343342.555270815 73209000 55000 1839
idle3 1791343342.810892071 73209000 55000 1839
idle3 1791343343.065419917 73207000 55000 1820
idle3 1791343343.511553988 73207000 55000 1820
idle3 1791343343.766697243 73207000 55000 1820
idle3 1791343344.020650596 73207000 55000 1820
idle3 1791343344.275928034 72715000 55000 1820
idle3 1791343344.723747012 72715000 55000 1820
idle3 1791343344.978817470 72715000 55000 1820
idle3 1791343345.233531318 72715000 55000 1820
idle3 1791343345.488973858 72721000 55000 1820
idle3 1791343345.936181012 72721000 55000 1820
idle3 1791343346.191088504 72721000 55000 1820
idle3 1791343346.446124868 72721000 55000 1820
idle3 1791343346.700168642 72954000 55000 1839
idle3 1791343347.147956812 72954000 55000 1839
idle3 1791343347.402589546 72954000 55000 1839
idle3 1791343347.658035923 72954000 55000 1839
idle3 1791343347.913158701 72728000 55000 1820
idle3 1791343348.360814351 72728000 55000 1820
idle3 1791343348.615668442 72728000 55000 1820
idle3 1791343348.870357022 72728000 55000 1820
idle3 1791343349.125229858 72721000 55000 1820
idle3 1791343349.573371475 72721000 55000 1820
idle3 1791343349.827944967 72721000 55000 1820
idle3 1791343350.083068096 72721000 55000 1820
idle3 1791343350.337824233 72715000 55000 1820
idle3 1791343350.783421483 72715000 55000 1820
idle3 1791343351.038164255 72715000 55000 1820
idle3 1791343351.293282165 72715000 55000 1820
idle3 1791343351.548041127 72967000 55000 1820
idle3 1791343351.996423909 72967000 55000 1820
idle3 1791343352.251109394 72967000 55000 1820
idle3 1791343352.505771955 72967000 55000 1820
idle3 1791343352.760808130 72488000 55000 1820
idle3 1791343353.209662792 72488000 55000 1820
idle3 1791343353.464395976 72488000 55000 1820
idle3 1791343353.718838783 72488000 55000 1820
idle3 1791343353.973611793 72248000 55000 1820
idle3 1791343354.420938695 72248000 55000 1820
idle3 1791343354.675783479 72248000 55000 1820
idle3 1791343354.931432068 72248000 55000 1820
idle3 1791343355.186353597 72248000 55000 1820
idle3 1791343355.632029427 72248000 55000 1820
idle3 1791343355.886825169 72248000 55000 1820
idle3 1791343356.140925130 72248000 55000 1820
idle3 1791343356.395642004 72008000 55000 1820
idle3 1791343356.843848164 72008000 55000 1820
idle3 1791343357.098763612 72008000 55000 1820
idle3 1791343357.352654879 72008000 55000 1820
idle3 1791343357.607017816 72248000 55000 1820
idle3 1791343358.057139446 72248000 55000 1820
idle3 1791343358.311846191 72248000 55000 1820
idle3 1791343358.566948912 72248000 55000 1820
idle3 1791343358.821934974 72248000 54000 1820
idle3 1791343359.266901958 72248000 54000 1820
idle3 1791343359.521535224 72248000 54000 1820
idle3 1791343359.776666409 72248000 54000 1820
idle3 1791343360.031559465 72248000 54000 1820
idle3 1791343360.482084897 72248000 54000 1820
idle3 1791343360.737376675 72248000 54000 1820
idle3 1791343360.991373673 72248000 54000 1820
idle3 1791343361.245926879 72234000 54000 1820
idle3 1791343361.692398791 72234000 54000 1820
idle3 1791343361.947213780 72234000 54000 1820
idle3 1791343362.202331620 72234000 54000 1820
idle3 1791343362.456417695 72248000 55000 1820
idle3 1791343362.903792600 72248000 55000 1820
idle3 1791343363.158603983 72248000 55000 1820
idle3 1791343363.413997813 72248000 55000 1820
idle3 1791343363.667972258 72248000 54000 1820
idle3 1791343364.115672565 72248000 54000 1820
idle3 1791343364.370555252 72248000 54000 1820
idle3 1791343364.625432399 72248000 54000 1820
idle3 1791343364.881059348 71526000 54000 1800
idle3 1791343365.328254725 71526000 54000 1800
idle3 1791343365.583153613 71526000 54000 1800
idle3 1791343365.838482182 71526000 54000 1800
idle3 1791343366.093405906 71746000 54000 1820
idle3 1791343366.540090611 71746000 54000 1820
idle3 1791343366.794451205 71746000 54000 1820
idle3 1791343367.049320617 71746000 54000 1820
idle3 1791343367.304440722 71513000 54000 1800
idle3 1791343367.853827469 71513000 54000 1800
idle3 1791343368.108801379 71513000 54000 1800
idle3 1791343368.363813310 71513000 54000 1800
idle3 1791343368.617779359 71753000 54000 1800
idle3 1791343369.166668460 71753000 54000 1800
idle3 1791343369.420449451 71753000 54000 1800
idle3 1791343369.675044237 71753000 54000 1800
idle3 1791343369.929800987 71526000 54000 1820
